"id","printed","normalized","host","pdfPageStart","pdfPageEnd","printedPage","chapter","nearbyProject","contextClassification","nearbyText","sourceLineIndex"
"URL-OCC-0001","mitpress.mit.edu","mitpress.mit.edu","","5","5","","Front matter or interstitial","MIT Press","web resource","MIT Press books may be purchased at special quantity discounts for business or sales promotional use. For information, please e-mail special_sales@ mitpress.mit.edu or write to Special Sales Department, The MIT Press, 55 Hayward Street, Cambridge, MA 02142. This book was set in Sabon by SNP Best-set Typesetter Ltd., Hong Kong and","7"
"URL-OCC-0002","http://www.law.duke.edu/journals/lcp/","http://www.law.duke.edu/journals/lcp/","","14","14","xiii","Preface","Duke University School of Law / Law and Contemporary Problems","article / report / publication","Notes 1. See James Boyle, ed., The Public Domain (Durham, NC: School of Law, Duke University, 2003) (Law and Contemporary Problems 66(1–2)); http:// www.law.duke.edu/journals/lcp/. 2. http://dlc.dlib.indiana.edu. Preface","17"
"URL-OCC-0003","http://dlc.dlib.indiana.edu","http://dlc.dlib.indiana.edu","","14","14","xiii","Preface","Digital Library of the Commons","article / report / publication","Duke University, 2003) (Law and Contemporary Problems 66(1–2)); http:// www.law.duke.edu/journals/lcp/. 2. http://dlc.dlib.indiana.edu. Preface xiii","19"
"URL-OCC-0004","http://wizards-of-os.org/index.php?id=1551","http://wizards-of-os.org/index.php?id=1551","","29","29","14","1 - Introduction: An Overview of the Knowledge Commons","wizards-of-os.org","conference / workshop / event","power, and the potential to reconceptualize our knowledge environment and to unite those fighting for its freedom. (Program abstract for “The Future of the Digital Commons,” at the 2004 WOS3 Conference, http://wizards-of-os .org/index.php?id=1551) This use of the word commons is not infrequent. It can be constructive and often provides the impetus to collective action around the commons.","11"
"URL-OCC-0005","http://www.iascp.org","http://www.iascp.org","","36","36","21","1 - Introduction: An Overview of the Knowledge Commons","International Association for the Study of Common Property","project / organization homepage","3. See Wagner 2005, 176, referring to Vincent Ostrom's concept of self- governance. 4. See http://www.iascp.org. This association changed its name to the Interna- tional Association for the Study of the Commons in June 2006. 5. For a history of modern commons research, see Hess 2000, 2003.","36"
"URL-OCC-0006","http://dlc.dlib.indiana.edu/cpr/index.php","http://dlc.dlib.indiana.edu/cpr/index.php","","37","37","22","1 - Introduction: An Overview of the Knowledge Commons","Digital Library of the Commons","project / organization homepage","8. Feeny et al. 1990; Andelson 1991; Hanna, Folke, and Mäler 1996; Bromley et al. 1992. See also The Comprehensive Bibliography of the Commons at http://dlc.dlib.indiana.edu/cpr/index.php. 9. The original concept was developed by Frank Michelman in “Ethics, Eco- nomics, and the Law of Property” (1982).","7"
"URL-OCC-0007","http://www.aallnet.org/products/2004-17.pdf","http://www.aallnet.org/products/2004-17.pdf","","37","37","22","1 - Introduction: An Overview of the Knowledge Commons","www.aallnet.org","article / report / publication","Patents.” Science 305(5687):1110–1111. Bollier, David. 2004. “Why We Must Talk about the Information Commons.” Law Library Journal 96(2):267–282. http://www.aallnet.org/products/2004 -17.pdf. 22 Charlotte Hess and Elinor Ostrom","38"
"URL-OCC-0008","http://www.law.duke.edu/journals/66LCPBoyle","http://www.law.duke.edu/journals/66LCPBoyle","","38","38","23","1 - Introduction: An Overview of the Knowledge Commons","Duke University School of Law / Law and Contemporary Problems","initiative / declaration / policy","Boyle, James. 2003. “The Second Enclosure Movement and the Construction of the Public Domain.” Law and Contemporary Problems 66(1–2):33–74. http://www.law.duke.edu/journals/66LCPBoyle. Braman, Sandra. 1989. “Defining Information: An Approach for Policymakers.” In D. M. Lamberton, ed., The Economics of Communication and Information.","3"
"URL-OCC-0009","http://www-econ.stanford.edu/faculty/workp/swp00016.pdf","http://www-econ.stanford.edu/faculty/workp/swp00016.pdf","","38","38","23","1 - Introduction: An Overview of the Knowledge Commons","www-econ.stanford.edu","article / report / publication","David, Paul A. 2000. The Digital Technology Boomerang: New Intellectual Property Rights Threaten Global “Open Science.” Stanford, CA: Department of Economics, Stanford University. http://www-econ.stanford.edu/faculty/workp/ swp00016.pdf. Dietz, Thomas, Elinor Ostrom, and Paul C. Stern. 2003. “The Struggle to Govern the Commons.” Science 302(5652):1907–1912. http://www.sciencemag.org/cgi/","32"
"URL-OCC-0010","http://www.sciencemag.org/cgi/reprint/302/5652/1907.pdf","http://www.sciencemag.org/cgi/reprint/302/5652/1907.pdf","","38","38","23","1 - Introduction: An Overview of the Knowledge Commons","Science","repository / archive / digital library","swp00016.pdf. Dietz, Thomas, Elinor Ostrom, and Paul C. Stern. 2003. “The Struggle to Govern the Commons.” Science 302(5652):1907–1912. http://www.sciencemag.org/cgi/ reprint/302/5652/1907.pdf. Feeny, David, Fikret Berkes, Bonnie J. McCay, and James M. Acheson. 1990. “The Tragedy of the Commons: Twenty-Two Years Later.” Human Ecology","35"
"URL-OCC-0011","http://dlc.dlib.indiana.edu/archive/00000512/","http://dlc.dlib.indiana.edu/archive/00000512/","","39","39","24","1 - Introduction: An Overview of the Knowledge Commons","Digital Library of the Commons","repository / archive / digital library","and Survey of Studies on New Commons and the Internet.” Presented at the Eighth Conference of the International Association for the Study of Common Property, Bloomington, Indiana, May 31–June 4, 2000. http://dlc.dlib .indiana.edu/archive/00000512/. Hess, Charlotte. 2003. “Why the IASCP Mission Statement Should Be Changed.” Common Property Resource Digest 67:1–3. http://www.indiana.edu/~iascp/","18"
"URL-OCC-0012","http://www.indiana.edu/~iascp/E-CPR/cpr67.pdf","http://www.indiana.edu/~iascp/E-CPR/cpr67.pdf","","39","39","24","1 - Introduction: An Overview of the Knowledge Commons","Indiana University","repository / archive / digital library",".indiana.edu/archive/00000512/. Hess, Charlotte. 2003. “Why the IASCP Mission Statement Should Be Changed.” Common Property Resource Digest 67:1–3. http://www.indiana.edu/~iascp/ E-CPR/cpr67.pdf. Hess, Charlotte, and Elinor Ostrom 2003. “Ideas, Artifacts, and Facilities: Infor- mation as a Common-Pool Resource.” Law and Contemporary Problems","21"
"URL-OCC-0013","http://www.law.duke.edu/journals/66LCPHess","http://www.law.duke.edu/journals/66LCPHess","","39","39","24","1 - Introduction: An Overview of the Knowledge Commons","Duke University School of Law / Law and Contemporary Problems","article / report / publication","Hess, Charlotte, and Elinor Ostrom 2003. “Ideas, Artifacts, and Facilities: Infor- mation as a Common-Pool Resource.” Law and Contemporary Problems 66(1–2):111–146. http://www.law.duke.edu/journals/66LCPHess. Huberman, Bernardo A., and Rajan M. Lukose. 1997. “Social Dilemmas and Internet Congestion.” Science 277(5325):535–537.","25"
"URL-OCC-0014","http://www.fepproject.org/policyreports/infocommons.contentsexsum.html","http://www.fepproject.org/policyreports/infocommons.contentsexsum.html","","39","39","24","1 - Introduction: An Overview of the Knowledge Commons","Free Expression Policy Project","initiative / declaration / policy","Kranich, Nancy. 2004. The Information Commons: A Public Policy Report. The Free Expression Policy Project, Brennan Center for Justice at NYU School of Law, New York. http://www.fepproject.org/policyreports/infocommons .contentsexsum.html. Lange, David. 2003. “Reimagining the Public Domain.” Law and Contempo- rary Problems 66(1–2):463–483.","34"
"URL-OCC-0015","http://www.lessig.org/content/articles/works/Fordham.pdf","http://www.lessig.org/content/articles/works/Fordham.pdf","","39","39","24","1 - Introduction: An Overview of the Knowledge Commons","Lawrence Lessig","article / report / publication","Lessig, Lawrence. 1999. “Code and the Commons (Draft 2).” Keynote Address presented at a conference on Media Convergence, Fordham Law School, New York, February 9, 1999. http://www.lessig.org/content/articles/works/ Fordham.pdf. Lessig, Lawrence. 2001. The Future of Ideas: The Fate of the Commons in a Connected World. New York: Random House.","40"
"URL-OCC-0016","http://www.capri.cgiar.org/pdf/capriwp33.pdf","http://www.capri.cgiar.org/pdf/capriwp33.pdf","","40","40","25","1 - Introduction: An Overview of the Knowledge Commons","CAPRi / CGIAR","initiative / declaration / policy","Methods for Studying Collective Action in Rural Development. CAPRi Working Paper, no. 33. International Food Policy Research Institute, 2033 K Street, N.W., Washington, DC 20006. http://www.capri.cgiar.org/pdf/capriwp33.pdf. Michelman, Frank. 1982. “Ethics, Economics, and the Law of Property.” Nomos 24(3):3–40.","15"
"URL-OCC-0017","Ourmedia.org","Ourmedia.org","","51","51","36","2 - The Growth of the Commons Paradigm","ourmedia.org","article / report / publication","and “grassroots journalism” websites. They include new web plat- forms for sharing photographs (Flickr), creative works of all types (Ourmedia.org), breaking news events (Publicnews.com), and favorite web bookmarks (del.icio.us). Wikipedia, an online encyclopedia open to anyone who wishes to contribute, is now one of the most popular sites","13"
"URL-OCC-0018","Publicnews.com","Publicnews.com","","51","51","36","2 - The Growth of the Commons Paradigm","publicnews.com","article / report / publication","and “grassroots journalism” websites. They include new web plat- forms for sharing photographs (Flickr), creative works of all types (Ourmedia.org), breaking news events (Publicnews.com), and favorite web bookmarks (del.icio.us). Wikipedia, an online encyclopedia open to anyone who wishes to contribute, is now one of the most popular sites","13"
"URL-OCC-0019","del.icio.us","del.icio.us","","51","51","36","2 - The Growth of the Commons Paradigm","del.icio.us","software / technical infrastructure","forms for sharing photographs (Flickr), creative works of all types (Ourmedia.org), breaking news events (Publicnews.com), and favorite web bookmarks (del.icio.us). Wikipedia, an online encyclopedia open to anyone who wishes to contribute, is now one of the most popular sites on the web, with 5.3 million unique visitors a month. It has amassed","14"
"URL-OCC-0020","YouTube.com","YouTube.com","","52","52","37","2 - The Growth of the Commons Paradigm","youtube.com","license / intellectual-property resource","a license. The Creative Commons licenses facilitate the easier sharing and distribution of works that might otherwise be impossible. The licenses— and a number of ambitious online hosting services such as YouTube.com, a site for the sharing of “grassroots media”—are greatly reinvigorating the flow of information and creativity.","31"
"URL-OCC-0021","http://www.benkler.org/CoasesPenguin.html","http://www.benkler.org/CoasesPenguin.html","","54","54","39","2 - The Growth of the Commons Paradigm","Yochai Benkler","article / report / publication","Harvard University Press, 2003). 14. See, for instance, Yochai Benkler, “Coase's Penguin, or Linux and the Nature of the Firm,” Yale Law Journal 112(2002):369–446, available at http://www .benkler.org/CoasesPenguin.html; and “Sharing Nicely: On Shareable Goods and the Emerging of Sharing as a Modality of Economic Production, Yale Law Journal 114(2004):273–358, available at http://benkler.org/SharingNicely.html.","33"
"URL-OCC-0022","http://benkler.org/SharingNicely.html","http://benkler.org/SharingNicely.html","","54","54","39","2 - The Growth of the Commons Paradigm","Yochai Benkler","article / report / publication",".benkler.org/CoasesPenguin.html; and “Sharing Nicely: On Shareable Goods and the Emerging of Sharing as a Modality of Economic Production, Yale Law Journal 114(2004):273–358, available at http://benkler.org/SharingNicely.html. 15. Metatagging and social software were major themes at Esther Dyson's PC Forum in 2005, and a topic of intense discussion on blogs run by social net-","36"
"URL-OCC-0023","www.smartmobs.com","www.smartmobs.com","","54","54","39","2 - The Growth of the Commons Paradigm","Smart Mobs / Howard Rheingold","article / report / publication","15. Metatagging and social software were major themes at Esther Dyson's PC Forum in 2005, and a topic of intense discussion on blogs run by social net- working experts such as Howard Rheingold (www.smartmobs.com), Clay Shirky (www.shirky.com), and Corante's Many 2 Many (http://www.corante.com/ many).","39"
"URL-OCC-0024","www.shirky.com","www.shirky.com","","54","54","39","2 - The Growth of the Commons Paradigm","Clay Shirky","article / report / publication","Forum in 2005, and a topic of intense discussion on blogs run by social net- working experts such as Howard Rheingold (www.smartmobs.com), Clay Shirky (www.shirky.com), and Corante's Many 2 Many (http://www.corante.com/ many). Growth of the Commons Paradigm","40"
"URL-OCC-0025","http://www.corante.com/many","http://www.corante.com/many","","54","54","39","2 - The Growth of the Commons Paradigm","Corante / Many2Many","article / report / publication","Forum in 2005, and a topic of intense discussion on blogs run by social net- working experts such as Howard Rheingold (www.smartmobs.com), Clay Shirky (www.shirky.com), and Corante's Many 2 Many (http://www.corante.com/ many). Growth of the Commons Paradigm 39","40"
"URL-OCC-0026","http://www.indiana.edu/~iascp/e-cpr.html","http://www.indiana.edu/~iascp/e-cpr.html","","55","55","40","2 - The Growth of the Commons Paradigm","Indiana University","media","and Control Culture (New York: Wiley, 2005). 17. See, for instance, The Common Property Resource Digest, March 2005 (issue 72), available at http://www.indiana.edu/~iascp/e-cpr.html; David Bollier and Tim Watts, Saving the Information Commons: A New Public Interest Agenda in Digital Media (Washington, DC: New America Foundation and Public","8"
"URL-OCC-0027","http://www.earlham.edu/~peters/fos/fosblog.html","http://www.earlham.edu/~peters/fos/fosblog.html","","55","55","40","2 - The Growth of the Commons Paradigm","Peter Suber / Earlham College","license / intellectual-property resource","Knowledge, 2002). 18. An authoritative source for developments in this area is Open Access News, edited by Peter Suber, at http://www.earlham.edu/~peters/fos/fosblog.html. 19. More on the Creative Commons licenses can be found at http://www .creativecommons.org.","13"
"URL-OCC-0028","http://www.creativecommons.org","http://www.creativecommons.org","","55","55","40","2 - The Growth of the Commons Paradigm","Creative Commons","license / intellectual-property resource","18. An authoritative source for developments in this area is Open Access News, edited by Peter Suber, at http://www.earlham.edu/~peters/fos/fosblog.html. 19. More on the Creative Commons licenses can be found at http://www .creativecommons.org. 40 David Bollier","14"
"URL-OCC-0029","http://dspace.org/index.html","http://dspace.org/index.html","","71","71","56","3 - A Framework for Analyzing the Knowledge Commons","DSpace","repository / archive / digital library","The initial planning process requires strong leadership, great amounts of energy, and time from individuals or a small group. The impetus for MIT's DSpace repository software development (http://dspace.org/ index.html) grew from discussions between the director of the libraries and faculty members.16 The director then became the driving force behind the initiative. Kansas University's provost, David Shulenburger,","3"
"URL-OCC-0030","http://www.wordfocus.com/word-act-blindmen.html","http://www.wordfocus.com/word-act-blindmen.html","","83","83","68","3 - A Framework for Analyzing the Knowledge Commons","www.wordfocus.com","educational / reference resource","1. Referring to the poem of John Godfrey Sax (1816–1887), “The Blind Men and the Elephant”: “It was six men of Indostan/To learning much inclined/ Who went to see the Elephant/(Though all of them were blind). . . .” http://www .wordfocus.com/word-act-blindmen.html. 2. For longer-term analyses, feedback from the outcomes of interactions tends to change these “temporarily” exogenous variables. And, when one is analyzing","30"
"URL-OCC-0031","http://www.openarchives.org/community/index.html","http://www.openarchives.org/community/index.html","","84","84","69","3 - A Framework for Analyzing the Knowledge Commons","Open Archives Initiative","repository / archive / digital library","3. See http://www.openarchives.org/community/index.html and http://www .openarchives.org/organization/index.html. 4. See","1"
"URL-OCC-0032","http://www.openarchives.org/organization/index.html","http://www.openarchives.org/organization/index.html","","84","84","69","3 - A Framework for Analyzing the Knowledge Commons","Open Archives Initiative","repository / archive / digital library","3. See http://www.openarchives.org/community/index.html and http://www .openarchives.org/organization/index.html. 4. See http://www.itu.int/wsis/documents/doc_multi.asp?lang=en&id=2266|","1"
"URL-OCC-0033","http://www.itu.int/wsis/documents/doc_multi.asp?lang=en&id=2266|2267","http://www.itu.int/wsis/documents/doc_multi.asp?lang=en&id=2266|2267","","84","84","69","3 - A Framework for Analyzing the Knowledge Commons","International Telecommunication Union / World Summit on the Information Society","repository / archive / digital library",".openarchives.org/organization/index.html. 4. See http://www.itu.int/wsis/documents/doc_multi.asp?lang=en&id=2266| 2267. 5. Usually referred to as an “institutional repository.” We will refer to this kind of organizational archive as a “digital repository” to avoid confusion with our","4"
"URL-OCC-0034","http://www.eff.org/IP/DRM/fair_use_and_drm.php","http://www.eff.org/IP/DRM/fair_use_and_drm.php","","84","84","69","3 - A Framework for Analyzing the Knowledge Commons","Electronic Frontier Foundation","project / organization homepage","6. For more on rules, see Commons [1924] 1968; Bromley 1989; Agrawal 1994; Crawford and Ostrom 2005. 7. See http://www.eff.org/IP/DRM/fair_use_and_drm.php and http://www.eff .org/IP/DMCA/20030102_dmca_unintended_consequences.html. Also see Julie Cohen, “Call It the Digital Millennium Censorship Act: Unfair Use,” The New","11"
"URL-OCC-0035","http://www.eff.org/IP/DMCA/20030102_dmca_unintended_consequences.html","http://www.eff.org/IP/DMCA/20030102_dmca_unintended_consequences.html","","84","84","69","3 - A Framework for Analyzing the Knowledge Commons","Electronic Frontier Foundation","project / organization homepage","6. For more on rules, see Commons [1924] 1968; Bromley 1989; Agrawal 1994; Crawford and Ostrom 2005. 7. See http://www.eff.org/IP/DRM/fair_use_and_drm.php and http://www.eff .org/IP/DMCA/20030102_dmca_unintended_consequences.html. Also see Julie Cohen, “Call It the Digital Millennium Censorship Act: Unfair Use,” The New Republic Online, May 23, 2000, http://www.law.georgetown.edu/faculty/jec/","11"
"URL-OCC-0036","http://www.law.georgetown.edu/faculty/jec/unfairuse.html","http://www.law.georgetown.edu/faculty/jec/unfairuse.html","","84","84","69","3 - A Framework for Analyzing the Knowledge Commons","Georgetown University","license / intellectual-property resource",".org/IP/DMCA/20030102_dmca_unintended_consequences.html. Also see Julie Cohen, “Call It the Digital Millennium Censorship Act: Unfair Use,” The New Republic Online, May 23, 2000, http://www.law.georgetown.edu/faculty/jec/ unfairuse.html. 8. See http://creativecommons.org/. 9. In Schlager and Ostrom 1992, the term used for extraction is withdrawal.","14"
"URL-OCC-0037","http://creativecommons.org/","http://creativecommons.org/","","84","84","69","3 - A Framework for Analyzing the Knowledge Commons","Creative Commons","license / intellectual-property resource","Republic Online, May 23, 2000, http://www.law.georgetown.edu/faculty/jec/ unfairuse.html. 8. See http://creativecommons.org/. 9. In Schlager and Ostrom 1992, the term used for extraction is withdrawal. 10. “Offering your work under a Creative Commons license does not mean","16"
"URL-OCC-0038","http://creativecommons.org/about/licenses","http://creativecommons.org/about/licenses","","84","84","69","3 - A Framework for Analyzing the Knowledge Commons","Creative Commons","license / intellectual-property resource","10. “Offering your work under a Creative Commons license does not mean giving up your copyright. It means offering some of your rights to any member of the public but only on certain conditions.” http://creativecommons.org/ about/licenses. 11. Vincent Ostrom has repeatedly emphasized the artifactual nature of knowl- edge and institutions:","20"
"URL-OCC-0039","http://dlc.dlib.indiana.edu/cpr/index.php","http://dlc.dlib.indiana.edu/cpr/index.php","","84","84","69","3 - A Framework for Analyzing the Knowledge Commons","Digital Library of the Commons","repository / archive / digital library","12. There are numerous works on the nature and application of rules by commons scholars. See Agrawal 1994; Poteete and Welch 2004; Ostrom 2005; Young 1996; and search “rules” at http://dlc.dlib.indiana.edu/cpr/index.php. 13. See http://opcit.eprints.org/oacitation-biblio.html for a comprehensive list of visibility/usage/impact studies.","30"
"URL-OCC-0040","http://opcit.eprints.org/oacitation-biblio.html","http://opcit.eprints.org/oacitation-biblio.html","","84","84","69","3 - A Framework for Analyzing the Knowledge Commons","EPrints / Open Citation Project","repository / archive / digital library","commons scholars. See Agrawal 1994; Poteete and Welch 2004; Ostrom 2005; Young 1996; and search “rules” at http://dlc.dlib.indiana.edu/cpr/index.php. 13. See http://opcit.eprints.org/oacitation-biblio.html for a comprehensive list of visibility/usage/impact studies. 14. A 1995 survey revealed that the main index of scientific journals, the Science","31"
"URL-OCC-0041","http://opcit.eprints.org/oacitation-biblio.html","http://opcit.eprints.org/oacitation-biblio.html","","85","85","70","3 - A Framework for Analyzing the Knowledge Commons","EPrints / Open Citation Project","repository / archive / digital library","similar patterns to non-OA journals, but that the citations of OA journal arti- cles appear earlier than for hardcopy articles (Testa and McVeigh 2004; Pringle 2004). See The Open Citation Project at http://opcit.eprints.org/oacitation-biblio .html for a comprehensive, frequently updated bibliography of open-access vis- ibility studies. 16. See “MIT's DSpace Experience: A Case Study,” http://www.dspace.org/","8"
"URL-OCC-0042","http://www.dspace.org/implement/case-study.pdf","http://www.dspace.org/implement/case-study.pdf","","85","85","70","3 - A Framework for Analyzing the Knowledge Commons","DSpace","repository / archive / digital library",".html for a comprehensive, frequently updated bibliography of open-access vis- ibility studies. 16. See “MIT's DSpace Experience: A Case Study,” http://www.dspace.org/ implement/case-study.pdf. 17. “Key to any success was defining the problem confronting us. It is not ‘the library problem' or ‘the Provost's problem,' but ‘the scholarly communication","11"
"URL-OCC-0043","http://oaister.umdl.umich.edu/o/oaister/","http://oaister.umdl.umich.edu/o/oaister/","","85","85","70","3 - A Framework for Analyzing the Knowledge Commons","OAIster / University of Michigan","repository / archive / digital library","articles. 19. OAIster harvests data from 6,073,500 records from 572 institutions. See http://oaister.umdl.umich.edu/o/oaister/. 20. See http://www.zim.mpg.de/openaccess-berlin/berlindeclaration.html. 21. OA means “immediate, permanent, free online access to the full text of all","26"
"URL-OCC-0044","http://www.zim.mpg.de/openaccess-berlin/berlindeclaration.html","http://www.zim.mpg.de/openaccess-berlin/berlindeclaration.html","","85","85","70","3 - A Framework for Analyzing the Knowledge Commons","Max Planck Society / Berlin Declaration","repository / archive / digital library","19. OAIster harvests data from 6,073,500 records from 572 institutions. See http://oaister.umdl.umich.edu/o/oaister/. 20. See http://www.zim.mpg.de/openaccess-berlin/berlindeclaration.html. 21. OA means “immediate, permanent, free online access to the full text of all refereed research journal articles” (Harnad 2005).","27"
"URL-OCC-0045","http://www.ecs.soton.ac.uk/~harnad/Temp/UKSTC.htm","http://www.ecs.soton.ac.uk/~harnad/Temp/UKSTC.htm","","85","85","70","3 - A Framework for Analyzing the Knowledge Commons","University of Southampton / Stevan Harnad","initiative / declaration / policy","21. OA means “immediate, permanent, free online access to the full text of all refereed research journal articles” (Harnad 2005). 22. http://www.ecs.soton.ac.uk/~harnad/Temp/UKSTC.htm. 23. The endorsement is online at http://www.provost.ku.edu/policy/scholarly _information/scholarly_resolution.htm.","30"
"URL-OCC-0046","http://www.provost.ku.edu/policy/scholarly_information/scholarly_resolution.htm","http://www.provost.ku.edu/policy/scholarly_information/scholarly_resolution.htm","","85","85","70","3 - A Framework for Analyzing the Knowledge Commons","University of Kansas","repository / archive / digital library","refereed research journal articles” (Harnad 2005). 22. http://www.ecs.soton.ac.uk/~harnad/Temp/UKSTC.htm. 23. The endorsement is online at http://www.provost.ku.edu/policy/scholarly _information/scholarly_resolution.htm. 24. https://kuscholarworks.ku.edu/dspace/. 25. At http://dlc.dlib.indiana.edu. The DLC went online in 2001.","31"
"URL-OCC-0047","https://kuscholarworks.ku.edu/dspace/","https://kuscholarworks.ku.edu/dspace/","","85","85","70","3 - A Framework for Analyzing the Knowledge Commons","KU ScholarWorks","repository / archive / digital library","23. The endorsement is online at http://www.provost.ku.edu/policy/scholarly _information/scholarly_resolution.htm. 24. https://kuscholarworks.ku.edu/dspace/. 25. At http://dlc.dlib.indiana.edu. The DLC went online in 2001. 26. The DLC staff will digitize hardcopy texts and images, convert them to PDF","33"
"URL-OCC-0048","http://dlc.dlib.indiana.edu","http://dlc.dlib.indiana.edu","","85","85","70","3 - A Framework for Analyzing the Knowledge Commons","Digital Library of the Commons","repository / archive / digital library","_information/scholarly_resolution.htm. 24. https://kuscholarworks.ku.edu/dspace/. 25. At http://dlc.dlib.indiana.edu. The DLC went online in 2001. 26. The DLC staff will digitize hardcopy texts and images, convert them to PDF files, assign the metadata, and submit them for those who do not want to go to","34"
"URL-OCC-0049","http://www.cisdl.org/pdf/brief_common.pdf","http://www.cisdl.org/pdf/brief_common.pdf","","86","86","71","3 - A Framework for Analyzing the Knowledge Commons","Centre for International Sustainable Development Law","article / report / publication","29. This is the notion of “common but differentiated responsibilities” frequently applied in international law and promoted in the World Summit on Sustainable Development, Johannesburg, August 2002. See http://www.cisdl.org/pdf/ brief_common.pdf. 30. Governance has to do with humans trying to find ways of making decisions that reduce the level of unwanted outcomes and increase the level of desirable","12"
"URL-OCC-0050","http://www.firstmonday.org/issues/issue5_10/adar/index.html","http://www.firstmonday.org/issues/issue5_10/adar/index.html","","86","86","71","3 - A Framework for Analyzing the Knowledge Commons","First Monday","article / report / publication","References Adar, Eytan, and Bernardo A. Huberman 2000. “Free Riding on Gnutella.” First Monday 5(10). http://www.firstmonday.org/issues/issue5_10/adar/index.html. Agrawal, Arun. 1994. “Rules, Rule Making, and Rule Breaking: Examining the Fit between Rule Systems and Resource Use.” In E. Ostrom, R. Gardner, and","19"
"URL-OCC-0051","http://doc.cern.ch/archive/electronic/cern/preprints/open/open-2005-006.pdf","http://doc.cern.ch/archive/electronic/cern/preprints/open/open-2005-006.pdf","","86","86","71","3 - A Framework for Analyzing the Knowledge Commons","CERN","repository / archive / digital library","Press. Altarelli, Guido. 2005. “Continuing CERN Action on Open Access.” CERN Scientific Information Policy Board. http://doc.cern.ch/archive/electronic/cern/ preprints/open/open-2005-006.pdf. Andersson, Krister P., and Marilyn W. Hoskins. 2004. “Information Use and Abuse in the Local Governance of Common-Pool Forest Resources.” Forests,","28"
"URL-OCC-0052","http://www.researchinformation.info/rioctnov05repositories.html","http://www.researchinformation.info/rioctnov05repositories.html","","86","86","71","3 - A Framework for Analyzing the Knowledge Commons","Research Information","repository / archive / digital library","Trees and Livelihoods 14:295–312. Anscombe, Nadya. 2005. “Repositories: Archive Programmes Gain Momentum.” Research Information 19 (October/November). http://www.researchinformation .info/rioctnov05repositories.html. Argyres, N. S., and J. P. Liebeskind 1998. “Privatizing the Intellectual Commons: Universities and the Commercialization of Biotechnology.” Journal of Economic","34"
"URL-OCC-0053","Salon.com","Salon.com","","86","86","71","3 - A Framework for Analyzing the Knowledge Commons","Salon","article / report / publication","Universities and the Commercialization of Biotechnology.” Journal of Economic Behavior and Organization 35(4):427–454. Baron, Cheryll A. 2000. “High Tech's Missionaries of Sloppiness.” Salon.com (December 6).","39"
"URL-OCC-0054","http://dir.salon.com/tech/feature/2000/12/06/bad_computers/index.html","http://dir.salon.com/tech/feature/2000/12/06/bad_computers/index.html","","86","86","71","3 - A Framework for Analyzing the Knowledge Commons","Salon","project / organization homepage","(December 6). http://dir.salon.com/tech/feature/2000/12/06/bad_computers/ index.html. Analyzing the Knowledge Commons 71","42"
"URL-OCC-0055","http://www.studiolo.org/IP/VRA-TM-StLouis-PublicDomain.htm#Ch004","http://www.studiolo.org/IP/VRA-TM-StLouis-PublicDomain.htm#Ch004","","87","87","72","3 - A Framework for Analyzing the Knowledge Commons","Visual Resources Association / public-domain resource","license / intellectual-property resource","Copyright Town Meeting “The Changing Research and Collections Environ- ment: The Information Commons Today,” St. Louis, Missouri, March 23, 2002. http://www.studiolo.org/IP/VRA-TM-StLouis-PublicDomain.htm#Ch004. Barrett, D. 1998. The Paradox Process. New York: AMACOM. Becher, Tony, and Paul Trowler. 2001. Academic Tribes and Territories: Intel-","5"
"URL-OCC-0056","http://mcgraw-hill.co.uk/openup/chapters/0335206271.pdf","http://mcgraw-hill.co.uk/openup/chapters/0335206271.pdf","","87","87","72","3 - A Framework for Analyzing the Knowledge Commons","Open University Press / McGraw-Hill","initiative / declaration / policy","Becher, Tony, and Paul Trowler. 2001. Academic Tribes and Territories: Intel- lectual Enquiry and the Culture of Disciplines. 2nd ed. Philadelphia: Open Uni- versity Press. http://mcgraw-hill.co.uk/openup/chapters/0335206271.pdf. Benkler, Yochai. 1998. “The Commons as a Neglected Factor of Information Policy,” Remarks at the Telecommunications Policy Research Conference, Sep-","9"
"URL-OCC-0057","http://www.law.nyu.edu/benklery/commons.pdf","http://www.law.nyu.edu/benklery/commons.pdf","","87","87","72","3 - A Framework for Analyzing the Knowledge Commons","New York University School of Law","initiative / declaration / policy","Benkler, Yochai. 1998. “The Commons as a Neglected Factor of Information Policy,” Remarks at the Telecommunications Policy Research Conference, Sep- tember 1998. http://www.law.nyu.edu/benklery/commons.pdf. Benkler, Yochai. 2003. “The Political Economy of the Commons.” Upgrade: The European Journal for the Informatics Professional 4/3 (June): 6–10.","12"
"URL-OCC-0058","http://www.upgrade-cepis.org/issues/2003/3/up4-3Benkler.pdf","http://www.upgrade-cepis.org/issues/2003/3/up4-3Benkler.pdf","","87","87","72","3 - A Framework for Analyzing the Knowledge Commons","UPGRADE / CEPIS","article / report / publication","Benkler, Yochai. 2003. “The Political Economy of the Commons.” Upgrade: The European Journal for the Informatics Professional 4/3 (June): 6–10. http://www.upgrade-cepis.org/issues/2003/3/up4-3Benkler.pdf. Benkler, Yochai. 2004. “Commons-Based Strategies and the Problems of Patents.” Science 305(5687):1110–1111.","15"
"URL-OCC-0059","http://dlc.dlib.indiana.edu/documents/dir0/00/00/02/18/index.html","http://dlc.dlib.indiana.edu/documents/dir0/00/00/02/18/index.html","","87","87","72","3 - A Framework for Analyzing the Knowledge Commons","Digital Library of the Commons","conference / workshop / event","The Problem of Network Congestion.” Presented at the Eighth Conference of the International Association for the Study of Common Property, Bloomington, Indiana, May 31–June 4, 2000. http://dlc.dlib.indiana.edu/documents/dir0/00/ 00/02/18/index.html. Blomquist, William. 1992. Dividing the Waters: Governing Groundwater in Southern California. San Francisco: Institute for Contemporary Studies Press.","26"
"URL-OCC-0060","http://www.aaup.org/publications/Academe/2002/02so/02sobol.htm","http://www.aaup.org/publications/Academe/2002/02so/02sobol.htm","","87","87","72","3 - A Framework for Analyzing the Knowledge Commons","American Association of University Professors","project / organization homepage","Bollier, David. 2002a. “The Enclosure of the Academic Commons.” Academe 88(5):18–22. http://www.aaup.org/publications/Academe/2002/02so/02sobol .htm. Bollier, David. 2002b. Silent Theft: The Private Plunder of Our Common Wealth. New York: Routledge.","32"
"URL-OCC-0061","http://www.law.duke.edu/journals/66LCPBoyle","http://www.law.duke.edu/journals/66LCPBoyle","","87","87","72","3 - A Framework for Analyzing the Knowledge Commons","Duke University School of Law / Law and Contemporary Problems","article / report / publication","Boyle, James. 2003. “The Second Enclosure Movement and the Construction of the Public Domain.” Law and Contemporary Problems 66/1–2 (winter/spring): 33–75. http://www.law.duke.edu/journals/66LCPBoyle. Brody, T., H. Stamerjohanns, S. Harnad, Y. Gingras, and C. Oppenheim. 2004. “The Effect of Open Access on Citation Impact.”Poster presentation at National","40"
"URL-OCC-0062","http://opcit.eprints.org/feb19oa/brody-impact.pdf","http://opcit.eprints.org/feb19oa/brody-impact.pdf","","88","88","73","3 - A Framework for Analyzing the Knowledge Commons","EPrints / Open Citation Project","repository / archive / digital library","International Meeting, Southampton, February 19, 2004. http://opcit.eprints.org/ feb19oa/brody-impact.pdf. Bromley, Daniel W. 1989. Economic Interests and Institutions: The Conceptual Foundations of Public Policy. New York: Blackwell.","1"
"URL-OCC-0063","http://www.nsf.gov/od/lpa/nsf50/vbush1945.htm","http://www.nsf.gov/od/lpa/nsf50/vbush1945.htm","","88","88","73","3 - A Framework for Analyzing the Knowledge Commons","National Science Foundation","article / report / publication","Boston: Harvard University Press. Bush, Vannevar. 1945. Science, the Endless Frontier: A Report to the President. Washington, DC: U.S. Government Printing Office. http://www.nsf.gov/od/lpa/ nsf50/vbush1945.htm. Cardenas, Juan-Camilo. 2003. “Real Wealth and Experimental Cooperation: Experiments in the Field Lab.” Journal of Development Economics 70(2):","8"
"URL-OCC-0064","http://video.indiana.edu:8080/ramgen/vic/blaise_cronin_20051201.rm?start=00:09:30","http://video.indiana.edu:8080/ramgen/vic/blaise_cronin_20051201.rm?start=00:09:30","","88","88","73","3 - A Framework for Analyzing the Knowledge Commons","Indiana University video service","article / report / publication","Cronin, Blaise. 2005 “On Libraries and the Digital Environment.” Presentation given at the Indiana University Herman B. Wells Library, Bloomington Campus. http://video.indiana.edu:8080/ramgen/vic/blaise_cronin_20051201.rm?start=00: 09:30. Crow, Raymond. 2002. “The Case for Institutional Repositories: A SPARC Position Paper.” Washington, DC: Scholarly Publishing & Academic Resources","31"
"URL-OCC-0065","http://www.arl.org/sparc/IR/ir.html","http://www.arl.org/sparc/IR/ir.html","","88","88","73","3 - A Framework for Analyzing the Knowledge Commons","Association of Research Libraries / SPARC","initiative / declaration / policy","Crow, Raymond. 2002. “The Case for Institutional Repositories: A SPARC Position Paper.” Washington, DC: Scholarly Publishing & Academic Resources Coalition, July 2002. http://www.arl.org/sparc/IR/ir.html. Dalrymple, Dana. 2003. “Scientific Knowledge as a Global Public Good: Con- tributions to Innovation and the Economy.” In J. M. Esanu and P. F. Uhlir, eds.,","35"
"URL-OCC-0066","http://www.nap.edu/books/030908850X/html","http://www.nap.edu/books/030908850X/html","","88","88","73","3 - A Framework for Analyzing the Knowledge Commons","National Academies Press","project / organization homepage","The Role of Scientific and Technical Data and Information in the Public Domain: Proceedings of a Symposium. Washington, DC: National Academies Press. http://www.nap.edu/books/030908850X/html. Davenport, Thomas H., and Laurence Prusak. 1998. Working Knowledge: How Organizations Manage What They Know. Boston: Harvard University Press.","40"
"URL-OCC-0067","http://ideas.repec.org/p/wpa/wuwpdc/0502010.html","http://ideas.repec.org/p/wpa/wuwpdc/0502010.html","","89","89","74","3 - A Framework for Analyzing the Knowledge Commons","RePEc","initiative / declaration / policy","Science, Intellectual Property, and the Digital Technology Boomerang.” Stanford, CA: Stanford Institute for Economic Policy Research, Stanford University. SIEPR Discussion Paper, no. 0002. http://ideas.repec.org/p/wpa/wuwpdc/ 0502010.html. Davis, Philip M. 2003. “Tragedy of the Commons Revisited: Librarians, Pub- lishers, Faculty, and the Demise of a Public Resource.” Portal 3/4 (October):","4"
"URL-OCC-0068","http://people.cornell.edu/pages/pmd8/3.4davis.pdf","http://people.cornell.edu/pages/pmd8/3.4davis.pdf","","89","89","74","3 - A Framework for Analyzing the Knowledge Commons","Cornell University","article / report / publication","Davis, Philip M. 2003. “Tragedy of the Commons Revisited: Librarians, Pub- lishers, Faculty, and the Demise of a Public Resource.” Portal 3/4 (October): 547–562. http://people.cornell.edu/pages/pmd8/3.4davis.pdf. Dietz, Tom, Elinor Ostrom, and Paul C. Stern. 2003. “The Struggle to Govern the Commons.” Science 302 (December 12):1907–1912.","8"
"URL-OCC-0069","http://www.nap.edu/html/issues_digital/notice.html","http://www.nap.edu/html/issues_digital/notice.html","","89","89","74","3 - A Framework for Analyzing the Knowledge Commons","National Academies Press","article / report / publication","tional and Theoretical Economics 160(1):161–180. Duderstadt, James J., ed. 2001. Issues for Science and Engineering Researchers in the Digital Age. Washington, DC: National Academy Press. http://www .nap.edu/html/issues_digital/notice.html. Duderstadt, James J., Daniel E. Atkins, and Douglas Van Houweling. 2002. Higher Education in the Digital Age: Technology Issues and Strategies for Amer-","15"
"URL-OCC-0070","http://jan.ucc.nau.edu/~rse/FederalAccess.htm","http://jan.ucc.nau.edu/~rse/FederalAccess.htm","","89","89","74","3 - A Framework for Analyzing the Knowledge Commons","Northern Arizona University","license / intellectual-property resource","ican Colleges and Universities. Westport, CT: Praeger. Evans, R. Sean, and Brad Bogus. 2004. “Federal Government Information Access in the Wake of 9/11.” http://jan.ucc.nau.edu/~rse/FederalAccess.htm. Ewing, John. 2003. “Copyright and Authors.” First Monday 8/10 (October). http://www.firstmonday.dk/issues/issue8_10/ewing/.","21"
"URL-OCC-0071","http://www.firstmonday.dk/issues/issue8_10/ewing/","http://www.firstmonday.dk/issues/issue8_10/ewing/","","89","89","74","3 - A Framework for Analyzing the Knowledge Commons","First Monday","license / intellectual-property resource","in the Wake of 9/11.” http://jan.ucc.nau.edu/~rse/FederalAccess.htm. Ewing, John. 2003. “Copyright and Authors.” First Monday 8/10 (October). http://www.firstmonday.dk/issues/issue8_10/ewing/. Futrelle, Joe. “Emerging Tools for Building Integrated Scientific Data Resources.” National Center for Supercomputing Applications. http://www.ncsa.uiuc.edu/","23"
"URL-OCC-0072","http://www.ncsa.uiuc.edu/People/futrelle/ppt/NIH0106.ppt","http://www.ncsa.uiuc.edu/People/futrelle/ppt/NIH0106.ppt","","89","89","74","3 - A Framework for Analyzing the Knowledge Commons","National Center for Supercomputing Applications","article / report / publication","http://www.firstmonday.dk/issues/issue8_10/ewing/. Futrelle, Joe. “Emerging Tools for Building Integrated Scientific Data Resources.” National Center for Supercomputing Applications. http://www.ncsa.uiuc.edu/ People/futrelle/ppt/NIH0106.ppt. Gibbs, W. Wayt. 1995. “Lost Science in the Third World.” Scientific American (August): 92–99.","25"
"URL-OCC-0073","http://www.biomedcentral.com/meetings/2000/foi/editorials/ginsparg","http://www.biomedcentral.com/meetings/2000/foi/editorials/ginsparg","","89","89","74","3 - A Framework for Analyzing the Knowledge Commons","BioMed Central","article / report / publication","Communities, Institutions, and Governance. Cambridge, MA: MIT Press. Ginsparg, Paul. 2000. “Creating a Global Knowledge Network.” BioMed Central. http://www.biomedcentral.com/meetings/2000/foi/editorials/ginsparg. Golich, Vicki L. 1991. “A Multilateral Negotiations Challenge: International Management of the Communications Commons.” Journal of Applied Behavioral","34"
"URL-OCC-0074","http://www.arl.org/arl/proceedings/138/guedon.html","http://www.arl.org/arl/proceedings/138/guedon.html","","90","90","75","3 - A Framework for Analyzing the Knowledge Commons","Association of Research Libraries / SPARC","conference / workshop / event","Guédon, Jean-Claude. 2001. In Oldenburg's Long Shadow: Librarians, Research Scientists, Publishers, and the Control of Scientific Publishing. Washington, DC: Association of Research Libraries. http://www.arl.org/arl/proceedings/138/ guedon.html. Gupta, Alok, Dale O. Stahl, and Andrew B. Whinston 1995. “The Internet: A Future Tragedy of the Commons.” Presented at the Conference on Interoper-","3"
"URL-OCC-0075","http://cism.mccombs.utexas.edu/alok/wash_pap/wash_pap.html","http://cism.mccombs.utexas.edu/alok/wash_pap/wash_pap.html","","90","90","75","3 - A Framework for Analyzing the Knowledge Commons","University of Texas at Austin","conference / workshop / event","Future Tragedy of the Commons.” Presented at the Conference on Interoper- ability and the Economics of Information Infrastructure, Rosslyn, Virginia, July 6–7, 1995. http://cism.mccombs.utexas.edu/alok/wash_pap/wash_pap.html. Harboe-Ree, Cathrine, Michele Sabto, and Andrew Treloar. 2003. “The Library as Digitorium: New Modes of Information Creation, Distribution and Access.”","8"
"URL-OCC-0076","http://eprint.monash.edu.au/archive/00000018/","http://eprint.monash.edu.au/archive/00000018/","","90","90","75","3 - A Framework for Analyzing the Knowledge Commons","Monash University ePrint Repository","repository / archive / digital library","Harboe-Ree, Cathrine, Michele Sabto, and Andrew Treloar. 2003. “The Library as Digitorium: New Modes of Information Creation, Distribution and Access.” http://eprint.monash.edu.au/archive/00000018/. Hardin, Garrett. 1968. “The Tragedy of the Commons” Science 162:1243–1248. Harnad, Stevan. 2001. “The Self-Archiving Initiative: Freeing the Refereed","11"
"URL-OCC-0077","http://www.ecs.soton.ac.uk/~harnad/Tp/nature4.htm","http://www.ecs.soton.ac.uk/~harnad/Tp/nature4.htm","","90","90","75","3 - A Framework for Analyzing the Knowledge Commons","University of Southampton / Stevan Harnad","repository / archive / digital library","Hardin, Garrett. 1968. “The Tragedy of the Commons” Science 162:1243–1248. Harnad, Stevan. 2001. “The Self-Archiving Initiative: Freeing the Refereed Research Literature Online.” Nature 410 (April 26):1024–1025. http://www.ecs .soton.ac.uk/~harnad/Tp/nature4.htm. Harnad, Stevan. 2003a. “Publish or Perish: Self-Archive to Flourish.” In the American Scientist Open Access Forum. http://www.ecs.soton.ac.uk/~harnad/","14"
"URL-OCC-0078","http://www.ecs.soton.ac.uk/~harnad/Hypermail/Amsci/2838.html","http://www.ecs.soton.ac.uk/~harnad/Hypermail/Amsci/2838.html","","90","90","75","3 - A Framework for Analyzing the Knowledge Commons","University of Southampton / Stevan Harnad","repository / archive / digital library",".soton.ac.uk/~harnad/Tp/nature4.htm. Harnad, Stevan. 2003a. “Publish or Perish: Self-Archive to Flourish.” In the American Scientist Open Access Forum. http://www.ecs.soton.ac.uk/~harnad/ Hypermail/Amsci/2838.html. Harnad, Stevan. 2003b. “For Whom the Gate Tolls? How and Why to Free the Refereed Research Literature Online through Author/Institution Self-Archiving,","17"
"URL-OCC-0079","http://www.ecs.soton.ac.uk/~harnad/Tp/resolution.htm#1.4","http://www.ecs.soton.ac.uk/~harnad/Tp/resolution.htm#1.4","","90","90","75","3 - A Framework for Analyzing the Knowledge Commons","University of Southampton / Stevan Harnad","initiative / declaration / policy","Harnad, Stevan. 2003b. “For Whom the Gate Tolls? How and Why to Free the Refereed Research Literature Online through Author/Institution Self-Archiving, Now.” http://www.ecs.soton.ac.uk/~harnad/Tp/resolution.htm#1.4. Harnad, Stevan. 2005. “The Implementation of the Berlin Declaration on Open Access.” D-Lib Magazine","21"
"URL-OCC-0080","http://www.dlib.org/dlib/march05/harnad/03harnad.html","http://www.dlib.org/dlib/march05/harnad/03harnad.html","","90","90","75","3 - A Framework for Analyzing the Knowledge Commons","D-Lib Magazine","initiative / declaration / policy","Harnad, Stevan. 2005. “The Implementation of the Berlin Declaration on Open Access.” D-Lib Magazine 11(3). http://www.dlib.org/dlib/march05/harnad/ 03harnad.html. Harnad, Stevan, and Tim Brody. 2004. “Comparing the Impact of Open Access (OA) vs. Non-OA Articles in the Same Journals.” D-Lib Magazine 10(6).","24"
"URL-OCC-0081","http://www.dlib.org/dlib/june04/harnad/06harnad.html","http://www.dlib.org/dlib/june04/harnad/06harnad.html","","90","90","75","3 - A Framework for Analyzing the Knowledge Commons","D-Lib Magazine","repository / archive / digital library","Harnad, Stevan, and Tim Brody. 2004. “Comparing the Impact of Open Access (OA) vs. Non-OA Articles in the Same Journals.” D-Lib Magazine 10(6). http://www.dlib.org/dlib/june04/harnad/06harnad.html. Harnad, Stevan, Les Carr, Tim Brody, and Charles Oppenheim. 2003. “Man- dated Online RAE CVs Linked to University Eprint Archives.” Ariadne, issue","28"
"URL-OCC-0082","http://www.ariadne.ac.uk/issue35/harnad/","http://www.ariadne.ac.uk/issue35/harnad/","","90","90","75","3 - A Framework for Analyzing the Knowledge Commons","Ariadne","repository / archive / digital library","Harnad, Stevan, Les Carr, Tim Brody, and Charles Oppenheim. 2003. “Man- dated Online RAE CVs Linked to University Eprint Archives.” Ariadne, issue 35. http://www.ariadne.ac.uk/issue35/harnad/. Heikkila, Tanya, and Kimberley R. Isett. 2004. “Modeling Operational Decision Making in Public Organizations: An Integration of Two Institutional Theories.”","31"
"URL-OCC-0083","http://www.indiana.edu/~iascp/E-CPR/cpr72.pdf","http://www.indiana.edu/~iascp/E-CPR/cpr72.pdf","","90","90","75","3 - A Framework for Analyzing the Knowledge Commons","Indiana University","license / intellectual-property resource","Hess, Charlotte. 2005. “A Resource Guide for Authors: Open Access, Copyright, and the Digital Commons.” Common Property Resource Digest 72 (March): 1–8. http://www.indiana.edu/~iascp/E-CPR/cpr72.pdf. Analyzing the Knowledge Commons 75","43"
"URL-OCC-0084","http://www.law.duke.edu/journals/66LCPHess","http://www.law.duke.edu/journals/66LCPHess","","91","91","76","3 - A Framework for Analyzing the Knowledge Commons","Duke University School of Law / Law and Contemporary Problems","article / report / publication","Hess, Charlotte, and Elinor Ostrom. 2003. “Ideas, Artifacts, and Facilities: Information as a Common-Pool Resource.” Law and Contemporary Problems 66(1–2):111–146. http://www.law.duke.edu/journals/66LCPHess. Hitchcock, Steve, Tim Brody, C. Gutteridge, Les Carr, and Stevan Harnad 2003. “The Impact of OAI-Based Search on Access to Research Journal Papers.” Serials","3"
"URL-OCC-0085","http://opcit.eprints.org/serials-short/serials11.html","http://opcit.eprints.org/serials-short/serials11.html","","91","91","76","3 - A Framework for Analyzing the Knowledge Commons","EPrints / Open Citation Project","repository / archive / digital library","Hitchcock, Steve, Tim Brody, C. Gutteridge, Les Carr, and Stevan Harnad 2003. “The Impact of OAI-Based Search on Access to Research Journal Papers.” Serials 16(3):255–260. http://opcit.eprints.org/serials-short/serials11.html. Holman, JoAnne. 1997. “An Information Commons: Protection for Free Expres- sion in the New Information Environment.” Doctoral dissertation, Indiana","6"
"URL-OCC-0086","http://www.dlib.org/dlib/june01/iannella/06iannella.html","http://www.dlib.org/dlib/june01/iannella/06iannella.html","","91","91","76","3 - A Framework for Analyzing the Knowledge Commons","D-Lib Magazine","initiative / declaration / policy","Internet Congestion.” Science 277 (July 25): 535–537. Ianella, Renato. 2001. “Digital Rights Management (DRM) Architectures.” D- Lib Magazine 7(6). http://www.dlib.org/dlib/june01/iannella/06iannella.html. Imperial, Mark, and Tracy Yandle 2005. “Taking Institutions Seriously: Using the IAD Framework to Analyze Fisheries Policy.” Society and Natural Resources","13"
"URL-OCC-0087","http://www.dlib.org/dlib/october01/kahle/10kahle.html","http://www.dlib.org/dlib/october01/kahle/10kahle.html","","91","91","76","3 - A Framework for Analyzing the Knowledge Commons","D-Lib Magazine","article / report / publication","18(6):493–509. Kahle, Brewster, Rock Prelinger, and Mary E. Jackson. 2001. “Public Access to Digital Material.” D-Lib Magazine 7(4). http://www.dlib.org/dlib/october01/ kahle/10kahle.html. Kirsop, Barbara. 2004. “Impact of OA on Science in Developing Countries (including a report on the recent World Summit on the Information Society","18"
"URL-OCC-0088","http://opcit.eprints.org/feb19oa/kirsop-dc.ppt","http://opcit.eprints.org/feb19oa/kirsop-dc.ppt","","91","91","76","3 - A Framework for Analyzing the Knowledge Commons","EPrints / Open Citation Project","repository / archive / digital library","Access (OA) Provision for University Research Output: An International Meeting,” University of Southampton, Southampton, UK, February 19, 2004. http://opcit.eprints.org/feb19oa/kirsop-dc.ppt. Kollock, Peter, and Marc Smith. 1995. “Managing the Virtual Commons: Cooperation and Conflict in Computer Communities.” In Susan Herring, ed.,","25"
"URL-OCC-0089","http://dlc.dlib.indiana.edu/documents/dir0/00/00/09/75/index.html","http://dlc.dlib.indiana.edu/documents/dir0/00/00/09/75/index.html","","91","91","76","3 - A Framework for Analyzing the Knowledge Commons","Digital Library of the Commons","article / report / publication","Kranich, Nancy. 2003. “Libraries: The Information Commons of Civil Society.” In D. Schuler, ed., Shaping the Network Society. Cambridge, MA: MIT Press. http://dlc.dlib.indiana.edu/documents/dir0/00/00/09/75/index.html. Lawrence, Steve. 2001. “Online or Invisible.” Nature 411(6837):521. http:// www.neci.nec.com/~lawrence/papers/online-nature01/.","31"
"URL-OCC-0090","http://www.neci.nec.com/~lawrence/papers/online-nature01/","http://www.neci.nec.com/~lawrence/papers/online-nature01/","","91","91","76","3 - A Framework for Analyzing the Knowledge Commons","NEC Research Institute / Steve Lawrence","article / report / publication","In D. Schuler, ed., Shaping the Network Society. Cambridge, MA: MIT Press. http://dlc.dlib.indiana.edu/documents/dir0/00/00/09/75/index.html. Lawrence, Steve. 2001. “Online or Invisible.” Nature 411(6837):521. http:// www.neci.nec.com/~lawrence/papers/online-nature01/. Lee, Edward. 2003. “The Public's Domain: The Evolution of Legal Restraints on the Government's Power to Control Public Access through Secrecy or Intel-","32"
"URL-OCC-0091","http://cyber.law.harvard.edu/works/lessig/fordham.pdf","http://cyber.law.harvard.edu/works/lessig/fordham.pdf","","91","91","76","3 - A Framework for Analyzing the Knowledge Commons","Berkman Center / Harvard Law School","article / report / publication","Lessig, Lawrence. 1999. “Code and the Commons.” Keynote Address at the Con- ference on Media Convergence, Fordham University Law School, February 9, 1999. http://cyber.law.harvard.edu/works/lessig/fordham.pdf. Lessig, Lawrence. 2003. “The Creative Commons.” Florida Law Review 55(3):763–778.","39"
"URL-OCC-0092","http://www.clir.org/pubs/reports/pub108/contents.html","http://www.clir.org/pubs/reports/pub108/contents.html","","92","92","77","3 - A Framework for Analyzing the Knowledge Commons","Council on Library and Information Resources","license / intellectual-property resource","Lougee, Wendy Pradt. 2002. Diffuse Libraries: Emergent Roles for the Research Library in the Digital Age. Perspectives on the Evolving Library. Washington, DC: Council on Library and Information Resources. http://www.clir.org/pubs/ reports/pub108/contents.html. Lutzker, Arnold. 1999. “What the DMCA and the Copyright Term Extension Act Mean to the Library Community: Primer.” http://www.ala.org/washoff/","9"
"URL-OCC-0093","http://www.ala.org/washoff/primer.html","http://www.ala.org/washoff/primer.html","","92","92","77","3 - A Framework for Analyzing the Knowledge Commons","American Library Association","license / intellectual-property resource","reports/pub108/contents.html. Lutzker, Arnold. 1999. “What the DMCA and the Copyright Term Extension Act Mean to the Library Community: Primer.” http://www.ala.org/washoff/ primer.html. Lynch, Clifford. 2003. “Institutional Repositories: Essential Infrastructure for Scholarship in the Digital Age.” ARL Bimonthly Report 226. http://www.arl.org/","12"
"URL-OCC-0094","http://www.arl.org/newsltr/226/ir.html","http://www.arl.org/newsltr/226/ir.html","","92","92","77","3 - A Framework for Analyzing the Knowledge Commons","Association of Research Libraries / SPARC","license / intellectual-property resource","primer.html. Lynch, Clifford. 2003. “Institutional Repositories: Essential Infrastructure for Scholarship in the Digital Age.” ARL Bimonthly Report 226. http://www.arl.org/ newsltr/226/ir.html. Madison, Michael J. 2000. “Complexity and Copyright in Contradiction.” Cardozo Arts and Entertainment Law Journal 18:125–174.","15"
"URL-OCC-0095","http://www.educause.edu/ir/library/pdf/DEC0303.pdf","http://www.educause.edu/ir/library/pdf/DEC0303.pdf","","92","92","77","3 - A Framework for Analyzing the Knowledge Commons","EDUCAUSE","article / report / publication","versity Chicago Law Journal 35 (fall): 275–340. McCord, Alan. 2003. “Institutional Repositories: Enhancing Teaching, Learn- ing, and Research.” EDUCAUSE Evolving Technologies Committee. http:// www.educause.edu/ir/library/pdf/DEC0303.pdf. Mele, Christopher. 2003. “Cyberspace and Disadvantaged Communities: The Internet as a Tool for Collective Action.” In M. A. Smith and P. Kollock, eds.,","22"
"URL-OCC-0096","http://www.mayoclinicproceedings.com/inside.asp?AID=611&UID","http://www.mayoclinicproceedings.com/inside.asp?AID=611&UID","","92","92","77","3 - A Framework for Analyzing the Knowledge Commons","Mayo Clinic Proceedings","law / court / government record","N. J. Manek, and A. K. Ghosh. 2004. “Impact of FUTON and NAA Bias on Visibility of Research.” Mayo Clinic Proceedings, 79/8 (August): 1001–1006. http://www.mayoclinicproceedings.com/inside.asp?AID=611&UID. National Research Council. 2002. The Drama of the Commons. Committee on the Human Dimensions of Global Change, ed. Elinor Ostrom, Tom Dietz, Nives","38"
"URL-OCC-0097","http://www.nap.edu/catalog/10287.html","http://www.nap.edu/catalog/10287.html","","93","93","78","3 - A Framework for Analyzing the Knowledge Commons","National Academies Press","project / organization homepage","Dolsˇak, Paul Stern, Susan Stonich, and Elke Weber. Washington, DC: National Academy Press. http://www.nap.edu/catalog/10287.html. Noonan, Douglas S. 1998. “Internet Decentralization, Feedback, and Self- Organization.” In J. A. Baden and D. S. Noonan, eds., Managing the Commons.","2"
"URL-OCC-0098","http://dlc.dlib.indiana.edu/documents/dir0/00/00/07/33/index.html","http://dlc.dlib.indiana.edu/documents/dir0/00/00/07/33/index.html","","93","93","78","3 - A Framework for Analyzing the Knowledge Commons","Digital Library of the Commons","initiative / declaration / policy","Oakerson, Ronald J. 1978. “The Erosion of Public Highways: A Policy Analy- sis of the Eastern Kentucky Coal-Haul Road Problem.” Doctoral dissertation, Department of Political Science, Indiana University. http://dlc.dlib.indiana.edu/ documents/dir0/00/00/07/33/index.html. Oakerson, Ronald J. 1992. “Analyzing the Commons: A Framework.” In D. Bromley et al., eds., Making the Commons Work: Theory, Practice, and Policy.","8"
"URL-OCC-0099","http://www.catchword.com/alpsp/09531513/v15n1/contp1-1.htm","http://www.catchword.com/alpsp/09531513/v15n1/contp1-1.htm","","93","93","78","3 - A Framework for Analyzing the Knowledge Commons","CatchWord / ALPSP","repository / archive / digital library","Focus. Greenwich, CT: JAI Press. Odlyzko, Andrew. 2002. “The Rapid Evolution of Scholarly Communication.” Learned Publishing 15/1 (January): 7–19. http://www.catchword.com/alpsp/ 09531513/v15n1/contp1-1.htm. Open Citation Project. 2005. “The Effect of Open Access and Downloads (‘Hits') on Citation Impact: A Bibliography of Studies.” http://opcit.eprints.org/","22"
"URL-OCC-0100","http://opcit.eprints.org/oacitation-biblio.html#harnad-brody04a","http://opcit.eprints.org/oacitation-biblio.html#harnad-brody04a","","93","93","78","3 - A Framework for Analyzing the Knowledge Commons","EPrints / Open Citation Project","repository / archive / digital library","09531513/v15n1/contp1-1.htm. Open Citation Project. 2005. “The Effect of Open Access and Downloads (‘Hits') on Citation Impact: A Bibliography of Studies.” http://opcit.eprints.org/ oacitation-biblio.html#harnad-brody04a. Ostrom, Elinor. 1985. “Formulating the Elements of Institutional Analysis.” Workshop in Political Theory and Policy Analysis, Indiana University, Blooming-","25"
"URL-OCC-0101","http://dlc.dlib.indiana.edu/archive/00000738/","http://dlc.dlib.indiana.edu/archive/00000738/","","93","93","78","3 - A Framework for Analyzing the Knowledge Commons","Digital Library of the Commons","repository / archive / digital library","Ostrom, Elinor. 1985. “Formulating the Elements of Institutional Analysis.” Workshop in Political Theory and Policy Analysis, Indiana University, Blooming- ton. Working Paper, no. W85-15. http://dlc.dlib.indiana.edu/archive/00000738/. Ostrom, Elinor. 1990. Governing the Commons: The Evolution of Institutions for Collective Action. New York: Cambridge University Press.","29"
"URL-OCC-0102","http://www.sciencemag.org/cgi/content/full/284/5412/278","http://www.sciencemag.org/cgi/content/full/284/5412/278","","93","93","78","3 - A Framework for Analyzing the Knowledge Commons","Science","article / report / publication","Ostrom, Elinor, Joanna Burger, Christopher Field, Richard B. Norgaard, and David Policansky. 1999. “Revisiting the Commons: Local Lessons, Global Chal- lenges.” Science 284(5412):278–282. http://www.sciencemag.org/cgi/content/ full/284/5412/278. Ostrom, Elinor, Roy Gardner, and James M. Walker, eds. 1994. Rules, Games, and Common-Pool Resources. Ann Arbor: University of Michigan","38"
"URL-OCC-0103","http://dlc.dlib.Indiana.edu/documents/dir0/00/00/09/45/index.html","http://dlc.dlib.Indiana.edu/documents/dir0/00/00/09/45/index.html","","94","94","79","3 - A Framework for Analyzing the Knowledge Commons","Digital Library of the Commons","initiative / declaration / policy","Ostrom, Vincent. 1969. “Organization.” Workshop in Political Theory and Policy Analysis, Indiana University, Bloomington. Working Paper, no. W69-2. http://dlc.dlib.Indiana.edu/documents/dir0/00/00/09/45/index.html. Ostrom, Vincent. 1973. The Intellectual Crisis in American Public Administra- tion. Tuscaloosa: University of Alabama Press.","6"
"URL-OCC-0104","http://dlc.dlib.indiana.edu/archive/00000115/","http://dlc.dlib.indiana.edu/archive/00000115/","","94","94","79","3 - A Framework for Analyzing the Knowledge Commons","Digital Library of the Commons","repository / archive / digital library","Ostrom, Vincent. 1983. “Configurations of Relationships in Human Societies.” Workshop in Political Theory and Policy Analysis, Indiana University, Bloom- ington. Working Paper, no. W83-21. http://dlc.dlib.indiana.edu/archive/ 00000115/. Ostrom, Vincent. 1997. The Meaning of Democracy and the Vulnerability of Democracies: A Response to Tocqueville's Challenge. Ann Arbor: University of","11"
"URL-OCC-0105","http://www.nature.com/nature/focus/accessdebate/19.html","http://www.nature.com/nature/focus/accessdebate/19.html","","94","94","79","3 - A Framework for Analyzing the Knowledge Commons","Nature","article / report / publication","Ecology 32(3):279–311. Pringle, J. 2004. Do Open Access Journals Have Impact? Nature (Web Focus). http://www.nature.com/nature/focus/accessdebate/19.html. Putnam, Robert D. 2000. Bowling Alone: The Collapse and Revival of Ameri- can Community. New York: Simon and Schuster.","28"
"URL-OCC-0106","www.nyu.edu/iesp/aiheps/drafts/092004Draft.pdf","www.nyu.edu/iesp/aiheps/drafts/092004Draft.pdf","","94","94","79","3 - A Framework for Analyzing the Knowledge Commons","New York University","initiative / declaration / policy","Richardson, Richard C. 2004. A Conceptual Framework for Comparative Studies of Higher Education Policy. New York: Alliance for International Higher Education Policy Studies (AIHEPS). www.nyu.edu/iesp/aiheps/drafts/ 092004Draft.pdf. Samuelson, Pamela. 2003a. “Digital Rights Management {and, or, vs.} the Law.” Communications of the ACM 46/4 (April): 41–55.","39"
"URL-OCC-0107","http://www.law.duke.edu/journals/66LCPSamuelson","http://www.law.duke.edu/journals/66LCPSamuelson","","95","95","80","3 - A Framework for Analyzing the Knowledge Commons","Duke University School of Law / Law and Contemporary Problems","repository / archive / digital library","Samuelson, Pamela. 2003b. “Mapping the Digital Public Domain: Threats and Opportunities.” Law and Contemporary Problems 66(1–2):147–171. http:// www.law.duke.edu/journals/66LCPSamuelson. Savenije, Bas. 2004. “The SPARC Initiative: A Catalyst for Change.” Presented at the “The Digital Library and e-Publishing for Science, Technology and Med-","2"
"URL-OCC-0108","http://www.library.uu.nl/staff/savenije/publicaties/ticer2004.htm","http://www.library.uu.nl/staff/savenije/publicaties/ticer2004.htm","","95","95","80","3 - A Framework for Analyzing the Knowledge Commons","Utrecht University Library","repository / archive / digital library","Savenije, Bas. 2004. “The SPARC Initiative: A Catalyst for Change.” Presented at the “The Digital Library and e-Publishing for Science, Technology and Med- icine,” TICER, Geneva, June 15, 2004. http://www.library.uu.nl/staff/savenije/ publicaties/ticer2004.htm. Schlager, Edella. 1994. “Fishers' Institutional Responses to Common-Pool Resource Dilemmas.” In E. Ostrom, R. Gardner, and J. Walker, eds. Rules,","6"
"URL-OCC-0109","http://www.nyu.edu/president/faculty.enterprise/faculty-enterprise.pdf","http://www.nyu.edu/president/faculty.enterprise/faculty-enterprise.pdf","","95","95","80","3 - A Framework for Analyzing the Knowledge Commons","New York University","article / report / publication","Sexton, John. 2003. “The Role of Faculty in the Commons Enterprise Univer- sity.” Presented on the Occasion of the First Meeting of the Trustees Council on the Future of New York University, June 12, 2003. http://www.nyu.edu/ president/faculty.enterprise/faculty-enterprise.pdf. Shiva, Vandana. 1997. Biopiracy: The Plunder of Nature and Knowledge. Boston: South End Press.","16"
"URL-OCC-0110","http://www.arl.org/arl/proceedings/133/shulenburger.html","http://www.arl.org/arl/proceedings/133/shulenburger.html","","95","95","80","3 - A Framework for Analyzing the Knowledge Commons","Association of Research Libraries / SPARC","article / report / publication","Shulenburger, David E. 1999. “Moving with Dispatch to Resolve the Scholarly Communication Crisis: From Here to NEAR.” ARL Newsletter, issue 202 (Feb- ruary). http://www.arl.org/arl/proceedings/133/shulenburger.html. Shulenburger, David E. 2001. “Principles for a New System of Publishing for Science.” In Proceedings of the Second UCSU/UNESCO International Confer-","22"
"URL-OCC-0111","http://eos.wdcb.rssi.ru/eps2/eps02019/eps02019.pdf","http://eos.wdcb.rssi.ru/eps2/eps02019/eps02019.pdf","","95","95","80","3 - A Framework for Analyzing the Knowledge Commons","World Data Center / Russian Space Science Internet","article / report / publication","Science.” In Proceedings of the Second UCSU/UNESCO International Confer- ence on Electronic Publishing in Science, Paris, February 20–23, 2001. http://eos.wdcb.rssi.ru/eps2/eps02019/eps02019.pdf. Smith, A. T., and M. Eysenck. 2002. The Correlation between RAE Ratings and Citation Counts in Psychology. Technical Report, Psychology, University of","26"
"URL-OCC-0112","http://cogprints.org/2749/","http://cogprints.org/2749/","","95","95","80","3 - A Framework for Analyzing the Knowledge Commons","CogPrints","article / report / publication","Smith, A. T., and M. Eysenck. 2002. The Correlation between RAE Ratings and Citation Counts in Psychology. Technical Report, Psychology, University of London, Royal Holloway. http://cogprints.org/2749/. Smith, P. 2001. “Indigenous Peoples and Forest Management in Canada.” In T. J. Rolfe, ed., The Nature and Culture of Forests: Implications of Diversity for","29"
"URL-OCC-0113","http://www.earlham.edu/~peters/writing/jbiol.htm","http://www.earlham.edu/~peters/writing/jbiol.htm","","95","95","80","3 - A Framework for Analyzing the Knowledge Commons","Peter Suber / Earlham College","repository / archive / digital library","Studies, University of British Columbia. Suber, Peter. 2002. “Open Access to the Scientific Journal Literature.” Journal of Biology 1/1 (June): 3. http://www.earlham.edu/~peters/writing/jbiol.htm. Swan, Alma, and Sheridan Brown. 2005. “Open Access Self-Archiving: An Author Study.” Key Perspectives. http://eprints.ecs.soton.ac.uk/10999/.","35"
"URL-OCC-0114","http://eprints.ecs.soton.ac.uk/10999/","http://eprints.ecs.soton.ac.uk/10999/","","95","95","80","3 - A Framework for Analyzing the Knowledge Commons","University of Southampton / Stevan Harnad","repository / archive / digital library","of Biology 1/1 (June): 3. http://www.earlham.edu/~peters/writing/jbiol.htm. Swan, Alma, and Sheridan Brown. 2005. “Open Access Self-Archiving: An Author Study.” Key Perspectives. http://eprints.ecs.soton.ac.uk/10999/. Swan, Alma, and Paul Needham. 2005. “Developing a Model for E-prints and Open Access Journal Content in UK Further and Higher Education.” Learned","37"
"URL-OCC-0115","http://cogprints.org/4120/","http://cogprints.org/4120/","","95","95","80","3 - A Framework for Analyzing the Knowledge Commons","CogPrints","article / report / publication","Swan, Alma, and Paul Needham. 2005. “Developing a Model for E-prints and Open Access Journal Content in UK Further and Higher Education.” Learned Publishing 18(1). http://cogprints.org/4120/. Tabb, Winston. 2004. “Academic Libraries: New Directions, New Partners.” Presented at the Seventh International Bielefeld Conference, “Thinking beyond","40"
"URL-OCC-0116","http://conference.ub.uni-bielefeld.de/proceedings/tabb.pdf","http://conference.ub.uni-bielefeld.de/proceedings/tabb.pdf","","96","96","81","3 - A Framework for Analyzing the Knowledge Commons","Bielefeld University","article / report / publication","Digital Libraries: Designing the Information Strategy for the Next Decade,” Bielefeld, Germany, February 4, 2004. http://conference.ub.uni-bielefeld.de/ proceedings/tabb.pdf. Testa, J., and M. E. McVeigh. 2004. “The Impact of Open Access Journals: A Citation Study from Thomson ISI.” http://www.isinet.com/media/presentrep/","2"
"URL-OCC-0117","http://www.isinet.com/media/presentrep/acropdf/impact-oa-journals.pdf","http://www.isinet.com/media/presentrep/acropdf/impact-oa-journals.pdf","","96","96","81","3 - A Framework for Analyzing the Knowledge Commons","Thomson ISI","article / report / publication","proceedings/tabb.pdf. Testa, J., and M. E. McVeigh. 2004. “The Impact of Open Access Journals: A Citation Study from Thomson ISI.” http://www.isinet.com/media/presentrep/ acropdf/impact-oa-journals.pdf. Thorin, Suzanne. 2003. “Global Changes in Scholarly Communication.” Pre- sented at e-Workshops on Scholarly Communication in the Digital Era, Feng","5"
"URL-OCC-0118","http://www.arl.org/scomm/disciplines/Thorin.pdf","http://www.arl.org/scomm/disciplines/Thorin.pdf","","96","96","81","3 - A Framework for Analyzing the Knowledge Commons","Association of Research Libraries / SPARC","article / report / publication","Thorin, Suzanne. 2003. “Global Changes in Scholarly Communication.” Pre- sented at e-Workshops on Scholarly Communication in the Digital Era, Feng Chia University, Taichung, Taiwan, August 11–24, 2003. http://www.arl.org/ scomm/disciplines/Thorin.pdf. Turner, Roy M. 1993. “The Tragedy of the Commons and Distributed AI Systems.” Presented at the Twelfth International Workshop on Distributed Arti-","9"
"URL-OCC-0119","http://www.clir.org/pubs/reports/pub107/contents.html","http://www.clir.org/pubs/reports/pub107/contents.html","","96","96","81","3 - A Framework for Analyzing the Knowledge Commons","Council on Library and Information Resources","repository / archive / digital library","Waters, Donald. 2002. “Good Archives Make Good Scholars: Reflections on Recent Steps Toward the Archiving of Digital Information.” Council on Library and Information Resources (CLIR). http://www.clir.org/pubs/reports/pub107/ contents.html. Weber, Steven. 2004. The Success of Open Source. Cambridge, MA: Harvard University Press.","19"
"URL-OCC-0120","ArXiv.org","ArXiv.org","","113","113","98","4 - Countering Enclosure: Reclaiming the Knowledge Commons","arXiv","repository / archive / digital library","Like universities, academic disciplines have also created a rich array of digital repositories. The first, the Los Alamos ArXiv.org, begun in 1991 by physicist Paul Ginsparg, provides low-cost access to scientific research papers in physics and related fields before peer review and sub-","2"
"URL-OCC-0121","ArXiv.org","ArXiv.org","","113","113","98","4 - Countering Enclosure: Reclaiming the Knowledge Commons","arXiv","repository / archive / digital library","distribution server, now maintained by the Cornell University Libraries, receives as many as 300,000 queries per day, and includes more than 350,000 papers.58 By 2003, papers located on the ArXiv.org e-print service were cited about twice as often as astrophysics papers that were not, according to a report presented at the American Astronomical","8"
"URL-OCC-0122","ArXiv.org","ArXiv.org","","113","113","98","4 - Countering Enclosure: Reclaiming the Knowledge Commons","arXiv","repository / archive / digital library","not, according to a report presented at the American Astronomical Society (AAS) Publications Board in November 2003.59 Following the success of ArXiv.org, numerous other disciplines have created reposito- ries, such as EconWPA, the Oxford Text Archive, the PhilSci Archive, the Networked Digital Library of Theses and Dissertations, the Conser-","12"
"URL-OCC-0123","arXiv.org","arXiv.org","","125","125","110","4 - Countering Enclosure: Reclaiming the Knowledge Commons","arXiv","repository / archive / digital library","evolve, we need to learn how to avoid the tragedy of the commons by studying viable governance, management, and financial structures. We need to conduct case studies of mature projects like arXiv.org so we can learn best practices, apply them to other projects, and inform the dis- course about commons. Likewise, we need to monitor and evaluate the","34"
"URL-OCC-0124","info-commons.org","info-commons.org","","127","127","112","4 - Countering Enclosure: Reclaiming the Knowledge Commons","Info-Commons / American Library Association","media","Finally, it is important to recognize that building information commons does not mean a total rejection of the for-profit media indus- try. As Frederick Emrich, the editor of the info-commons.org website, points out: “Commercial uses of information serve a vital role in ensur- ing that new ideas are produced. So long as commercial uses of infor-","11"
"URL-OCC-0125","http://support.dialog.com/publications/chronolog/200206/1020628.shtml","http://support.dialog.com/publications/chronolog/200206/1020628.shtml","","128","128","113","4 - Countering Enclosure: Reclaiming the Knowledge Commons","support.dialog.com","conference / workshop / event","3. Roger Summit, “Reflections on the Beginnings of Dialog: The Birth of Online Information Access,” Dialog Corporation History (June 2002), http://support .dialog.com/publications/chronolog/200206/1020628.shtml; see also Christine Borgman, From Gutenberg to the Global Information Infrastructure: Access to Information in the Networked World (Cambridge, MA: MIT Press, 2000).","2"
"URL-OCC-0126","http://www.brown.edu/Administration/George_Street_Journal/vol24/24GSJ19c.html","http://www.brown.edu/Administration/George_Street_Journal/vol24/24GSJ19c.html","","128","128","113","4 - Countering Enclosure: Reclaiming the Knowledge Commons","Brown University","article / report / publication","7. Scott J. Turner, “Library Sees Red over Rising Journal Prices: Dangling Red Tags Are Marking Periodicals That Have One-Year Subscription Rates of $1,000 or Higher,” George Street Journal 24 (March 10–16, 2000), http:// www.brown.edu/Administration/George_Street_Journal/vol24/24GSJ19c.html; Lee Van Orsdel and Kathleen Born, “Big Chill on the Big Deal?”, Library Journal, 128/7 (April 15, 2003): 51–56, http://www.libraryjournal.com/","23"
"URL-OCC-0127","http://www.libraryjournal.com/index.asp?layout=article&articleid=CA289187&publication=libraryjournal","http://www.libraryjournal.com/index.asp?layout=article&articleid=CA289187&publication=libraryjournal","","128","128","113","4 - Countering Enclosure: Reclaiming the Knowledge Commons","Library Journal","license / intellectual-property resource","www.brown.edu/Administration/George_Street_Journal/vol24/24GSJ19c.html; Lee Van Orsdel and Kathleen Born, “Big Chill on the Big Deal?”, Library Journal, 128/7 (April 15, 2003): 51–56, http://www.libraryjournal.com/ index.asp?layout=article&articleid=CA289187&publication=libraryjournal. 8. Carl T. Bergstrom and Theodore C. Bergstrom, “The Costs and Benefits of Library Site Licenses to Academic Journals,” Proceedings of the National","26"
"URL-OCC-0128","http://www.arl.org/create/resources/CreateChange2003.pdf","http://www.arl.org/create/resources/CreateChange2003.pdf","","128","128","113","4 - Countering Enclosure: Reclaiming the Knowledge Commons","Association of Research Libraries / SPARC","article / report / publication","Libraries, SPARC, Create Change: New Systems of Scholarly Communication (Washington, DC: Association of Research Libraries, October 2003), http://www.arl.org/create/resources/CreateChange2003.pdf. 10. For more details about the impact of these developments, see Brian Hawkins and Patricia Battin, The Mirage of Continuity: Reconfiguring Academic Infor-","34"
"URL-OCC-0129","http://www.arl.org/scomm/Thorin.pdf","http://www.arl.org/scomm/Thorin.pdf","","128","128","113","4 - Countering Enclosure: Reclaiming the Knowledge Commons","Association of Research Libraries / SPARC","initiative / declaration / policy","Suzanne Thorin, “Global Changes in Scholarly Communication,” paper pre- sented at e-Workshops on Scholarly Communication in the Digital Era, Feng Chia University, Taichung, Taiwan, August 11–24, 2003, http://www.arl.org/ scomm/Thorin.pdf; Information Access Alliance, Publisher Mergers Threaten Access to Scientific, Medical, and Research Information (Washington, DC: Infor- mation Access Alliance, 2003), http://www.arl.org/scomm/mergers/background","41"
"URL-OCC-0130","http://www.arl.org/scomm/mergers/background_info.pdf","http://www.arl.org/scomm/mergers/background_info.pdf","","128","128","113","4 - Countering Enclosure: Reclaiming the Knowledge Commons","Association of Research Libraries / SPARC","initiative / declaration / policy","scomm/Thorin.pdf; Information Access Alliance, Publisher Mergers Threaten Access to Scientific, Medical, and Research Information (Washington, DC: Infor- mation Access Alliance, 2003), http://www.arl.org/scomm/mergers/background _info.pdf. Countering Enclosure 113","44"
"URL-OCC-0131","http://www.dlib.org/dlib/september99/okerson/09okerson.html","http://www.dlib.org/dlib/september99/okerson/09okerson.html","","129","129","114","4 - Countering Enclosure: Reclaiming the Knowledge Commons","D-Lib Magazine","license / intellectual-property resource","11. Ann Okerson, “The LIBLICENSE Project and How it Grows,” D-Lib Mag- azine, 5/9 (September 1999), http://www.dlib.org/dlib/september99/okerson/ 09okerson.html; Yale University Libraries and the Council on Library Resources, Liblicense, website for resources about library licenses, http://www.library .yale.edu/~llicense/index.shtml; AFFECT: Americans for Fair Electronic Com-","2"
"URL-OCC-0132","http://www.library.yale.edu/~llicense/index.shtml","http://www.library.yale.edu/~llicense/index.shtml","","129","129","114","4 - Countering Enclosure: Reclaiming the Knowledge Commons","Liblicense / Yale University Library","license / intellectual-property resource","azine, 5/9 (September 1999), http://www.dlib.org/dlib/september99/okerson/ 09okerson.html; Yale University Libraries and the Council on Library Resources, Liblicense, website for resources about library licenses, http://www.library .yale.edu/~llicense/index.shtml; AFFECT: Americans for Fair Electronic Com- merce Transactions, “Why We Oppose UCITA,” http://www.affect.ucita.com/ why.html.","4"
"URL-OCC-0133","http://www.affect.ucita.com/why.html","http://www.affect.ucita.com/why.html","","129","129","114","4 - Countering Enclosure: Reclaiming the Knowledge Commons","AFFECT / UCITA","license / intellectual-property resource","Liblicense, website for resources about library licenses, http://www.library .yale.edu/~llicense/index.shtml; AFFECT: Americans for Fair Electronic Com- merce Transactions, “Why We Oppose UCITA,” http://www.affect.ucita.com/ why.html. 12. Brian Kahin, “Scholarly Communication in the Networked Environment: Issues of Principle, Policy, and Practice,” in Robin P. Peek and Gregory B. Newby,","6"
"URL-OCC-0134","http://hraunfoss.fcc.gov/edocs_public/attachmatch/FCC-03-273A1.pdf","http://hraunfoss.fcc.gov/edocs_public/attachmatch/FCC-03-273A1.pdf","","129","129","114","4 - Countering Enclosure: Reclaiming the Knowledge Commons","Federal Communications Commission","article / report / publication","16. “Report and Order and Further Notice of Proposed Rulemaking,” In the Matter of: Digital Broadcast Content Protection, MB Docket 02-230, Novem- ber 4, 2003, http://hraunfoss.fcc.gov/edocs_public/attachmatch/FCC-03-273A1 .pdf. In March 2004, the American Library Association and Public Knowledge filed suit challenging the FCC's authority to issue these regulations. See Ameri- can Library Association v. FCC, No. 04-1037 (D.C. Cir., filed March 3, 2004).","20"
"URL-OCC-0135","http://www.cdt.org/copyright/031216broadcastflag.pdf","http://www.cdt.org/copyright/031216broadcastflag.pdf","","129","129","114","4 - Countering Enclosure: Reclaiming the Knowledge Commons","Center for Democracy & Technology","license / intellectual-property resource","nology, Implications of the Broadcast Flag: A Public Interest Primer (version 2.0) (Washington, DC: Center for Democracy and Technology, December 2003), http://www.cdt.org/copyright/031216broadcastflag.pdf; Public Knowledge,","29"
"URL-OCC-0136","http://www.publicknowledge.org/issues/current-issues/issue-broadcast-flag/","http://www.publicknowledge.org/issues/current-issues/issue-broadcast-flag/","","129","129","114","4 - Countering Enclosure: Reclaiming the Knowledge Commons","Public Knowledge","article / report / publication","Broadcast Flag, http://www.publicknowledge.org/issues/current-issues/issue -broadcast-flag/. 17. Eldred v. Ashcroft, 123 S.Ct. 769 (2003), http://www.supremecourtus.gov/ opinions/02pdf/01-618.pdf. Documents filed in the case are available at","34"
"URL-OCC-0137","http://www.supremecourtus.gov/opinions/02pdf/01-618.pdf","http://www.supremecourtus.gov/opinions/02pdf/01-618.pdf","","129","129","114","4 - Countering Enclosure: Reclaiming the Knowledge Commons","Supreme Court of the United States","license / intellectual-property resource","http://www.publicknowledge.org/issues/current-issues/issue -broadcast-flag/. 17. Eldred v. Ashcroft, 123 S.Ct. 769 (2003), http://www.supremecourtus.gov/ opinions/02pdf/01-618.pdf. Documents filed in the case are available at http://eldred.cc/; for additional background, see Marjorie Heins, “The Progress of Science and Useful Arts”: Why Copyright Today Threatens Intellectual","36"
"URL-OCC-0138","http://eldred.cc/","http://eldred.cc/","","129","129","114","4 - Countering Enclosure: Reclaiming the Knowledge Commons","Eldred v. Ashcroft campaign","license / intellectual-property resource","17. Eldred v. Ashcroft, 123 S.Ct. 769 (2003), http://www.supremecourtus.gov/ opinions/02pdf/01-618.pdf. Documents filed in the case are available at http://eldred.cc/; for additional background, see Marjorie Heins, “The Progress of Science and Useful Arts”: Why Copyright Today Threatens Intellectual Freedom (New York: Free Expression Policy Project, 2003), 15–23; American","38"
"URL-OCC-0139","http://www.ala.org/Template.cfm?Section=copyrightcases&Template=/ContentManagement/ContentDisplay.cfm&ContentID=20264","http://www.ala.org/Template.cfm?Section=copyrightcases&Template=/ContentManagement/ContentDisplay.cfm&ContentID=20264","","129","129","114","4 - Countering Enclosure: Reclaiming the Knowledge Commons","American Library Association","license / intellectual-property resource","of Science and Useful Arts”: Why Copyright Today Threatens Intellectual Freedom (New York: Free Expression Policy Project, 2003), 15–23; American Library Association, Eldred v. Ashcroft website, http://www.ala.org/Template .cfm?Section=copyrightcases&Template=/ContentManagement/ContentDisplay .cfm&ContentID=20264; Open Law, Eldred v. Ashcroft website, http://cyber .law.harvard.edu/openlaw/eldredvashcroft/; “Eldred v. Ashcroft,” Wikipedia, http://en.wikipedia.org/wiki/Eldred_v._Reno.","41"
"URL-OCC-0140","http://cyber.law.harvard.edu/openlaw/eldredvashcroft/","http://cyber.law.harvard.edu/openlaw/eldredvashcroft/","","129","129","114","4 - Countering Enclosure: Reclaiming the Knowledge Commons","Berkman Center / Harvard Law School","license / intellectual-property resource","Library Association, Eldred v. Ashcroft website, http://www.ala.org/Template .cfm?Section=copyrightcases&Template=/ContentManagement/ContentDisplay .cfm&ContentID=20264; Open Law, Eldred v. Ashcroft website, http://cyber .law.harvard.edu/openlaw/eldredvashcroft/; “Eldred v. Ashcroft,” Wikipedia, http://en.wikipedia.org/wiki/Eldred_v._Reno. 18. A & M Records v. Napster, 239 F.3d 1004 (9th Cir. 2001); Metro-Goldwyn-","43"
"URL-OCC-0141","http://en.wikipedia.org/wiki/Eldred_v._Reno","http://en.wikipedia.org/wiki/Eldred_v._Reno","","129","129","114","4 - Countering Enclosure: Reclaiming the Knowledge Commons","Wikipedia","law / court / government record",".cfm&ContentID=20264; Open Law, Eldred v. Ashcroft website, http://cyber .law.harvard.edu/openlaw/eldredvashcroft/; “Eldred v. Ashcroft,” Wikipedia, http://en.wikipedia.org/wiki/Eldred_v._Reno. 18. A & M Records v. Napster, 239 F.3d 1004 (9th Cir. 2001); Metro-Goldwyn- Mayer Studios v. Grokster, U.S. Supreme Court, No. 04-480, Syllabus and","45"
"URL-OCC-0142","http://www.supremecourtus.gov/opinions/02pdf/02-361.pdf","http://www.supremecourtus.gov/opinions/02pdf/02-361.pdf","","130","130","115","4 - Countering Enclosure: Reclaiming the Knowledge Commons","Supreme Court of the United States","article / report / publication","19. For more information about filters and CIPA, see U.S. Supreme Court, United States et al. v. American Library Association, et al., No. 02-361, Syllabus and Opinion of the Court, 2003, http://www.supremecourtus.gov/opinions/ 02pdf/02-361.pdf; National Research Council, Tools and Strategies for Protect- ing Kids from Pornography and Their Applicability to Other Inappropriate Internet Content","5"
"URL-OCC-0143","http://books.nap.edu/html/youth_internet/","http://books.nap.edu/html/youth_internet/","","130","130","115","4 - Countering Enclosure: Reclaiming the Knowledge Commons","National Academies Press","article / report / publication","Internet Content (Washington, DC: National Research Council, 2001), http://books.nap.edu/html/youth_internet/; U.S. Children's Online Protection Act Commission, Final Report of the COPA Commission Presented to Congress, October 20, 2000 (Washington, DC: Government Printing Office, 2000),","10"
"URL-OCC-0144","http://www.copacommission.org/report/","http://www.copacommission.org/report/","","130","130","115","4 - Countering Enclosure: Reclaiming the Knowledge Commons","Commission on Online Child Protection","article / report / publication","Commission, Final Report of the COPA Commission Presented to Congress, October 20, 2000 (Washington, DC: Government Printing Office, 2000), http://www.copacommission.org/report/; U.S. District Court for Eastern Penn- sylvania, American Library Association v. the United States et al. No. 01-1303: Opinion of the Court, Philadelphia, May 31, 2002, http://www.ala.org/ala/","13"
"URL-OCC-0145","http://www.ala.org/ala/washoff/WOissues/civilliberties/cipaweb/legalhistory/internet.pdf","http://www.ala.org/ala/washoff/WOissues/civilliberties/cipaweb/legalhistory/internet.pdf","","130","130","115","4 - Countering Enclosure: Reclaiming the Knowledge Commons","American Library Association","article / report / publication","http://www.copacommission.org/report/; U.S. District Court for Eastern Penn- sylvania, American Library Association v. the United States et al. No. 01-1303: Opinion of the Court, Philadelphia, May 31, 2002, http://www.ala.org/ala/ washoff/WOissues/civilliberties/cipaweb/legalhistory/internet.pdf; American Library Association, “CIPA,” website, http://www.ala.org/cipa.","15"
"URL-OCC-0146","http://www.ala.org/cipa","http://www.ala.org/cipa","","130","130","115","4 - Countering Enclosure: Reclaiming the Knowledge Commons","American Library Association","article / report / publication","washoff/WOissues/civilliberties/cipaweb/legalhistory/internet.pdf; American Library Association, “CIPA,” website, http://www.ala.org/cipa. 20. Nancy Kranich, “Government Information: Less Is Dangerous,” Thought and Action: The NEA Higher Education Journal 4 (spring 1988): 37–48.","18"
"URL-OCC-0147","http://www.fepproject.org/commentaries/patriotact.html","http://www.fepproject.org/commentaries/patriotact.html","","130","130","115","4 - Countering Enclosure: Reclaiming the Knowledge Commons","Free Expression Policy Project","repository / archive / digital library","and Action: The NEA Higher Education Journal 4 (spring 1988): 37–48. 21. Nancy Kranich, The Impact of the USA PATRIOT Act on Free Expression (New York: Free Expression Policy Project, May 2003), http://www .fepproject.org/commentaries/patriotact.html; “Update” (August 27, 2003), http://www.fepproject.org/commentaries/patriotactupdate.html. 22. National Security Archive, The Ashcroft Memo: “Drastic” Change or “More","22"
"URL-OCC-0148","http://www.fepproject.org/commentaries/patriotactupdate.html","http://www.fepproject.org/commentaries/patriotactupdate.html","","130","130","115","4 - Countering Enclosure: Reclaiming the Knowledge Commons","Free Expression Policy Project","repository / archive / digital library","(New York: Free Expression Policy Project, May 2003), http://www .fepproject.org/commentaries/patriotact.html; “Update” (August 27, 2003), http://www.fepproject.org/commentaries/patriotactupdate.html. 22. National Security Archive, The Ashcroft Memo: “Drastic” Change or “More Thunder Than Lightning”? (Washington, DC: National Security Archive, 2003),","24"
"URL-OCC-0149","http://www.gwu.edu/%7Ensarchiv/NSAEBB/NSAEBB84/index.html","http://www.gwu.edu/%7Ensarchiv/NSAEBB/NSAEBB84/index.html","","130","130","115","4 - Countering Enclosure: Reclaiming the Knowledge Commons","National Security Archive / George Washington University","repository / archive / digital library","22. National Security Archive, The Ashcroft Memo: “Drastic” Change or “More Thunder Than Lightning”? (Washington, DC: National Security Archive, 2003), http://www.gwu.edu/%7Ensarchiv/NSAEBB/NSAEBB84/index.html. 23. Information Security Oversight Office, Report to the President, 2004, U.S. National Archives and Records Administration, Information Oversight Office,","27"
"URL-OCC-0150","http://www.archives.gov/isoo/reports/2004-annual-report.html#10","http://www.archives.gov/isoo/reports/2004-annual-report.html#10","","130","130","115","4 - Countering Enclosure: Reclaiming the Knowledge Commons","U.S. National Archives and Records Administration","repository / archive / digital library","23. Information Security Oversight Office, Report to the President, 2004, U.S. National Archives and Records Administration, Information Oversight Office, 2005, http://www.archives.gov/isoo/reports/2004-annual-report.html#10. 24. Andrew Card, “Memorandum for Heads of Departments and Agencies: Action to Safeguard Information Regarding Weapons of Mass Destruction and","30"
"URL-OCC-0151","http://www.usdoj.gov/oip/foiapost/2002foiapost10.htm","http://www.usdoj.gov/oip/foiapost/2002foiapost10.htm","","130","130","115","4 - Countering Enclosure: Reclaiming the Knowledge Commons","U.S. Department of Justice","law / court / government record","Action to Safeguard Information Regarding Weapons of Mass Destruction and Other Sensitive Documents Related to Homeland Security,” (Washington, DC: U.S. Office of the President, March 21, 2002), http://www.usdoj.gov/oip/ foiapost/2002foiapost10.htm. 25. American Library Association, Washington Office, Sensitive Homeland Security Information (Washington, DC: American Library Association, 2003),","34"
"URL-OCC-0152","http://www.ala.org/Template.cfm?Section=governmentinfo&Template=/ContentManagement/ContentDisplay.cfm&ContentID=80795#shsi","http://www.ala.org/Template.cfm?Section=governmentinfo&Template=/ContentManagement/ContentDisplay.cfm&ContentID=80795#shsi","","130","130","115","4 - Countering Enclosure: Reclaiming the Knowledge Commons","American Library Association","law / court / government record","25. American Library Association, Washington Office, Sensitive Homeland Security Information (Washington, DC: American Library Association, 2003), http://www.ala.org/Template.cfm?Section=governmentinfo&Template=/ ContentManagement/ContentDisplay.cfm&ContentID=80795#shsi. 26. American Library Association, Washington Office, “Executive Order 13233, November 1, 2001, Further Implementation of the Presidential Records Act,”","38"
"URL-OCC-0153","http://www.ala.org/ala/washoff/WOissues/governmentinfo/laadmin.htm#exec","http://www.ala.org/ala/washoff/WOissues/governmentinfo/laadmin.htm#exec","","130","130","115","4 - Countering Enclosure: Reclaiming the Knowledge Commons","American Library Association","article / report / publication","26. American Library Association, Washington Office, “Executive Order 13233, November 1, 2001, Further Implementation of the Presidential Records Act,” http://www.ala.org/ala/washoff/WOissues/governmentinfo/laadmin.htm#exec. 27. “Statement on Scientific Publication and Security—January 2003,” Science 299/5610 (February 21, 2003): 1149.","42"
"URL-OCC-0154","http://www.aaup.org/statements/REPORTS/Post9-11.pdf","http://www.aaup.org/statements/REPORTS/Post9-11.pdf","","131","131","116","4 - Countering Enclosure: Reclaiming the Knowledge Commons","American Association of University Professors","article / report / publication","National Security in a Time of Crisis, “Report of an AAUP Special Committee,” Academe: Bulletin of the American Association of University Professors 89/6 (November–December 2003), http://www.aaup.org/statements/REPORTS/Post9 -11.pdf; National Research Council (NRC), Committee on Research Standards and Practices to Prevent the Destructive Application of Biotechnology, Biotech- nology Research in an Age of Terrorism (Washington, DC: National Academies","4"
"URL-OCC-0155","http://www.pewinternet.org/pdfs/PIP_Digital_Divisions_Oct_5_2005.pdf","http://www.pewinternet.org/pdfs/PIP_Digital_Divisions_Oct_5_2005.pdf","","131","131","116","4 - Countering Enclosure: Reclaiming the Knowledge Commons","Pew Internet & American Life Project","article / report / publication","5, 2005), http://www.pewinternet.org/pdfs/PIP_Digital_Divisions _Oct_5_2005.pdf; Robert W. Fairlie, Are We Really a Nation Online? Ethnic and Racial Disparities in Access to Technology and Their Consequences (Washington, DC: Leadership Conference on Civil Rights Education Fund,","17"
"URL-OCC-0156","http://www.civilrights.org/issues/communication/digitaldivide.pdf","http://www.civilrights.org/issues/communication/digitaldivide.pdf","","131","131","116","4 - Countering Enclosure: Reclaiming the Knowledge Commons","Leadership Conference on Civil and Human Rights","article / report / publication","20, 2005), http://www.civilrights.org/issues/communication/ digitaldivide.pdf. 31. Jeffrey Young, “Technology Gap among Colleges Perpetuates ‘Digital Divide' in Society, Expert Warns: Logging in with Larry Irving,” Chronicle of","24"
"URL-OCC-0157","http://chronicle.com/free/2002/06/2002060402t.htm","http://chronicle.com/free/2002/06/2002060402t.htm","","131","131","116","4 - Countering Enclosure: Reclaiming the Knowledge Commons","Chronicle of Higher Education","article / report / publication","4, 2002), http://chronicle.com/free/2002/06/ 2002060402t.htm. 32. Eszter Hargittai, “Second-Level Digital Divide: Differences in People's Online Skills,” First Monday, 7/4 (April 2002), http://firstmonday.org/issues/","33"
"URL-OCC-0158","http://firstmonday.org/issues/issue7_4/hargittai/index.html","http://firstmonday.org/issues/issue7_4/hargittai/index.html","","131","131","116","4 - Countering Enclosure: Reclaiming the Knowledge Commons","First Monday","article / report / publication","2002060402t.htm. 32. Eszter Hargittai, “Second-Level Digital Divide: Differences in People's Online Skills,” First Monday, 7/4 (April 2002), http://firstmonday.org/issues/ issue7_4/hargittai/index.html. 33. Nancy Kranich, “Literacy in the Digital Age,” in Susan Kretchmer, ed., Navigating the Network Society: The Challenges and Opportunities of the","36"
"URL-OCC-0159","http://www.law.duke.edu/shell/cite.pl?52+Duke+L.+J.+1245","http://www.law.duke.edu/shell/cite.pl?52+Duke+L.+J.+1245","","131","131","116","4 - Countering Enclosure: Reclaiming the Knowledge Commons","Duke University School of Law / Law and Contemporary Problems","article / report / publication","36. Yochai Benkler, “Freedom in the Commons: Towards a Political Economy of Information,” Duke Law Journal 55/6 (April 2003): 1245–1276 (quote on 1256), http://www.law.duke.edu/shell/cite.pl?52+Duke+L.+J.+1245. 37. Yochai Benkler, “From Consumers to Users: Shifting the Deeper Structures of Regulation toward Sustainable Commons and User Access,” Federal Com-","47"
"URL-OCC-0160","http://www.law.indiana.edu/fclj/pubs/v52/no3/benkler1.pdf","http://www.law.indiana.edu/fclj/pubs/v52/no3/benkler1.pdf","","131","131","116","4 - Countering Enclosure: Reclaiming the Knowledge Commons","Indiana University","article / report / publication","of Regulation toward Sustainable Commons and User Access,” Federal Com- munications Law Journal 52/3 (2000): 579, http://www.law.indiana.edu/ fclj/pubs/v52/no3/benkler1.pdf. 38. David Bollier, “Artists, Technology and the Ownership of Creative Content,” Center for the Creative Community, November 2003, p. 98, http://","51"
"URL-OCC-0161","http://www.culturalcommons.org/comment-print.cfm?ID=10","http://www.culturalcommons.org/comment-print.cfm?ID=10","","131","131","116","4 - Countering Enclosure: Reclaiming the Knowledge Commons","Cultural Commons / Center for the Creative Community","article / report / publication","fclj/pubs/v52/no3/benkler1.pdf. 38. David Bollier, “Artists, Technology and the Ownership of Creative Content,” Center for the Creative Community, November 2003, p. 98, http:// www.culturalcommons.org/comment-print.cfm?ID=10. 116 Nancy Kranich","54"
"URL-OCC-0162","http://www.newamerica.net/Download_Docs/pdfs/Pub_File_650_1.pdf","http://www.newamerica.net/Download_Docs/pdfs/Pub_File_650_1.pdf","","132","132","117","4 - Countering Enclosure: Reclaiming the Knowledge Commons","New America Foundation","article / report / publication","Digest 65 (June 2003): 1–4; David Bollier, Public Assets, Private Profits: Reclaiming the American Commons in an Age of Market Enclosure (Washing- ton, DC: New America Foundation, 2001), http://www.newamerica.net/ Download_Docs/pdfs/Pub_File_650_1.pdf; David Bollier and Tim Watts, Saving the Information Commons: A New Public Interest Agenda in Digital Media (Washington, DC: New America Foundation and Public Knowledge, 2002),","5"
"URL-OCC-0163","http://www.newamerica.net/Download_Docs/pdfs/Pub_File_866_1.pdf","http://www.newamerica.net/Download_Docs/pdfs/Pub_File_866_1.pdf","","132","132","117","4 - Countering Enclosure: Reclaiming the Knowledge Commons","New America Foundation","article / report / publication","the Information Commons: A New Public Interest Agenda in Digital Media (Washington, DC: New America Foundation and Public Knowledge, 2002), http://www.newamerica.net/Download_Docs/pdfs/Pub_File_866_1.pdf; David Bollier, Silent Theft: The Private Plunder of Our Common Wealth (New York:","9"
"URL-OCC-0164","http://www.law.duke.edu/journals/66LCPHess","http://www.law.duke.edu/journals/66LCPHess","","132","132","117","4 - Countering Enclosure: Reclaiming the Knowledge Commons","Duke University School of Law / Law and Contemporary Problems","article / report / publication","41. Charlotte Hess and Elinor Ostrom, “Ideas, Artifacts, and Facilities: Infor- mation as a Common-Pool Resource,” Law & Contemporary Problems 66/1–2 (winter/spring 2003): 144–145, http://www.law.duke.edu/journals/66LCPHess. 42. Peter Levine, “Building the Electronic Commons,” The Good Society 11/3 (2002): 5–8, http://www.peterlevine.ws/goodsociety.pdf.","18"
"URL-OCC-0165","http://www.peterlevine.ws/goodsociety.pdf","http://www.peterlevine.ws/goodsociety.pdf","","132","132","117","4 - Countering Enclosure: Reclaiming the Knowledge Commons","Peter Levine","article / report / publication","(winter/spring 2003): 144–145, http://www.law.duke.edu/journals/66LCPHess. 42. Peter Levine, “Building the Electronic Commons,” The Good Society 11/3 (2002): 5–8, http://www.peterlevine.ws/goodsociety.pdf. 43. For more information, see SPARC, http://www.arl.org/sparc/core/index.asp ?page=a0.","20"
"URL-OCC-0166","http://www.arl.org/sparc/core/index.asp?page=a0","http://www.arl.org/sparc/core/index.asp?page=a0","","132","132","117","4 - Countering Enclosure: Reclaiming the Knowledge Commons","Association of Research Libraries / SPARC","article / report / publication","42. Peter Levine, “Building the Electronic Commons,” The Good Society 11/3 (2002): 5–8, http://www.peterlevine.ws/goodsociety.pdf. 43. For more information, see SPARC, http://www.arl.org/sparc/core/index.asp ?page=a0. 44. American Anthropological Association, AnthroSource: Enriching Scholar- ship and Building Global Communities, http:///www.aaanet.org/anthrosource/","21"
"URL-OCC-0167","http:///www.aaanet.org/anthrosource/index.htm","http://www.aaanet.org/anthrosource/index.htm","","132","132","117","4 - Countering Enclosure: Reclaiming the Knowledge Commons","American Anthropological Association / AnthroSource","initiative / declaration / policy","?page=a0. 44. American Anthropological Association, AnthroSource: Enriching Scholar- ship and Building Global Communities, http:///www.aaanet.org/anthrosource/ index.htm. See also “Open-Access Policy Statements by Learned Societies and Professional Associations,” http://www.earlham.edu/~peters/fos/lists.htm. For more information about these issues, see the Association of Learned and Pro-","24"
"URL-OCC-0168","http://www.earlham.edu/~peters/fos/lists.htm","http://www.earlham.edu/~peters/fos/lists.htm","","132","132","117","4 - Countering Enclosure: Reclaiming the Knowledge Commons","Peter Suber / Earlham College","initiative / declaration / policy","ship and Building Global Communities, http:///www.aaanet.org/anthrosource/ index.htm. See also “Open-Access Policy Statements by Learned Societies and Professional Associations,” http://www.earlham.edu/~peters/fos/lists.htm. For more information about these issues, see the Association of Learned and Pro- fessional Society Publishers, website, http://www.alpsp.org/default.htm; the Free","26"
"URL-OCC-0169","http://www.alpsp.org/default.htm","http://www.alpsp.org/default.htm","","132","132","117","4 - Countering Enclosure: Reclaiming the Knowledge Commons","Association of Learned and Professional Society Publishers","article / report / publication","Professional Associations,” http://www.earlham.edu/~peters/fos/lists.htm. For more information about these issues, see the Association of Learned and Pro- fessional Society Publishers, website, http://www.alpsp.org/default.htm; the Free Online Scholarship Newsletter and blog, http://www.earlham.edu/~peters/fos/. 45. Peter Suber, “Removing the Barriers to Research: An Introduction to Open","28"
"URL-OCC-0170","http://www.earlham.edu/~peters/fos/","http://www.earlham.edu/~peters/fos/","","132","132","117","4 - Countering Enclosure: Reclaiming the Knowledge Commons","Peter Suber / Earlham College","article / report / publication","more information about these issues, see the Association of Learned and Pro- fessional Society Publishers, website, http://www.alpsp.org/default.htm; the Free Online Scholarship Newsletter and blog, http://www.earlham.edu/~peters/fos/. 45. Peter Suber, “Removing the Barriers to Research: An Introduction to Open Access for Librarians,” College & Research Libraries News 64/2 (February","29"
"URL-OCC-0171","http://www.earlham.edu/~peters/writing/acrl.htm","http://www.earlham.edu/~peters/writing/acrl.htm","","132","132","117","4 - Countering Enclosure: Reclaiming the Knowledge Commons","Peter Suber / Earlham College","web resource","45. Peter Suber, “Removing the Barriers to Research: An Introduction to Open Access for Librarians,” College & Research Libraries News 64/2 (February 2003): 92–94, 113, http://www.earlham.edu/~peters/writing/acrl.htm; Gerry McKiernan, “Open Access and Retrieval: Liberating the Scholarly Literature,” in David Fowler, ed., E-Serials Collection Management: Transitions, Trends, and","32"
"URL-OCC-0172","http://www.public.iastate.edu/~gerrymck/Open.pdf","http://www.public.iastate.edu/~gerrymck/Open.pdf","","132","132","117","4 - Countering Enclosure: Reclaiming the Knowledge Commons","Iowa State University / Gerry McKiernan","article / report / publication","in David Fowler, ed., E-Serials Collection Management: Transitions, Trends, and Technicalities (New York: Haworth Information Press, 2004), 197–220, http://www.public.iastate.edu/~gerrymck/Open.pdf; Association of Research Libraries, “What Is Open Access,” Washington, DC, http://www.arl.org/scomm/ open_access/framing.html#openaccess; David Prosser, “On the Transition of","36"
"URL-OCC-0173","http://www.arl.org/scomm/open_access/framing.html#openaccess","http://www.arl.org/scomm/open_access/framing.html#openaccess","","132","132","117","4 - Countering Enclosure: Reclaiming the Knowledge Commons","Association of Research Libraries / SPARC","article / report / publication","Technicalities (New York: Haworth Information Press, 2004), 197–220, http://www.public.iastate.edu/~gerrymck/Open.pdf; Association of Research Libraries, “What Is Open Access,” Washington, DC, http://www.arl.org/scomm/ open_access/framing.html#openaccess; David Prosser, “On the Transition of Journals to Open Access,” ARL Bimonthly Report, no. 227 (April 2003): 1–3, http://www.arl.org/newsltr/227/openaccess.html; Walt Crawford, “A Scholarly","37"
"URL-OCC-0174","http://www.arl.org/newsltr/227/openaccess.html","http://www.arl.org/newsltr/227/openaccess.html","","132","132","117","4 - Countering Enclosure: Reclaiming the Knowledge Commons","Association of Research Libraries / SPARC","article / report / publication","open_access/framing.html#openaccess; David Prosser, “On the Transition of Journals to Open Access,” ARL Bimonthly Report, no. 227 (April 2003): 1–3, http://www.arl.org/newsltr/227/openaccess.html; Walt Crawford, “A Scholarly Access Perspective,” Cites & Insights: Crawford at Large, 3/13 (November 2003), http://cites.boisestate.edu/civ3i13.pdf; Paula Hane, “The Latest Develop-","40"
"URL-OCC-0175","http://cites.boisestate.edu/civ3i13.pdf","http://cites.boisestate.edu/civ3i13.pdf","","132","132","117","4 - Countering Enclosure: Reclaiming the Knowledge Commons","Cites & Insights","article / report / publication","http://www.arl.org/newsltr/227/openaccess.html; Walt Crawford, “A Scholarly Access Perspective,” Cites & Insights: Crawford at Large, 3/13 (November 2003), http://cites.boisestate.edu/civ3i13.pdf; Paula Hane, “The Latest Develop- ments in Open Access, E-Books and More,” Information Today, 21/1 (January 2, 2004), http://www.infotoday.com/IT/jan04/hane1.shtml. For a timeline of","42"
"URL-OCC-0176","http://www.infotoday.com/IT/jan04/hane1.shtml","http://www.infotoday.com/IT/jan04/hane1.shtml","","132","132","117","4 - Countering Enclosure: Reclaiming the Knowledge Commons","Information Today","article / report / publication","2003), http://cites.boisestate.edu/civ3i13.pdf; Paula Hane, “The Latest Develop- ments in Open Access, E-Books and More,” Information Today, 21/1 (January 2, 2004), http://www.infotoday.com/IT/jan04/hane1.shtml. For a timeline of the open-access movement, see Peter Suber, “Timeline of the Free Online Countering Enclosure","44"
"URL-OCC-0177","http://www.earlham.edu/~peters/fos/timeline.htm","http://www.earlham.edu/~peters/fos/timeline.htm","","133","133","118","4 - Countering Enclosure: Reclaiming the Knowledge Commons","Peter Suber / Earlham College","article / report / publication","Scholarship Movement,” http://www.earlham.edu/~peters/fos/timeline.htm. See also SPARC Open Access Newsletter (Washington, DC: SPARC), http:// www.earlham.edu/~peters/fos/; Peter Suber, Open Access News Blog, http://","1"
"URL-OCC-0178","http://www.earlham.edu/~peters/fos/","http://www.earlham.edu/~peters/fos/","","133","133","118","4 - Countering Enclosure: Reclaiming the Knowledge Commons","Peter Suber / Earlham College","article / report / publication","Scholarship Movement,” http://www.earlham.edu/~peters/fos/timeline.htm. See also SPARC Open Access Newsletter (Washington, DC: SPARC), http:// www.earlham.edu/~peters/fos/; Peter Suber, Open Access News Blog, http:// www.earlham.edu/~peters/fos/fosblog.html. 46. For more information including a Guide to Business Planning, see Budapest","2"
"URL-OCC-0179","http://www.earlham.edu/~peters/fos/fosblog.html","http://www.earlham.edu/~peters/fos/fosblog.html","","133","133","118","4 - Countering Enclosure: Reclaiming the Knowledge Commons","Peter Suber / Earlham College","initiative / declaration / policy","Scholarship Movement,” http://www.earlham.edu/~peters/fos/timeline.htm. See also SPARC Open Access Newsletter (Washington, DC: SPARC), http:// www.earlham.edu/~peters/fos/; Peter Suber, Open Access News Blog, http:// www.earlham.edu/~peters/fos/fosblog.html. 46. For more information including a Guide to Business Planning, see Budapest Open Access Initiative, http://www.soros.org/openaccess/.","3"
"URL-OCC-0180","http://www.soros.org/openaccess/","http://www.soros.org/openaccess/","","133","133","118","4 - Countering Enclosure: Reclaiming the Knowledge Commons","Open Society Institute / Budapest Open Access Initiative","initiative / declaration / policy","www.earlham.edu/~peters/fos/fosblog.html. 46. For more information including a Guide to Business Planning, see Budapest Open Access Initiative, http://www.soros.org/openaccess/. 47. Steve Lawrence, “Online or Invisible?”, Nature 411/6837 (2001): 521. 48. Lund University Libraries, Directory of Open Access Journals (Lund,","6"
"URL-OCC-0181","http://www.doaj.org","http://www.doaj.org","","133","133","118","4 - Countering Enclosure: Reclaiming the Knowledge Commons","Directory of Open Access Journals","article / report / publication","47. Steve Lawrence, “Online or Invisible?”, Nature 411/6837 (2001): 521. 48. Lund University Libraries, Directory of Open Access Journals (Lund, Sweden: Lund University Libraries), http://www.doaj.org. 49. For more information about BioMedCentral, see http://www.biomedcentral .com.","9"
"URL-OCC-0182","http://www.biomedcentral.com","http://www.biomedcentral.com","","133","133","118","4 - Countering Enclosure: Reclaiming the Knowledge Commons","BioMed Central","article / report / publication","48. Lund University Libraries, Directory of Open Access Journals (Lund, Sweden: Lund University Libraries), http://www.doaj.org. 49. For more information about BioMedCentral, see http://www.biomedcentral .com. 50. Public Library of Science, http://www.plos.org/. For background informa- tion about PLoS, see Kurt Kleiner, “Free Online Journal Gives Sneak Preview,”","10"
"URL-OCC-0183","http://www.plos.org/","http://www.plos.org/","","133","133","118","4 - Countering Enclosure: Reclaiming the Knowledge Commons","Public Library of Science","article / report / publication","49. For more information about BioMedCentral, see http://www.biomedcentral .com. 50. Public Library of Science, http://www.plos.org/. For background informa- tion about PLoS, see Kurt Kleiner, “Free Online Journal Gives Sneak Preview,” New Scientist.com 18/18 (August 19, 2003), http://www.newscientist.com/","12"
"URL-OCC-0184","Scientist.com","Scientist.com","","133","133","118","4 - Countering Enclosure: Reclaiming the Knowledge Commons","scientist.com","article / report / publication","50. Public Library of Science, http://www.plos.org/. For background informa- tion about PLoS, see Kurt Kleiner, “Free Online Journal Gives Sneak Preview,” New Scientist.com 18/18 (August 19, 2003), http://www.newscientist.com/ news/news.jsp?id=ns99994071; Marydee Ojala, “Intro to Open Access: The Public Library of Science,” EContent: Digital Content Strategies and Resources","14"
"URL-OCC-0185","http://www.newscientist.com/news/news.jsp?id=ns99994071","http://www.newscientist.com/news/news.jsp?id=ns99994071","","133","133","118","4 - Countering Enclosure: Reclaiming the Knowledge Commons","New Scientist","article / report / publication","50. Public Library of Science, http://www.plos.org/. For background informa- tion about PLoS, see Kurt Kleiner, “Free Online Journal Gives Sneak Preview,” New Scientist.com 18/18 (August 19, 2003), http://www.newscientist.com/ news/news.jsp?id=ns99994071; Marydee Ojala, “Intro to Open Access: The Public Library of Science,” EContent: Digital Content Strategies and Resources (October 2003), http://www.econtentmag.com/?ArticleID=5552.","14"
"URL-OCC-0186","http://www.econtentmag.com/?ArticleID=5552","http://www.econtentmag.com/?ArticleID=5552","","133","133","118","4 - Countering Enclosure: Reclaiming the Knowledge Commons","EContent","article / report / publication","news/news.jsp?id=ns99994071; Marydee Ojala, “Intro to Open Access: The Public Library of Science,” EContent: Digital Content Strategies and Resources (October 2003), http://www.econtentmag.com/?ArticleID=5552. 51. For more information about BioOne, see SPARC, BioOne, http://www.arl .org/sparc/core/index.asp?page=d3.","17"
"URL-OCC-0187","http://www.arl.org/sparc/core/index.asp?page=d3","http://www.arl.org/sparc/core/index.asp?page=d3","","133","133","118","4 - Countering Enclosure: Reclaiming the Knowledge Commons","Association of Research Libraries / SPARC","repository / archive / digital library","Public Library of Science,” EContent: Digital Content Strategies and Resources (October 2003), http://www.econtentmag.com/?ArticleID=5552. 51. For more information about BioOne, see SPARC, BioOne, http://www.arl .org/sparc/core/index.asp?page=d3. 52. National Institutes of Health, Public Access, http://publicaccess.nih.gov/. 53. For more information, see Open Archives Initiative, website, http://www","18"
"URL-OCC-0188","http://publicaccess.nih.gov/","http://publicaccess.nih.gov/","","133","133","118","4 - Countering Enclosure: Reclaiming the Knowledge Commons","NIH Public Access","repository / archive / digital library","51. For more information about BioOne, see SPARC, BioOne, http://www.arl .org/sparc/core/index.asp?page=d3. 52. National Institutes of Health, Public Access, http://publicaccess.nih.gov/. 53. For more information, see Open Archives Initiative, website, http://www .openarchives.org/.","20"
"URL-OCC-0189","http://www.openarchives.org/","http://www.openarchives.org/","","133","133","118","4 - Countering Enclosure: Reclaiming the Knowledge Commons","Open Archives Initiative","repository / archive / digital library",".org/sparc/core/index.asp?page=d3. 52. National Institutes of Health, Public Access, http://publicaccess.nih.gov/. 53. For more information, see Open Archives Initiative, website, http://www .openarchives.org/. 54. This effort was boosted by articulation of the characteristics and responsi- bilities for large-scale, heterogeneous collections, which helped digital reposito-","21"
"URL-OCC-0190","http://www.rlg.org/longterm/repositories.pdf","http://www.rlg.org/longterm/repositories.pdf","","133","133","118","4 - Countering Enclosure: Reclaiming the Knowledge Commons","Research Libraries Group","repository / archive / digital library","ries provide the reliable, long-term access to resources. See Research Libraries Group and OCLC, Trusted Digital Repositories: Attributes and Responsibilities (Mountain View, CA: Research Libraries Group, May 2002), http://www.rlg.org/ longterm/repositories.pdf; see also Hess and Ostrom, “Ideas, Artifacts, and Facil- ities,” 139–141. 55. DSpace Federation, http://www.dspace.org.","27"
"URL-OCC-0191","http://www.dspace.org","http://www.dspace.org","","133","133","118","4 - Countering Enclosure: Reclaiming the Knowledge Commons","DSpace","repository / archive / digital library","longterm/repositories.pdf; see also Hess and Ostrom, “Ideas, Artifacts, and Facil- ities,” 139–141. 55. DSpace Federation, http://www.dspace.org. 56. See University of Montreal, Erudit, www.erudit.org; California Digital Library, eScholarship, http://repositories.cdlib.org/escholarship/; Institutional","30"
"URL-OCC-0192","www.erudit.org","www.erudit.org","","133","133","118","4 - Countering Enclosure: Reclaiming the Knowledge Commons","Érudit","repository / archive / digital library","ities,” 139–141. 55. DSpace Federation, http://www.dspace.org. 56. See University of Montreal, Erudit, www.erudit.org; California Digital Library, eScholarship, http://repositories.cdlib.org/escholarship/; Institutional Repository of Utrecht University, http://dispute.library.uu.nl/.","31"
"URL-OCC-0193","http://repositories.cdlib.org/escholarship/","http://repositories.cdlib.org/escholarship/","","133","133","118","4 - Countering Enclosure: Reclaiming the Knowledge Commons","California Digital Library / eScholarship","repository / archive / digital library","55. DSpace Federation, http://www.dspace.org. 56. See University of Montreal, Erudit, www.erudit.org; California Digital Library, eScholarship, http://repositories.cdlib.org/escholarship/; Institutional Repository of Utrecht University, http://dispute.library.uu.nl/. 57. Ann Wolford, “The Role of the Research University in Strengthening the","32"
"URL-OCC-0194","http://dispute.library.uu.nl/","http://dispute.library.uu.nl/","","133","133","118","4 - Countering Enclosure: Reclaiming the Knowledge Commons","Utrecht University institutional repository (DISPUTE)","repository / archive / digital library","56. See University of Montreal, Erudit, www.erudit.org; California Digital Library, eScholarship, http://repositories.cdlib.org/escholarship/; Institutional Repository of Utrecht University, http://dispute.library.uu.nl/. 57. Ann Wolford, “The Role of the Research University in Strengthening the Intellectual Commons: The OpenCourseWare and DSpace Initiatives at MIT,”","33"
"URL-OCC-0195","http://books.nap.edu/books/030908850X/html/187.html#pagetop","http://books.nap.edu/books/030908850X/html/187.html#pagetop","","133","133","118","4 - Countering Enclosure: Reclaiming the Knowledge Commons","National Academies Press","web resource","tions (BISO), The Role of Scientific and Technical Data and Information in the Public Domain: Proceedings of a Symposium (Washington, DC: National Academy Press, 2003), 187–190, http://books.nap.edu/books/030908850X/ html/187.html#pagetop; Clifford A.","39"
"URL-OCC-0196","http://muse.jhu.edu/journals/portal","http://muse.jhu.edu/journals/portal","","133","133","118","4 - Countering Enclosure: Reclaiming the Knowledge Commons","Project MUSE","article / report / publication","Repositories: Essential Infrastructure for Scholarship in the Digital Age,” portal: Libraries and the Academy, 3/2 (April 2003): 327, http://muse.jhu.edu/journals/portal 118 Nancy Kranich","47"
"URL-OCC-0197","http://www.dspace.org/","http://www.dspace.org/","","134","134","119","4 - Countering Enclosure: Reclaiming the Knowledge Commons","DSpace","repository / archive / digital library","_libraries_and_the_academy/v003/3.2lynch.html. See also Vivien Marx, “In DSpace, Ideas Are Forever,” New York Times (August 3, 2003): 4A, 8. The MIT DSpace digital repository is available at http://www.dspace.org/. MIT has also created OpenCourseWare, a collaborative courseware exchange, http://ocw.mit .edu/.","3"
"URL-OCC-0198","http://ocw.mit.edu/","http://ocw.mit.edu/","","134","134","119","4 - Countering Enclosure: Reclaiming the Knowledge Commons","MIT OpenCourseWare","repository / archive / digital library","DSpace, Ideas Are Forever,” New York Times (August 3, 2003): 4A, 8. The MIT DSpace digital repository is available at http://www.dspace.org/. MIT has also created OpenCourseWare, a collaborative courseware exchange, http://ocw.mit .edu/. 58. See Los Alamos e-Print Archive, http://www.arxiv.org/. Site use is reported at http://arxiv.org/show_weekdays_graph; site submissions are reported at","4"
"URL-OCC-0199","http://www.arxiv.org/","http://www.arxiv.org/","","134","134","119","4 - Countering Enclosure: Reclaiming the Knowledge Commons","arXiv","repository / archive / digital library","created OpenCourseWare, a collaborative courseware exchange, http://ocw.mit .edu/. 58. See Los Alamos e-Print Archive, http://www.arxiv.org/. Site use is reported at http://arxiv.org/show_weekdays_graph; site submissions are reported at http://arxiv.org/show_monthly_submissions. See also Paul Ginsparg, “Can Peer","6"
"URL-OCC-0200","http://arxiv.org/show_weekdays_graph","http://arxiv.org/show_weekdays_graph","","134","134","119","4 - Countering Enclosure: Reclaiming the Knowledge Commons","arXiv","repository / archive / digital library",".edu/. 58. See Los Alamos e-Print Archive, http://www.arxiv.org/. Site use is reported at http://arxiv.org/show_weekdays_graph; site submissions are reported at http://arxiv.org/show_monthly_submissions. See also Paul Ginsparg, “Can Peer Review Be Better Focused?”, http://arxiv.org/blurb/pg02pr.html.","7"
"URL-OCC-0201","http://arxiv.org/show_monthly_submissions","http://arxiv.org/show_monthly_submissions","","134","134","119","4 - Countering Enclosure: Reclaiming the Knowledge Commons","arXiv","repository / archive / digital library","58. See Los Alamos e-Print Archive, http://www.arxiv.org/. Site use is reported at http://arxiv.org/show_weekdays_graph; site submissions are reported at http://arxiv.org/show_monthly_submissions. See also Paul Ginsparg, “Can Peer Review Be Better Focused?”, http://arxiv.org/blurb/pg02pr.html. 59. “Summary of presentation by Greg Schwartz at the November 3–4 meeting","8"
"URL-OCC-0202","http://arxiv.org/blurb/pg02pr.html","http://arxiv.org/blurb/pg02pr.html","","134","134","119","4 - Countering Enclosure: Reclaiming the Knowledge Commons","arXiv","repository / archive / digital library","at http://arxiv.org/show_weekdays_graph; site submissions are reported at http://arxiv.org/show_monthly_submissions. See also Paul Ginsparg, “Can Peer Review Be Better Focused?”, http://arxiv.org/blurb/pg02pr.html. 59. “Summary of presentation by Greg Schwartz at the November 3–4 meeting of the American Astronomical Society (AAS) Publications Board,” PAMnet","9"
"URL-OCC-0203","http://listserv.nd.edu/cgi-bin/wa?A2=ind0311&L=pamnet&D=1&O=D&P=1632","http://listserv.nd.edu/cgi-bin/wa?A2=ind0311&L=pamnet&D=1&O=D&P=1632","","134","134","119","4 - Countering Enclosure: Reclaiming the Knowledge Commons","Notre Dame LISTSERV","web resource","November 13, http://listserv.nd.edu/cgi-bin/wa?A2=ind0311&L= pamnet&D=1&O=D&P=1632. 60. For more","15"
"URL-OCC-0204","http://econwpa.wustl.edu/","http://econwpa.wustl.edu/","","134","134","119","4 - Countering Enclosure: Reclaiming the Knowledge Commons","EconWPA","repository / archive / digital library","see EconWPA, http://econwpa.wustl.edu/; Oxford Text Archive, http://ota.ahds.ac.uk/; PhilSci- Archive, http://philsci-archive.pitt.edu/; NELLCO Legal Scholarship Repository, http://lsr.nellco.org; Networked Digital Library of Theses and Dissertations,","25"
"URL-OCC-0205","http://ota.ahds.ac.uk/","http://ota.ahds.ac.uk/","","134","134","119","4 - Countering Enclosure: Reclaiming the Knowledge Commons","Oxford Text Archive","repository / archive / digital library","see EconWPA, http://econwpa.wustl.edu/; Oxford Text Archive, http://ota.ahds.ac.uk/; PhilSci- Archive, http://philsci-archive.pitt.edu/; NELLCO Legal Scholarship Repository, http://lsr.nellco.org; Networked Digital Library of Theses and Dissertations,","25"
"URL-OCC-0206","http://philsci-archive.pitt.edu/","http://philsci-archive.pitt.edu/","","134","134","119","4 - Countering Enclosure: Reclaiming the Knowledge Commons","PhilSci Archive","repository / archive / digital library","EconWPA, http://econwpa.wustl.edu/; Oxford Text Archive, http://ota.ahds.ac.uk/; PhilSci- Archive, http://philsci-archive.pitt.edu/; NELLCO Legal Scholarship Repository, http://lsr.nellco.org; Networked Digital Library of Theses and Dissertations, http://www.ndltd.org/; IUCN—World Conservation Union, Conservation","26"
"URL-OCC-0207","http://lsr.nellco.org","http://lsr.nellco.org","","134","134","119","4 - Countering Enclosure: Reclaiming the Knowledge Commons","NELLCO Legal Scholarship Repository","repository / archive / digital library","http://econwpa.wustl.edu/; Oxford Text Archive, http://ota.ahds.ac.uk/; PhilSci- Archive, http://philsci-archive.pitt.edu/; NELLCO Legal Scholarship Repository, http://lsr.nellco.org; Networked Digital Library of Theses and Dissertations, http://www.ndltd.org/; IUCN—World Conservation Union, Conservation Commons, http://www.conservationcommons.org, the Digital Library of the","27"
"URL-OCC-0208","http://www.ndltd.org/","http://www.ndltd.org/","","134","134","119","4 - Countering Enclosure: Reclaiming the Knowledge Commons","Networked Digital Library of Theses and Dissertations","repository / archive / digital library","Archive, http://philsci-archive.pitt.edu/; NELLCO Legal Scholarship Repository, http://lsr.nellco.org; Networked Digital Library of Theses and Dissertations, http://www.ndltd.org/; IUCN—World Conservation Union, Conservation Commons, http://www.conservationcommons.org, the Digital Library of the Commons, http://dlc.dlib.indiana.edu/.","28"
"URL-OCC-0209","http://www.conservationcommons.org","http://www.conservationcommons.org","","134","134","119","4 - Countering Enclosure: Reclaiming the Knowledge Commons","Conservation Commons","repository / archive / digital library","http://lsr.nellco.org; Networked Digital Library of Theses and Dissertations, http://www.ndltd.org/; IUCN—World Conservation Union, Conservation Commons, http://www.conservationcommons.org, the Digital Library of the Commons, http://dlc.dlib.indiana.edu/. 61. Stevan Harnad, “Self-Archive Unto Others,” University Affairs: Canada's","29"
"URL-OCC-0210","http://dlc.dlib.indiana.edu/","http://dlc.dlib.indiana.edu/","","134","134","119","4 - Countering Enclosure: Reclaiming the Knowledge Commons","Digital Library of the Commons","repository / archive / digital library","http://www.ndltd.org/; IUCN—World Conservation Union, Conservation Commons, http://www.conservationcommons.org, the Digital Library of the Commons, http://dlc.dlib.indiana.edu/. 61. Stevan Harnad, “Self-Archive Unto Others,” University Affairs: Canada's Magazine on Higher Education and Academic Jobs (December 2003),","30"
"URL-OCC-0211","http://www.universityaffairs.ca/issues/2003/dec/opinion.html","http://www.universityaffairs.ca/issues/2003/dec/opinion.html","","134","134","119","4 - Countering Enclosure: Reclaiming the Knowledge Commons","University Affairs","repository / archive / digital library","61. Stevan Harnad, “Self-Archive Unto Others,” University Affairs: Canada's Magazine on Higher Education and Academic Jobs (December 2003), http://www.universityaffairs.ca/issues/2003/dec/opinion.html; Stevan Harnad, “Maximizing University Research Impact through Self-Archiving,” University of Quebec at Montreal, http://www.ecs.soton.ac.uk/~harnad/Temp/che.htm; Hess","33"
"URL-OCC-0212","http://www.ecs.soton.ac.uk/~harnad/Temp/che.htm","http://www.ecs.soton.ac.uk/~harnad/Temp/che.htm","","134","134","119","4 - Countering Enclosure: Reclaiming the Knowledge Commons","University of Southampton / Stevan Harnad","law / court / government record","http://www.universityaffairs.ca/issues/2003/dec/opinion.html; Stevan Harnad, “Maximizing University Research Impact through Self-Archiving,” University of Quebec at Montreal, http://www.ecs.soton.ac.uk/~harnad/Temp/che.htm; Hess and Ostrom, “Ideas, Artifacts, and Facilities,” 143. See also Project RoMEO (Rights MEtadata for Open Archiving) at the University of Loughborough,","35"
"URL-OCC-0213","http://www.lboro.ac.uk/departments/ls/disresearch/romeo/","http://www.lboro.ac.uk/departments/ls/disresearch/romeo/","","134","134","119","4 - Countering Enclosure: Reclaiming the Knowledge Commons","RoMEO / Loughborough University","repository / archive / digital library","and Ostrom, “Ideas, Artifacts, and Facilities,” 143. See also Project RoMEO (Rights MEtadata for Open Archiving) at the University of Loughborough, http://www.lboro.ac.uk/departments/ls/disresearch/romeo/; EPrints.org—Self- Archiving and Open Archives, http://www.eprints.org/.","38"
"URL-OCC-0214","EPrints.org","EPrints.org","","134","134","119","4 - Countering Enclosure: Reclaiming the Knowledge Commons","EPrints / Open Citation Project","repository / archive / digital library","(Rights MEtadata for Open Archiving) at the University of Loughborough, http://www.lboro.ac.uk/departments/ls/disresearch/romeo/; EPrints.org—Self- Archiving and Open Archives, http://www.eprints.org/. 62. Daniel Greenstein and Suzanne E. Thorin, The Digital Library: A Biogra-","39"
"URL-OCC-0215","http://www.eprints.org/","http://www.eprints.org/","","134","134","119","4 - Countering Enclosure: Reclaiming the Knowledge Commons","EPrints / Open Citation Project","repository / archive / digital library","http://www.lboro.ac.uk/departments/ls/disresearch/romeo/; EPrints.org—Self- Archiving and Open Archives, http://www.eprints.org/. 62. Daniel Greenstein and Suzanne E. Thorin, The Digital Library: A Biogra- phy (Washington, DC: Digital Library Federation, December 2002),","40"
"URL-OCC-0216","http://www.clir.org/pubs/reports/pub109/contents.html","http://www.clir.org/pubs/reports/pub109/contents.html","","134","134","119","4 - Countering Enclosure: Reclaiming the Knowledge Commons","Council on Library and Information Resources","repository / archive / digital library","62. Daniel Greenstein and Suzanne E. Thorin, The Digital Library: A Biogra- phy (Washington, DC: Digital Library Federation, December 2002), http://www.clir.org/pubs/reports/pub109/contents.html. 63. John Markoff and Edward Wyatt, “Google Is Adding Major Libraries to Its Database,” New York Times (December 14, 2004): A1; Scott Carlson and Jeffrey","43"
"URL-OCC-0217","http://www.ala.org/al_onlineTemplate.cfm?Section=American_Libraries&template=/ContentManagement/ContentDisplay.cfm&ContentID=108705","http://www.ala.org/al_onlineTemplate.cfm?Section=American_Libraries&template=/ContentManagement/ContentDisplay.cfm&ContentID=108705","","134","134","119","4 - Countering Enclosure: Reclaiming the Knowledge Commons","American Library Association","initiative / declaration / policy","Research Libraries,” Chronicle of Higher Education (December 14, 2004). 64. “Google Makes Its First Public Domain Books Available Online,” American Libraries Online (November 4, 2005), http://www.ala.org/al_onlineTemplate .cfm?Section=American_Libraries&template=/ContentManagement/Content Display.cfm&ContentID=108705. 65. Open Access Alliance, http://www.opencontentalliance.org/; “The Open Content Alliance,” SPARC Open Access Newsletter, no. 91 (November 2, 2005),","49"
"URL-OCC-0218","http://www.opencontentalliance.org/","http://www.opencontentalliance.org/","","134","134","119","4 - Countering Enclosure: Reclaiming the Knowledge Commons","Open Content Alliance","initiative / declaration / policy",".cfm?Section=American_Libraries&template=/ContentManagement/Content Display.cfm&ContentID=108705. 65. Open Access Alliance, http://www.opencontentalliance.org/; “The Open Content Alliance,” SPARC Open Access Newsletter, no. 91 (November 2, 2005), http://www.earlham.edu/~peters/fos/newsletter/11-02-05.htm.","52"
"URL-OCC-0219","http://www.earlham.edu/~peters/fos/newsletter/11-02-05.htm","http://www.earlham.edu/~peters/fos/newsletter/11-02-05.htm","","134","134","119","4 - Countering Enclosure: Reclaiming the Knowledge Commons","Peter Suber / Earlham College","initiative / declaration / policy","65. Open Access Alliance, http://www.opencontentalliance.org/; “The Open Content Alliance,” SPARC Open Access Newsletter, no. 91 (November 2, 2005), http://www.earlham.edu/~peters/fos/newsletter/11-02-05.htm. Countering Enclosure 119","54"
"URL-OCC-0220","http://www.clir.org/pubs/clirinhouse/house19.html","http://www.clir.org/pubs/clirinhouse/house19.html","","135","135","120","4 - Countering Enclosure: Reclaiming the Knowledge Commons","Council on Library and Information Resources","project / organization homepage","(November–December 2003), http://www.clir.org/pubs/ clirinhouse/house19.html. 67. Philip Pothen, “Building a Common Information Environment,” CILIP Library/Information","7"
"URL-OCC-0221","http://www.cilip.org.uk/publications/updatemagazine/archive/archive2003/december/update0312d.htm","http://www.cilip.org.uk/publications/updatemagazine/archive/archive2003/december/update0312d.htm","","135","135","120","4 - Countering Enclosure: Reclaiming the Knowledge Commons","Chartered Institute of Library and Information Professionals","repository / archive / digital library","(December 2003), http://www.cilip.org.uk/ publications/updatemagazine/archive/archive2003/december/update0312d.htm 68. National Science Foundation, “The National Science Digital Library: About NSDL,” http://nsdl.org/about/index.php; Lee Zia, “The NSF National Science,","14"
"URL-OCC-0222","http://nsdl.org/about/index.php","http://nsdl.org/about/index.php","","135","135","120","4 - Countering Enclosure: Reclaiming the Knowledge Commons","National Science Digital Library","repository / archive / digital library","publications/updatemagazine/archive/archive2003/december/update0312d.htm 68. National Science Foundation, “The National Science Digital Library: About NSDL,” http://nsdl.org/about/index.php; Lee Zia, “The NSF National Science, Technology, Engineering, and Mathematics Education Digital Library (NSDL) Program: New Projects and a Progress Report,” D-Lib Magazine 7/11 (Novem-","17"
"URL-OCC-0223","http://www.dlib.org/dlib/november01/zia/11zia.html","http://www.dlib.org/dlib/november01/zia/11zia.html","","135","135","120","4 - Countering Enclosure: Reclaiming the Knowledge Commons","D-Lib Magazine","repository / archive / digital library","Technology, Engineering, and Mathematics Education Digital Library (NSDL) Program: New Projects and a Progress Report,” D-Lib Magazine 7/11 (Novem- ber 2001), http://www.dlib.org/dlib/november01/zia/11zia.html. 69. See http://www.digitalpromise.org. See also Thomas Kalil, Designing a Digital Opportunity Investment Trust: An Information Commons for e-","20"
"URL-OCC-0224","http://www.digitalpromise.org","http://www.digitalpromise.org","","135","135","120","4 - Countering Enclosure: Reclaiming the Knowledge Commons","Digital Promise","article / report / publication","Program: New Projects and a Progress Report,” D-Lib Magazine 7/11 (Novem- ber 2001), http://www.dlib.org/dlib/november01/zia/11zia.html. 69. See http://www.digitalpromise.org. See also Thomas Kalil, Designing a Digital Opportunity Investment Trust: An Information Commons for e- Learning (Washington, DC: New America Foundation, June 2002), http://","21"
"URL-OCC-0225","http://www.newamerica.net/index.cfm?sec=programs&pg=article&pubID=848&T2=Article","http://www.newamerica.net/index.cfm?sec=programs&pg=article&pubID=848&T2=Article","","135","135","120","4 - Countering Enclosure: Reclaiming the Knowledge Commons","New America Foundation","article / report / publication","69. See http://www.digitalpromise.org. See also Thomas Kalil, Designing a Digital Opportunity Investment Trust: An Information Commons for e- Learning (Washington, DC: New America Foundation, June 2002), http:// www.newamerica.net/index.cfm?sec=programs&pg=article&pubID=848&T2= Article. A bill to support this effort, “The Digital Opportunity (HR2512) Trust Act,” was introduced in the House of Reprentatives on May 19, 2005. 70. Donald Waters, chapter 6, this volume.","23"
"URL-OCC-0226","http://lockss.stanford.edu/","http://lockss.stanford.edu/","","135","135","120","4 - Countering Enclosure: Reclaiming the Knowledge Commons","LOCKSS","educational / reference resource","Act,” was introduced in the House of Reprentatives on May 19, 2005. 70. Donald Waters, chapter 6, this volume. 71. LOCKSS [website]. http://lockss.stanford.edu/. 72. For more background on learning communities, see John Seely Brown and Paul Duguid, “Universities in the Digital Age,” in Brian L. Hawkins and Patri-","28"
"URL-OCC-0227","http://www.clir.org/pubs/reports/pub122/pub122web.pdf","http://www.clir.org/pubs/reports/pub122/pub122web.pdf","","135","135","120","4 - Countering Enclosure: Reclaiming the Knowledge Commons","Council on Library and Information Resources","article / report / publication","63/3 (March 2002): 190–192. 73. Scott Bennett, Libraries Designed for Learning (Washington, DC: Council on Library and Information Resources, November 2003), 43–44, http:// www.clir.org/pubs/reports/pub122/pub122web.pdf. 74. Donald Beagle, “Extending the Information Commons: From Instructional Testbed to Internet2,” Journal of Academic Librarianship 28/5 (September","42"
"URL-OCC-0228","http://www.universitycollege.iupui.edu/frameindex.asp?LostChild=http://www.universitycollege.iupui.edu/LC/","http://www.universitycollege.iupui.edu/frameindex.asp?LostChild=http://www.universitycollege.iupui.edu/LC/","","136","136","121","4 - Countering Enclosure: Reclaiming the Knowledge Commons","IUPUI University College","initiative / declaration / policy","Libraries News 62/10 (November 2001): 1008–1011. See also “IUPUI First Year Seminars,” http://www.universitycollege.iupui.edu/frameindex.asp?LostChild= http://www.universitycollege.iupui.edu/LC/. 77. The Information Access Alliance website, http://www.informationaccess. org/.","7"
"URL-OCC-0229","http://www.informationaccess.org/","http://www.informationaccess.org/","","136","136","121","4 - Countering Enclosure: Reclaiming the Knowledge Commons","Information Access Alliance","initiative / declaration / policy","http://www.universitycollege.iupui.edu/frameindex.asp?LostChild= http://www.universitycollege.iupui.edu/LC/. 77. The Information Access Alliance website, http://www.informationaccess. org/. 78. Association of College and Research Libraries, Association of Research Libraries, SPARC, Create Change: New Systems of Scholarly Communication","9"
"URL-OCC-0230","http://www.arl.org/create/resources/CreateChange2003.pdf","http://www.arl.org/create/resources/CreateChange2003.pdf","","136","136","121","4 - Countering Enclosure: Reclaiming the Knowledge Commons","Association of Research Libraries / SPARC","article / report / publication","Libraries, SPARC, Create Change: New Systems of Scholarly Communication (Washington, DC: Association of Research Libraries, October 2003), http://www.arl.org/create/resources/CreateChange2003.pdf. 79. Association for College and Research Libraries, Scholarly Communication Toolkit (Chicago: American Library Association, 2005), http://www.ala.org/","14"
"URL-OCC-0231","http://www.ala.org/ala/acrl/acrlissues/scholarlycomm/scholarlycommunicationtoolkit/toolkit.htm","http://www.ala.org/ala/acrl/acrlissues/scholarlycomm/scholarlycommunicationtoolkit/toolkit.htm","","136","136","121","4 - Countering Enclosure: Reclaiming the Knowledge Commons","American Library Association","license / intellectual-property resource","http://www.arl.org/create/resources/CreateChange2003.pdf. 79. Association for College and Research Libraries, Scholarly Communication Toolkit (Chicago: American Library Association, 2005), http://www.ala.org/ ala/acrl/acrlissues/scholarlycomm/scholarlycommunicationtoolkit/toolkit.htm. 80. For background information and licensing forms, see Creative Commons, website, http://creativecommons.org/. See also Glenn Otis Brown, “Academic","16"
"URL-OCC-0232","http://creativecommons.org/","http://creativecommons.org/","","136","136","121","4 - Countering Enclosure: Reclaiming the Knowledge Commons","Creative Commons","license / intellectual-property resource","ala/acrl/acrlissues/scholarlycomm/scholarlycommunicationtoolkit/toolkit.htm. 80. For background information and licensing forms, see Creative Commons, website, http://creativecommons.org/. See also Glenn Otis Brown, “Academic Digital Rights: A Walk on the Creative Commons,” Syllabus (April 1, 2003), http://www.syllabus.com/article.asp?id=7475; Richard Poynder, “Reclaiming the","19"
"URL-OCC-0233","http://www.syllabus.com/article.asp?id=7475","http://www.syllabus.com/article.asp?id=7475","","136","136","121","4 - Countering Enclosure: Reclaiming the Knowledge Commons","Syllabus","license / intellectual-property resource","website, http://creativecommons.org/. See also Glenn Otis Brown, “Academic Digital Rights: A Walk on the Creative Commons,” Syllabus (April 1, 2003), http://www.syllabus.com/article.asp?id=7475; Richard Poynder, “Reclaiming the Digital Commons: Investigative Report,” Information Today 20/6 (June 2003): 33–35.","21"
"URL-OCC-0234","http://www.clir.org/pubs/reports/pub108/evolution.html","http://www.clir.org/pubs/reports/pub108/evolution.html","","136","136","121","4 - Countering Enclosure: Reclaiming the Knowledge Commons","Council on Library and Information Resources","article / report / publication","84. Wendy Pradt Lougee, Diffuse Libraries: Emergent Roles for the Research Library in the Digital Age (Washington, DC: Council on Library and Informa- tion Resources, August 2002), 4, http://www.clir.org/pubs/reports/pub108/ evolution.html. 85. Ostrom and Hess, chapter 3, this volume; Hess and Ostrom, 2003. 86. “Evolution in Open Access: Biomed Central Alters Its Membership Model,”","36"
"URL-OCC-0235","http://senate.uconn.edu/Report.20040209.Budget.scholarlycommunications.htm","http://senate.uconn.edu/Report.20040209.Budget.scholarlycommunications.htm","","136","137","121","4 - Countering Enclosure: Reclaiming the Knowledge Commons","University of Connecticut Senate","article / report / publication","Change,” Library Journal Academic Newswire (February 17, 2004). 88. See, for example, University of Connecticut Faculty Senate, Report and Res- olution on the Crisis in Scholarly Communication (February 9, 2004), http:// Countering Enclosure 121 [continues on next PDF page] senate.uconn.edu/Report.20040209.Budget.scholarlycommunications.htm. See","44"
"URL-OCC-0236","senate.uconn.edu/Report.20040209.Budget.scholarlycommunications.htm","senate.uconn.edu/Report.20040209.Budget.scholarlycommunications.htm","","137","137","122","Front matter or interstitial","University of Connecticut Senate","article / report / publication","senate.uconn.edu/Report.20040209.Budget.scholarlycommunications.htm. See also Christopher A. Reed, “Just Say No to Exploitative Publishers of Science Journals,” Chronicle of Higher Education (February 20, 2004), and “One Year","1"
"URL-OCC-0237","http://www.cic.uiuc.edu/groups/CIC/archive/Report/ScholarlyCommSummitReport_Feb04.pdf","http://www.cic.uiuc.edu/groups/CIC/archive/Report/ScholarlyCommSummitReport_Feb04.pdf","","137","137","122","Front matter or interstitial","Committee on Institutional Cooperation","repository / archive / digital library","90. Committee on Institutional Cooperation (CIC), Report of the CIC Summit on Scholarly Communication in the Humanities and Social Sciences (Chicago: Committee on Institutional Cooperation December 2, 2003), http://www.cic .uiuc.edu/groups/CIC/archive/Report/ScholarlyCommSummitReport_Feb04.pdf. 91. Carol M. Rose, Property and Persuasion: Essays on the History, Theory, and Rhetoric of Ownership (Boulder, CO: Westview Press, 1994), 6.","10"
"URL-OCC-0238","http://www.law.duke.edu/boylesite/intprop.htm","http://www.law.duke.edu/boylesite/intprop.htm","","137","137","122","Front matter or interstitial","Duke University School of Law / Law and Contemporary Problems","project / organization homepage","Rhetoric of Ownership (Boulder, CO: Westview Press, 1994), 6. 92. James Boyle, “A Politics of Intellectual Property: Environmentalism for the Net?”, 1997, http://www.law.duke.edu/boylesite/intprop.htm. 93. Frederick Emrich, Welcome to Info-Commons.org (Washington, DC: American Library Association, June 2002), http://info-commons.org/arch/1/","15"
"URL-OCC-0239","Info-Commons.org","Info-Commons.org","","137","137","122","Front matter or interstitial","Info-Commons / American Library Association","project / organization homepage","92. James Boyle, “A Politics of Intellectual Property: Environmentalism for the Net?”, 1997, http://www.law.duke.edu/boylesite/intprop.htm. 93. Frederick Emrich, Welcome to Info-Commons.org (Washington, DC: American Library Association, June 2002), http://info-commons.org/arch/1/ editor.html.","16"
"URL-OCC-0240","http://info-commons.org/arch/1/editor.html","http://info-commons.org/arch/1/editor.html","","137","137","122","Front matter or interstitial","Info-Commons / American Library Association","project / organization homepage","Net?”, 1997, http://www.law.duke.edu/boylesite/intprop.htm. 93. Frederick Emrich, Welcome to Info-Commons.org (Washington, DC: American Library Association, June 2002), http://info-commons.org/arch/1/ editor.html. 122 Nancy Kranich","17"
"URL-OCC-0241","scratchdj.com","scratchdj.com","","144","144","129","5 - Mertonianism Unbound? Imagining Free, Decentralized Access to Most Cultural and Scientific Material","scratchdj.com","web resource","This information system is vital and dynamic because information sharing is almost frictionless. Material is passed along at low cost with few practical or legal barriers. Jeff Dalehite, webmaster of <scratchdj.com>, is free to post the details of the early history of the phonograph without seeking the consent of his sources. Dalehite's site tells us that Thomas Edison invented the cylinder phono-","35"
"URL-OCC-0242","http://james-boyle.com","http://james-boyle.com","","155","155","140","5 - Mertonianism Unbound? Imagining Free, Decentralized Access to Most Cultural and Scientific Material","James Boyle","license / intellectual-property resource","large scholarly commons indeed. Notes This work is also made available on the author's website, http://james-boyle.com, under the terms of a Creative Commons Attribution, Non-Commercial, No- Derivs License; see http://creativecommons.org/licenses/by-nc-nd/2.5/. It draws","15"
"URL-OCC-0243","http://creativecommons.org/licenses/by-nc-nd/2.5/","http://creativecommons.org/licenses/by-nc-nd/2.5/","","155","155","140","5 - Mertonianism Unbound? Imagining Free, Decentralized Access to Most Cultural and Scientific Material","Creative Commons","license / intellectual-property resource","This work is also made available on the author's website, http://james-boyle.com, under the terms of a Creative Commons Attribution, Non-Commercial, No- Derivs License; see http://creativecommons.org/licenses/by-nc-nd/2.5/. It draws on sections of a manuscript in progress called “The Public Domain: An Environmentalism for Information.”","17"
"URL-OCC-0244","http://www.law.duke.edu/journals/66LCPBoyle","http://www.law.duke.edu/journals/66LCPBoyle","","155","155","140","5 - Mertonianism Unbound? Imagining Free, Decentralized Access to Most Cultural and Scientific Material","Duke University School of Law / Law and Contemporary Problems","initiative / declaration / policy","the Public Domain,” Law and Contemporary Problems 66(1–2):33–74. http://www.law.duke.edu/journals/66LCPBoyle “A Manifesto on WIPO and the Future of Intellectual Property,” Duke Law and Technology Review 9(2004):1–12.","25"
"URL-OCC-0245","http://www.law.duke.edu/journals/66LCPHess","http://www.law.duke.edu/journals/66LCPHess","","155","155","140","5 - Mertonianism Unbound? Imagining Free, Decentralized Access to Most Cultural and Scientific Material","Duke University School of Law / Law and Contemporary Problems","article / report / publication","2. Charlotte Hess and Elinor Ostrom, “Ideas, Artifacts, and Facilities: Infor- mation as a Common-Pool Resource,” Law and Contemporary Problems 66(1–2):111–146. http://www.law.duke.edu/journals/66LCPHess 3. Merton's own views are, in fact, much more subtle than this abbreviated account suggests. See Robert K. Merton, On Social Structure and Science","30"
"URL-OCC-0246","http://www.law.wayne.edu/litman/papers/sharing&stealing;pdf","http://www.law.wayne.edu/litman/papers/sharing&stealing;pdf","","156","156","141","5 - Mertonianism Unbound? Imagining Free, Decentralized Access to Most Cultural and Scientific Material","www.law.wayne.edu","article / report / publication","http://www.law.wayne.edu/litman/papers/sharing&stealing;pdf.) See also Yochai Benkler, Coase's Penguin or Linux and the Nature of the Firm, http:// www.benkler.org/CoasesPenguin.PDF; James Boyle, “The Second Enclosure","1"
"URL-OCC-0247","http://www.benkler.org/CoasesPenguin.PDF","http://www.benkler.org/CoasesPenguin.PDF","","156","156","141","5 - Mertonianism Unbound? Imagining Free, Decentralized Access to Most Cultural and Scientific Material","Yochai Benkler","article / report / publication","http://www.law.wayne.edu/litman/papers/sharing&stealing;pdf.) See also Yochai Benkler, Coase's Penguin or Linux and the Nature of the Firm, http:// www.benkler.org/CoasesPenguin.PDF; James Boyle, “The Second Enclosure Movement.” 7. Jeffrey Selingo, “When a Search Engine Isn't Enough, Call a Librarian,” New","2"
"URL-OCC-0248","http://www.hbci.com/~wenonah/history/index.html","http://www.hbci.com/~wenonah/history/index.html","","156","156","141","5 - Mertonianism Unbound? Imagining Free, Decentralized Access to Most Cultural and Scientific Material","www.hbci.com","web resource","Reference & User Services Quarterly 38:4(summer 1999):360–368. 8. See http://www.hbci.com/~wenonah/history/index.html and http://www","19"
"URL-OCC-0249","http://www.elecdesign.com/","http://www.elecdesign.com/","","156","156","141","5 - Mertonianism Unbound? Imagining Free, Decentralized Access to Most Cultural and Scientific Material","www.elecdesign.com","web resource","http://www.hbci.com/~wenonah/history/index.html and http://www .elecdesign.com/. 9. Litman, “Sharing and Stealing”. 10. “Law French” was an increasingly corrupt variety of Norman French used","21"
"URL-OCC-0250","http://en.wikipedia.org/wiki/Law_French","http://en.wikipedia.org/wiki/Law_French","","156","156","141","5 - Mertonianism Unbound? Imagining Free, Decentralized Access to Most Cultural and Scientific Material","Wikipedia","software / technical infrastructure","in the English common law. Its users believed that its arcane terminology gave greater precision while, to outsiders, it appeared merely another way to make the legal system incomprehensible to the laity. See http://en.wikipedia.org/ wiki/Law_French and Oxford English Dictionary, 2nd ed. (Oxford: Oxford University Press, 1989). 11. Ithiel de Sola Pool, Forecasting the Telephone: A Retrospective Technology","27"
"URL-OCC-0251","http://knowledge.wharton.upenn.edu/121901_ss7.html","http://knowledge.wharton.upenn.edu/121901_ss7.html","","156","156","141","5 - Mertonianism Unbound? Imagining Free, Decentralized Access to Most Cultural and Scientific Material","knowledge.wharton.upenn.edu","web resource","11. Ithiel de Sola Pool, Forecasting the Telephone: A Retrospective Technology Assessment (Norwood, NJ: ABLEX, 1983). 12. The true number was closer to 10,000,000; http://knowledge.wharton .upenn.edu/121901_ss7.html some estimates there are now closer to 1 billion cell phones worldwide. 13. Eric Von Hippel is the undisputed master of the literature on user-based","32"
"URL-OCC-0252","http://web.mit.edu/evhippel/www/democ.htm","http://web.mit.edu/evhippel/www/democ.htm","","156","156","141","5 - Mertonianism Unbound? Imagining Free, Decentralized Access to Most Cultural and Scientific Material","web.mit.edu","web resource","13. Eric Von Hippel is the undisputed master of the literature on user-based innovation. See his Democratizing Innovation (Cambridge, MA: MIT Press, 2005), available in full online at http://web.mit.edu/evhippel/www/democ.htm. Allowing users to participate, formally or informally, in the shaping of reposi- tories obviously runs into a nontrivial design problem because of the “negative","37"
"URL-OCC-0253","http://edition.cnn.com/TECH/computing/9901/18/medline.idg/","http://edition.cnn.com/TECH/computing/9901/18/medline.idg/","","157","157","142","5 - Mertonianism Unbound? Imagining Free, Decentralized Access to Most Cultural and Scientific Material","edition.cnn.com","project / organization homepage","that is to say, easy to fix. 15. See Elana Varon, “Medline Plus: Online Medical Info for Ordinary People,” http://edition.cnn.com/TECH/computing/9901/18/medline.idg/. “Although the National Library of Medicine has always provided information to the public, its resources, including online databases, were designed for medical professionals.","9"
"URL-OCC-0254","http://www.nlm.nih.gov/medlineplus/","http://www.nlm.nih.gov/medlineplus/","","157","157","142","5 - Mertonianism Unbound? Imagining Free, Decentralized Access to Most Cultural and Scientific Material","www.nlm.nih.gov","project / organization homepage","information through the Internet, and there is growing public demand for health information.” Medline Plus can be found at http://www.nlm.nih.gov/medlineplus/. See also http://www.ncbi.nlm.nih.gov/PubMed/, a site that offers the following resources: “PubMed, a service of the National Library of Medicine, includes over 14 million","22"
"URL-OCC-0255","http://www.ncbi.nlm.nih.gov/PubMed/","http://www.ncbi.nlm.nih.gov/PubMed/","","157","157","142","5 - Mertonianism Unbound? Imagining Free, Decentralized Access to Most Cultural and Scientific Material","www.ncbi.nlm.nih.gov","article / report / publication","information.” Medline Plus can be found at http://www.nlm.nih.gov/medlineplus/. See also http://www.ncbi.nlm.nih.gov/PubMed/, a site that offers the following resources: “PubMed, a service of the National Library of Medicine, includes over 14 million citations for biomedical articles back to the 1950's. These citations are from","23"
"URL-OCC-0256","http://www.arl.org/sparc/meetings/ala05mw/2005MW%20Forum%20_report","http://www.arl.org/sparc/meetings/ala05mw/2005MW%20Forum%20_report","","157","157","142","5 - Mertonianism Unbound? Imagining Free, Decentralized Access to Most Cultural and Scientific Material","Association of Research Libraries / SPARC","initiative / declaration / policy","medical literature is vital for patient groups and advocates. See In the Public Interest: Open Access and Public Policy, 2005 ACRL/SPARC Forum (2005), http://www.arl.org/sparc/meetings/ala05mw/2005MW%20Forum%20_report. pdf. 17. From the Budapest Open Access Initiative website, http://www.soros.org/","34"
"URL-OCC-0257","http://www.soros.org/openaccess/","http://www.soros.org/openaccess/","","157","157","142","5 - Mertonianism Unbound? Imagining Free, Decentralized Access to Most Cultural and Scientific Material","Open Society Institute / Budapest Open Access Initiative","initiative / declaration / policy","http://www.arl.org/sparc/meetings/ala05mw/2005MW%20Forum%20_report. pdf. 17. From the Budapest Open Access Initiative website, http://www.soros.org/ openaccess/. 18. Grant Gross, “Bill Seeks Free Access to Federally Funded Research.” BIO- IT World (July 1, 2003), http://www.bio-itworld.com/news/070103_report2813","36"
"URL-OCC-0258","http://www.bio-itworld.com/news/070103_report2813.html","http://www.bio-itworld.com/news/070103_report2813.html","","157","157","142","5 - Mertonianism Unbound? Imagining Free, Decentralized Access to Most Cultural and Scientific Material","www.bio-itworld.com","article / report / publication","openaccess/. 18. Grant Gross, “Bill Seeks Free Access to Federally Funded Research.” BIO- IT World (July 1, 2003), http://www.bio-itworld.com/news/070103_report2813 .html. I support the overall goal of wider and freer access, but the tool chosen is a blunt and unfortunate one. 19. See Boyle, The Second Enclosure Movement; Benkler, Coase's Penguin.","39"
"URL-OCC-0259","http://www.law.duke.edu/cspd/pdf/cspdproposal.pdf","http://www.law.duke.edu/cspd/pdf/cspdproposal.pdf","","158","158","143","5 - Mertonianism Unbound? Imagining Free, Decentralized Access to Most Cultural and Scientific Material","Duke University School of Law / Law and Contemporary Problems","license / intellectual-property resource","works. And even gaining access to old films and music is often hard even for professional scholars. See “Duke Center for the Study of the Public Domain: Comments to the Copyright Office on Orphan Works,” http://www.law.duke .edu/cspd/pdf/cspdproposal.pdf. 22. See Von Hippel, Democratizing Innovation. Mertonianism Unbound?","6"
"URL-OCC-0260","http://www.ala.org/ala/acrl/acrlpubs/whitepapers/principlesstrategies.htm","http://www.ala.org/ala/acrl/acrlpubs/whitepapers/principlesstrategies.htm","","179","179","164","6 - Preserving the Knowledge Commons","American Library Association","article / report / publication","larly Communication.” http://www.ala.org/ala/acrl/acrlpubs/whitepapers/ principlesstrategies.htm. Ayre, Catherine, and Adrienne Muir. 2004. “The Right to Preserve: The Rights Issues of Digital Preservation.” D-Lib Magazine 10(3). http://www.dlib.org/dlib/","8"
"URL-OCC-0261","http://www.dlib.org/dlib/march04/ayre/03ayre.html","http://www.dlib.org/dlib/march04/ayre/03ayre.html","","179","179","164","6 - Preserving the Knowledge Commons","D-Lib Magazine","repository / archive / digital library","principlesstrategies.htm. Ayre, Catherine, and Adrienne Muir. 2004. “The Right to Preserve: The Rights Issues of Digital Preservation.” D-Lib Magazine 10(3). http://www.dlib.org/dlib/ march04/ayre/03ayre.html. Barton, Mary R., and Julie Harford Walker. 2003. “Building a Business Plan for DSpace, MIT Libraries' Digital Institutional Repository.” Journal of Digital","11"
"URL-OCC-0262","http://jodi.ecs.soton.ac.uk/Articles/v04/i02/Barton/","http://jodi.ecs.soton.ac.uk/Articles/v04/i02/Barton/","","179","179","164","6 - Preserving the Knowledge Commons","University of Southampton / Stevan Harnad","repository / archive / digital library","Barton, Mary R., and Julie Harford Walker. 2003. “Building a Business Plan for DSpace, MIT Libraries' Digital Institutional Repository.” Journal of Digital Information 4(2). http://jodi.ecs.soton.ac.uk/Articles/v04/i02/Barton/. Beagrie, Neil. 2003. National Digital Preservation Initiatives: An Overview of Developments in Australia, France, the Netherlands, and the United Kingdom","15"
"URL-OCC-0263","http://www.clir.org/pubs/reports/pub116/pub116.pdf","http://www.clir.org/pubs/reports/pub116/pub116.pdf","","179","179","164","6 - Preserving the Knowledge Commons","Council on Library and Information Resources","article / report / publication","Developments in Australia, France, the Netherlands, and the United Kingdom and of Related International Activity. Washington, DC: Council on Library and Information Resources and the Library of Congress. http://www.clir.org/pubs/ reports/pub116/pub116.pdf. Beagrie, Neil. 2005. “Plenty of Room at the Bottom? Personal Digital Libraries and Collections.” D-Lib Magazine 11(6). http://www.dlib.org/dlib/june05/","19"
"URL-OCC-0264","http://www.dlib.org/dlib/june05/beagrie/06beagrie.html","http://www.dlib.org/dlib/june05/beagrie/06beagrie.html","","179","179","164","6 - Preserving the Knowledge Commons","D-Lib Magazine","article / report / publication","reports/pub116/pub116.pdf. Beagrie, Neil. 2005. “Plenty of Room at the Bottom? Personal Digital Libraries and Collections.” D-Lib Magazine 11(6). http://www.dlib.org/dlib/june05/ beagrie/06beagrie.html. Buchanan, James M. 1965. “An Economic Theory of Clubs.” Economica, New Series, 32(125):1–14.","22"
"URL-OCC-0265","http://www.diglib.org/preserve/ejp.htm","http://www.diglib.org/preserve/ejp.htm","","179","179","164","6 - Preserving the Knowledge Commons","www.diglib.org","repository / archive / digital library","Cantara, Linda, ed. 2003. Archiving Electronic Journals: Research Funded by the Andrew W. Mellon Foundation. Washington, DC: Digital Library Federa- tion, Council on Library and Information Resources. http://www.diglib.org/ preserve/ejp.htm. Carlson, Scott. 2005. “Scholars Note ‘Decay' of Citations to Online References.” Chronicle of Higher Education 51(28):A30.","28"
"URL-OCC-0266","http://www.arl.org/sparc/IR/IR_Final_Release_102.pdf","http://www.arl.org/sparc/IR/IR_Final_Release_102.pdf","","179","179","164","6 - Preserving the Knowledge Commons","Association of Research Libraries / SPARC","initiative / declaration / policy","Crow, Raym. 2002. The Case for Institutional Repositories: A SPARC Position Paper. Release 1.0. Washington, DC: Scholarly Publishing and Academic Resources Coalition. http://www.arl.org/sparc/IR/IR_Final_Release_102.pdf. Dellavalle, Robert, Eric Hester, Lauren Heilig, Amanda Drake, Jeff Kuntzman, Marla Graber, and Lisa Schilling. 2003. “Going, Going, Gone: Lost Internet","36"
"URL-OCC-0267","http://www.portico.org/about/Portico.Overview.CENL.pdf","http://www.portico.org/about/Portico.Overview.CENL.pdf","","180","180","165","6 - Preserving the Knowledge Commons","www.portico.org","article / report / publication","Fenton, Eileen. 2005. “Overview of Portico: An Electronic Archiving Service.” Conference of European Librarians, Luxembourg, September 30, 2005. http://www.portico.org/about/Portico.Overview.CENL.pdf. Foster, Andrea L. 2003. “Elsevier's Vanishing Act.” Chronicle of Higher Education 49(18):A27.","7"
"URL-OCC-0268","http://www.jisc.ac.uk/uploaded_documents/digital-repositories-review-2005.pdf","http://www.jisc.ac.uk/uploaded_documents/digital-repositories-review-2005.pdf","","180","180","165","6 - Preserving the Knowledge Commons","www.jisc.ac.uk","article / report / publication","Heery, Rachel, and Sheila Anderson. 2005. Digital Repositories Review. A Report to Accompany the Joint Information Systems Committee Digital Repositories Programme Call in February 2005. http://www.jisc.ac.uk/uploaded _documents/digital-repositories-review-2005.pdf. Ho, James. 2005. “Hyperlink Obsolescence in Scholarly Online Journals.” Journal of Computer-Mediated Communication 10(3), article 15. http://jcmc","16"
"URL-OCC-0269","http://jcmc.indiana.edu/vol10/issue3/ho.html","http://jcmc.indiana.edu/vol10/issue3/ho.html","","180","180","165","6 - Preserving the Knowledge Commons","Indiana University","article / report / publication","_documents/digital-repositories-review-2005.pdf. Ho, James. 2005. “Hyperlink Obsolescence in Scholarly Online Journals.” Journal of Computer-Mediated Communication 10(3), article 15. http://jcmc .indiana.edu/vol10/issue3/ho.html. Hobbes, Thomas. [1651] 1934. Leviathan. London: J. M. Dent & Sons. Honey, Sadie L. 2005. “Preservation of Electronic Scholarly Publishing: An","19"
"URL-OCC-0270","http://www.jisc.ac.uk/uploaded_documents/ejournalsfinal.pdf","http://www.jisc.ac.uk/uploaded_documents/ejournalsfinal.pdf","","180","180","165","6 - Preserving the Knowledge Commons","www.jisc.ac.uk","license / intellectual-property resource","Jones, Maggie. 2003. Archiving E-Journals Consultancy: Final Report. Report Commissioned by the Joint Information Systems Committee (JISC). http://www.jisc.ac.uk/uploaded_documents/ejournalsfinal.pdf. Lapelerie, François. 2003. “Re: Vanishing Act.” E-mail to liblicense-l@yale.edu, January 23. http://www.library.yale.edu/~llicense/ListArchives/0301/msg00092","26"
"URL-OCC-0271","http://www.library.yale.edu/~llicense/ListArchives/0301/msg00092.html","http://www.library.yale.edu/~llicense/ListArchives/0301/msg00092.html","","180","180","165","6 - Preserving the Knowledge Commons","Liblicense / Yale University Library","license / intellectual-property resource","http://www.jisc.ac.uk/uploaded_documents/ejournalsfinal.pdf. Lapelerie, François. 2003. “Re: Vanishing Act.” E-mail to liblicense-l@yale.edu, January 23. http://www.library.yale.edu/~llicense/ListArchives/0301/msg00092 .html. Lavoie, Brian F. 2003. “The Incentives to Preserve Digital Materials: Roles, Scenarios, and Economic Decision-Making.” White paper published electroni-","28"
"URL-OCC-0272","http://www.oclc.org/research/projects/digipres/incentives-dp.pdf","http://www.oclc.org/research/projects/digipres/incentives-dp.pdf","","180","180","165","6 - Preserving the Knowledge Commons","www.oclc.org","article / report / publication","OCLC Research. http://www.oclc.org/research/projects/digipres/ incentives-dp.pdf. Lavoie, Brian F. 2004. “Of Mice and Memory: Economically Sustainable Preser- vation for the Twenty-first Century.” Access in the Future Tense, 45–54. Wash-","36"
"URL-OCC-0273","http://www.clir.org/pubs/abstract/pub126abst.html","http://www.clir.org/pubs/abstract/pub126abst.html","","180","180","165","6 - Preserving the Knowledge Commons","Council on Library and Information Resources","project / organization homepage","Lavoie, Brian F. 2004. “Of Mice and Memory: Economically Sustainable Preser- vation for the Twenty-first Century.” Access in the Future Tense, 45–54. Wash- ington, DC: Council on Library and Information Resources. http://www.clir.org/ pubs/abstract/pub126abst.html. Lawrence, Steve, David Pennock, Gay William Flake, Robert Krovetz, Frans Coetzee, Eric Glover, Finn Årup Nielsen, Andries Kruger, and C. Lee Giles. 2001.","40"
"URL-OCC-0274","http://www.digitalpreservation.gov/repor/ndiipp_plan.pdf","http://www.digitalpreservation.gov/repor/ndiipp_plan.pdf","","181","181","166","6 - Preserving the Knowledge Commons","www.digitalpreservation.gov","article / report / publication","Library of Congress. 2002. Preserving Our Digital Heritage: Plan for the National Digital Information and Infrastructure Preservation Program. Washington, DC: Library of Congress. http://www.digitalpreservation.gov/ repor/ndiipp_plan.pdf. Lynch, Clifford. 2003a. “Institutional Repositories: Essential Infrastructure for Scholarship in the Digital Age.” ARL Bimonthly Report 226 (February).","5"
"URL-OCC-0275","http://www.arl.org/newsltr/226/ir.html","http://www.arl.org/newsltr/226/ir.html","","181","181","166","6 - Preserving the Knowledge Commons","Association of Research Libraries / SPARC","article / report / publication","Lynch, Clifford. 2003a. “Institutional Repositories: Essential Infrastructure for Scholarship in the Digital Age.” ARL Bimonthly Report 226 (February). http://www.arl.org/newsltr/226/ir.html. Lynch, Clifford. 2003b. “Preserving Digital Information to Support Scholar- ship.” In The Internet & the University: Forum 2002. Boulder, CO: EDUCAUSE.","9"
"URL-OCC-0276","http://www.educause.edu/ir/library/pdf/ffpiu029.pdf","http://www.educause.edu/ir/library/pdf/ffpiu029.pdf","","181","181","166","6 - Preserving the Knowledge Commons","EDUCAUSE","article / report / publication","Lynch, Clifford. 2003b. “Preserving Digital Information to Support Scholar- ship.” In The Internet & the University: Forum 2002. Boulder, CO: EDUCAUSE. http://www.educause.edu/ir/library/pdf/ffpiu029.pdf. Margalit, Avishai. 2002. The Ethics of Memory. Cambridge, MA: Harvard University Press.","12"
"URL-OCC-0277","http://www.alpsp.org/arcsm00.pdf","http://www.alpsp.org/arcsm00.pdf","","181","181","166","6 - Preserving the Knowledge Commons","Association of Learned and Professional Society Publishers","license / intellectual-property resource","University Press. Morris, Sally. 2000. “Archiving Electronic Publications: What Are the Problems and Who Should Solve Them?” Serials Review 26(3):65–68. http://www.alpsp .org/arcsm00.pdf. O'Donnell, James. 2003. “Re: Vanishing Act.” E-mail to liblicense-l@yale.edu, January 29. http://www.library.yale.edu/~llicense/ListArchives/0301/msg00118","16"
"URL-OCC-0278","http://www.library.yale.edu/~llicense/ListArchives/0301/msg00118.html","http://www.library.yale.edu/~llicense/ListArchives/0301/msg00118.html","","181","181","166","6 - Preserving the Knowledge Commons","Liblicense / Yale University Library","license / intellectual-property resource",".org/arcsm00.pdf. O'Donnell, James. 2003. “Re: Vanishing Act.” E-mail to liblicense-l@yale.edu, January 29. http://www.library.yale.edu/~llicense/ListArchives/0301/msg00118 .html. Ostrom, Elinor. 1990. Governing the Commons: The Evolution of Institutions for Collective Action. Cambridge: Cambridge University Press.","19"
"URL-OCC-0279","http://www.dlib.org/dlib/june01/reich/06reich.html","http://www.dlib.org/dlib/june01/reich/06reich.html","","181","181","166","6 - Preserving the Knowledge Commons","D-Lib Magazine","article / report / publication","Science 284 (April 9): 278–282. Reich, Vicky, and David Rosenthal. 2001. “Lockss: A Permanent Publishing and Web Access System.” D-Lib Magazine 7(6). http://www.dlib.org/dlib/june01/ reich/06reich.html. Rochet, Jean-Charles, and Jean Tirole. 2003. “Platform Competition in Two- Sided Markets.” Journal of the European Economic Association 1(4):990–1029.","27"
"URL-OCC-0280","http://www.dlib.org/dlib/november05/rosenthal/11rosenthal.html","http://www.dlib.org/dlib/november05/rosenthal/11rosenthal.html","","181","181","166","6 - Preserving the Knowledge Commons","D-Lib Magazine","article / report / publication","Rosenthal, David, Thomas Robertson, Tom Lipkis, Vicky Reich, and Seth Morabito. 2005. “Requirements for Digital Preservation Systems: A Bottom-Up Approach.” D-Lib Magazine 11(11). http://www.dlib.org/dlib/november05/ rosenthal/11rosenthal.html. Schonfeld, Roger, Donald King, Ann Okerson, and Eileen Gifford Fenton. 2004. “Library Periodicals Expenses: Comparison of Non-Subscription Costs of Print","33"
"URL-OCC-0281","http://www.dlib.org/dlib/january04/schonfeld/01schonfeld.html","http://www.dlib.org/dlib/january04/schonfeld/01schonfeld.html","","181","181","166","6 - Preserving the Knowledge Commons","D-Lib Magazine","article / report / publication","“Library Periodicals Expenses: Comparison of Non-Subscription Costs of Print and Electronic Formats on a Life-Cycle Basis.” D-Lib Magazine 10(1). http://www.dlib.org/dlib/january04/schonfeld/01schonfeld.html. Tenner, Edward. 2002. “Taking Bytes from Oblivion.” U.S. News & World Report 132 (April 1): 66–67.","38"
"URL-OCC-0282","http://www.clir.org/pubs/abstract/pub107abst.html","http://www.clir.org/pubs/abstract/pub107abst.html","","182","182","167","6 - Preserving the Knowledge Commons","Council on Library and Information Resources","article / report / publication","Digital Preservation: An International Perspective. Conference Proceedings, 78–95. Washington, DC: Council on Library and Information Resources. http://www.clir.org/pubs/abstract/pub107abst.html. Waters, Donald J., and John Garrett, eds. 1996. Preserving Digital Information: Report of the Task Force on Archiving of Digital Information. Washington, DC,","3"
"URL-OCC-0283","http://www.rlg.org/ArchTF/","http://www.rlg.org/ArchTF/","","182","182","167","6 - Preserving the Knowledge Commons","Research Libraries Group","article / report / publication","Report of the Task Force on Archiving of Digital Information. Washington, DC, and Mountain View, CA: Commission on Preservation and Access and Research Libraries Group. http://www.rlg.org/ArchTF/. Weiss, Rick. 2003. “On the Web, Research Work Proves Ephemeral: Electronic Archivists Are Playing Catch-Up in Trying to Keep Documents from Landing in","7"
"URL-OCC-0284","http://ssrn.com/abstract=459362","http://ssrn.com/abstract=459362","","182","182","167","6 - Preserving the Knowledge Commons","ssrn.com","article / report / publication","History's Dustbin.” Washington Post (November 24): A08. Wright, Julian. 2003. One-Sided Logic in Two-Sided Markets. AEI-Brookings Joint Center Working Paper No. 03-10. http://ssrn.com/abstract=459362. Preserving the Knowledge Commons 167","12"
"URL-OCC-0285","http://www.earlham.edu/~peters/fos/newsletter/08-04-03.htm#define","http://www.earlham.edu/~peters/fos/newsletter/08-04-03.htm#define","","212","213","197","7 - Creating an Intellectual Commons through Open Access","Peter Suber / Earlham College","article / report / publication","1. For more detail on the definition of “open access,” and some of the discrep- ancies among the published definitions, see Peter Suber, “How Should We Define ‘Open Access'?”, SPARC Open Access Newsletter (August 2, 2004), http:// Creating an Intellectual Commons through Open Access 197 [continues on next PDF page] www.earlham.edu/~peters/fos/newsletter/08-04-03.htm#define. For an introduc-","37"
"URL-OCC-0286","www.earlham.edu/~peters/fos/newsletter/08-04-03.htm#define","www.earlham.edu/~peters/fos/newsletter/08-04-03.htm#define","","213","213","198","7 - Creating an Intellectual Commons through Open Access","Peter Suber / Earlham College","article / report / publication","www.earlham.edu/~peters/fos/newsletter/08-04-03.htm#define. For an introduc- tion designed for those new to the concept, see Peter Suber, Open Access Overview, http://www.earlham.edu/~peters/fos/overview.htm.","1"
"URL-OCC-0287","http://www.earlham.edu/~peters/fos/overview.htm","http://www.earlham.edu/~peters/fos/overview.htm","","213","213","198","7 - Creating an Intellectual Commons through Open Access","Peter Suber / Earlham College","license / intellectual-property resource","www.earlham.edu/~peters/fos/newsletter/08-04-03.htm#define. For an introduc- tion designed for those new to the concept, see Peter Suber, Open Access Overview, http://www.earlham.edu/~peters/fos/overview.htm. 2. BioMed Central and the Public Library of Science, the two largest OA publishers, both use the Creative Commons Attribution license. See","3"
"URL-OCC-0288","http://www.biomedcentral.com/info/about/copyright","http://www.biomedcentral.com/info/about/copyright","","213","213","198","7 - Creating an Intellectual Commons through Open Access","BioMed Central","license / intellectual-property resource","2. BioMed Central and the Public Library of Science, the two largest OA publishers, both use the Creative Commons Attribution license. See http://www.biomedcentral.com/info/about/copyright and http://www.plos.org/ journals/license.html. I have used the same license for my newsletter on open access","6"
"URL-OCC-0289","http://www.plos.org/journals/license.html","http://www.plos.org/journals/license.html","","213","213","198","7 - Creating an Intellectual Commons through Open Access","Public Library of Science","license / intellectual-property resource","2. BioMed Central and the Public Library of Science, the two largest OA publishers, both use the Creative Commons Attribution license. See http://www.biomedcentral.com/info/about/copyright and http://www.plos.org/ journals/license.html. I have used the same license for my newsletter on open access since","6"
"URL-OCC-0290","http://www.earlham.edu/~peters/fos/newsletter/archive.htm","http://www.earlham.edu/~peters/fos/newsletter/archive.htm","","213","213","198","7 - Creating an Intellectual Commons through Open Access","Peter Suber / Earlham College","license / intellectual-property resource","July 2003, http://www.earlham.edu/~peters/fos/newsletter/ archive.htm. Author rights can be enforced through copyright law, licensing contracts, or informal norms in the scholarly community. Creative Commons licenses are most","12"
"URL-OCC-0291","http://creativecommons.org/","http://creativecommons.org/","","213","213","198","7 - Creating an Intellectual Commons through Open Access","Creative Commons","license / intellectual-property resource","informal norms in the scholarly community. Creative Commons licenses are most common licenses used for OA works, though they are not the only ones. See http://creativecommons.org/. Many OA authors believe that informal mecha- nisms are as effective as formal licenses and more convenient for authors. The Bethesda Statement on Open Access Publishing (June 2003) asserted that “com-","17"
"URL-OCC-0292","http://www.earlham.edu/~peters/fos/bethesda.htm","http://www.earlham.edu/~peters/fos/bethesda.htm","","213","213","198","7 - Creating an Intellectual Commons through Open Access","Peter Suber / Earlham College","license / intellectual-property resource","munity standards, rather than copyright law, will continue to provide the mech- anism for enforcement of proper attribution and responsible use of the published work, as they do now.” See http://www.earlham.edu/~peters/fos/bethesda.htm. 3. Budapest Open Access Initiative, http://www.soros.org/openaccess/read .shtml.","22"
"URL-OCC-0293","http://www.soros.org/openaccess/read.shtml","http://www.soros.org/openaccess/read.shtml","","213","213","198","7 - Creating an Intellectual Commons through Open Access","Open Society Institute / Budapest Open Access Initiative","repository / archive / digital library","anism for enforcement of proper attribution and responsible use of the published work, as they do now.” See http://www.earlham.edu/~peters/fos/bethesda.htm. 3. Budapest Open Access Initiative, http://www.soros.org/openaccess/read .shtml. 4. Open Archives Initiative, http://www.openarchives.org/. Raym Crow, A Guide to Institutional Repository Software, Open Society Institute, version 2.0,","23"
"URL-OCC-0294","http://www.openarchives.org/","http://www.openarchives.org/","","213","213","198","7 - Creating an Intellectual Commons through Open Access","Open Archives Initiative","repository / archive / digital library","3. Budapest Open Access Initiative, http://www.soros.org/openaccess/read .shtml. 4. Open Archives Initiative, http://www.openarchives.org/. Raym Crow, A Guide to Institutional Repository Software, Open Society Institute, version 2.0, January 2004 (a guide to the open-source software for building and maintain-","25"
"URL-OCC-0295","http://www.soros.org/openaccess/software/","http://www.soros.org/openaccess/software/","","213","213","198","7 - Creating an Intellectual Commons through Open Access","Open Society Institute / Budapest Open Access Initiative","repository / archive / digital library","Guide to Institutional Repository Software, Open Society Institute, version 2.0, January 2004 (a guide to the open-source software for building and maintain- ing OAI-compliant archives). http://www.soros.org/openaccess/software/. 5. Despite the fact that peer review consists of donated time and clerical tasks, the costs are greater than most authors would guess. A recent review of the lit-","28"
"URL-OCC-0296","http://miranda.ingentaselect.com/vl=4928683/cl=179/nw=1/rpsv/cgi-bin/linker?ini=alpsp&reqidx=/catchword/alpsp/09531513/v15n4/s2/p247","http://miranda.ingentaselect.com/vl=4928683/cl=179/nw=1/rpsv/cgi-bin/linker?ini=alpsp&reqidx=/catchword/alpsp/09531513/v15n4/s2/p247","","213","213","198","7 - Creating an Intellectual Commons through Open Access","miranda.ingentaselect.com","article / report / publication","“The Peer-Review Process,” Learned Publishing 15/4 (October 2002): 247– 258, http://miranda.ingentaselect.com/vl=4928683/cl=179/nw=1/rpsv/cgi-bin/ linker?ini=alpsp&reqidx=/catchword/alpsp/09531513/v15n4/s2/p247. The cost of peer review will drop steadily as more and more of the necessary clerical tasks are automated by journal-management software.","35"
"URL-OCC-0297","http://www.alpsp.org/publications/FAOAcomplete.pdf","http://www.alpsp.org/publications/FAOAcomplete.pdf","","213","213","198","7 - Creating an Intellectual Commons through Open Access","Association of Learned and Professional Society Publishers","article / report / publication","6. Cara Kaufman and Alma Wills determined that the figure is 47 percent. See their report, The Facts about Open Access, ALPSP (October 11, 2005), http://www.alpsp.org/publications/FAOAcomplete.pdf. 7. I am not saying that scholarly journals, like broadcast TV programs, can support themselves through advertising, merely that they can support themselves","41"
"URL-OCC-0298","http://www.earlham.edu/~peters/writing/cortex.htm","http://www.earlham.edu/~peters/writing/cortex.htm","","213","213","198","7 - Creating an Intellectual Commons through Open Access","Peter Suber / Earlham College","web resource","arship Movement Stand Today?”, Cortex 38/2 (April 2002): 261–264, http://www.earlham.edu/~peters/writing/cortex.htm. 198 Peter Suber","49"
"URL-OCC-0299","http://www.earlham.edu/~peters/fos/bethesda.htm","http://www.earlham.edu/~peters/fos/bethesda.htm","","214","214","199","7 - Creating an Intellectual Commons through Open Access","Peter Suber / Earlham College","initiative / declaration / policy","have adopted this policy. In June 2003, they and other stakeholders issued the Bethesda Statement on Open Access Publishing, calling on others to follow suit. See http://www.earlham.edu/~peters/fos/bethesda.htm. 9. See http://www.philosophersimprint.org/. 10. See below for some reasons to think that some book authors could be per-","5"
"URL-OCC-0300","http://www.philosophersimprint.org/","http://www.philosophersimprint.org/","","214","214","199","7 - Creating an Intellectual Commons through Open Access","www.philosophersimprint.org","web resource","Bethesda Statement on Open Access Publishing, calling on others to follow suit. See http://www.earlham.edu/~peters/fos/bethesda.htm. 9. See http://www.philosophersimprint.org/. 10. See below for some reasons to think that some book authors could be per- suaded, including evidence that free online full text might stimulate a net increase","6"
"URL-OCC-0301","http://www.arl.org/arl/proceedings/138/guedon.html","http://www.arl.org/arl/proceedings/138/guedon.html","","214","214","199","7 - Creating an Intellectual Commons through Open Access","Association of Research Libraries / SPARC","article / report / publication","access, see Jean-Claude Guédon, “In Oldenburg's Long Shadow: Librarians, Research Scientists, Publishers, and the Control of Scientific Publishing,” ARL Proceedings (May 2001), http://www.arl.org/arl/proceedings/138/guedon.html. 12. But see my “Open Access When Authors Are Paid,” SPARC Open Access Newsletter (December 2, 2004), http://www.earlham.edu/~peters/fos/","13"
"URL-OCC-0302","http://www.earlham.edu/~peters/fos/newsletter/12-02-03.htm#payingauthors","http://www.earlham.edu/~peters/fos/newsletter/12-02-03.htm#payingauthors","","214","214","199","7 - Creating an Intellectual Commons through Open Access","Peter Suber / Earlham College","article / report / publication","Proceedings (May 2001), http://www.arl.org/arl/proceedings/138/guedon.html. 12. But see my “Open Access When Authors Are Paid,” SPARC Open Access Newsletter (December 2, 2004), http://www.earlham.edu/~peters/fos/ newsletter/12-02-03.htm#payingauthors. 13. I discuss the connection between author donation and academic freedom in “The End for Free Online Content?”, Free Online Scholarship Newsletter (June","15"
"URL-OCC-0303","http://www.earlham.edu/~peters/fos/newsletter/06-08-01.htm","http://www.earlham.edu/~peters/fos/newsletter/06-08-01.htm","","214","214","199","7 - Creating an Intellectual Commons through Open Access","Peter Suber / Earlham College","license / intellectual-property resource","13. I discuss the connection between author donation and academic freedom in “The End for Free Online Content?”, Free Online Scholarship Newsletter (June 8, 2001), http://www.earlham.edu/~peters/fos/newsletter/06-08-01.htm. 14. Strong copyright protections may be part of the incentive for authors of royalty-producing genres, but not for authors of scholarly journal articles. One","19"
"URL-OCC-0304","http://www.upi.com/view.cfm?StoryID=15022002-015414-4119r","http://www.upi.com/view.cfm?StoryID=15022002-015414-4119r","","214","214","199","7 - Creating an Intellectual Commons through Open Access","www.upi.com","license / intellectual-property resource","publishers, not authors. See Sam Vaknin, “Copyright and Scholarship: Interview with Peter Suber, Part I,” United Press International (February 19, 2002), http://www.upi.com/view.cfm?StoryID=15022002-015414-4119r. 15. A common misunderstanding among nonacademics, and even some aca- demic publishers, is that OA appeals primarily to scholarly readers, not schol-","29"
"URL-OCC-0305","http://www.earlham.edu/~peters/fos/timeline.htm","http://www.earlham.edu/~peters/fos/timeline.htm","","214","214","199","7 - Creating an Intellectual Commons through Open Access","Peter Suber / Earlham College","article / report / publication","reasons more useful than conventional publication allowed. 16. The oldest peer-reviewed, OA journals were launched in the late 1980s. See my Timeline of the Open Access Movement, http://www.earlham.edu/~peters/ fos/timeline.htm. However, the most prestigious OA journals are much more recent. One reason prestige does not correlate with age here is that the OA move- ment had to incubate for a while before it was possible to recruit eminent sci-","37"
"URL-OCC-0306","http://www.title17.com/contentStatute/chpt01/sec105.html","http://www.title17.com/contentStatute/chpt01/sec105.html","","214","214","199","7 - Creating an Intellectual Commons through Open Access","www.title17.com","article / report / publication","ment had to incubate for a while before it was possible to recruit eminent sci- entists and scholars to OA journal editorial boards. 17. In the United States, this is mandated by 17 USC 105, http:// www.title17.com/contentStatute/chpt01/sec105.html. Peter Veeck encountered a Creating an Intellectual Commons through Open Access 199","42"
"URL-OCC-0307","http://www.earlham.edu/~peters/fos/newsletter/06-25-01.htm","http://www.earlham.edu/~peters/fos/newsletter/06-25-01.htm","","215","215","200","7 - Creating an Intellectual Commons through Open Access","Peter Suber / Earlham College","article / report / publication","of the text. See my “When Public Laws Are in the Public Domain and When They Are Not,” Free Online Scholarship Newsletter (June 25, 2001), http://www.earlham.edu/~peters/fos/newsletter/06-25-01.htm. Also see Veeck v. Southern Building Code Congress, 5th Cir., No. 99-40632, en banc decision, June 7, 2002, http://laws.findlaw.com/5th/9940632cv2.html.","5"
"URL-OCC-0308","http://laws.findlaw.com/5th/9940632cv2.html","http://laws.findlaw.com/5th/9940632cv2.html","","215","215","200","7 - Creating an Intellectual Commons through Open Access","laws.findlaw.com","license / intellectual-property resource","http://www.earlham.edu/~peters/fos/newsletter/06-25-01.htm. Also see Veeck v. Southern Building Code Congress, 5th Cir., No. 99-40632, en banc decision, June 7, 2002, http://laws.findlaw.com/5th/9940632cv2.html. 18. On December 6, 2001, the French Académie des Sciences released a public statement calling on the European Commission not to apply copyright rules for","7"
"URL-OCC-0309","http://www.revues.org/calenda/nouvelle1580.html","http://www.revues.org/calenda/nouvelle1580.html","","215","215","200","7 - Creating an Intellectual Commons through Open Access","www.revues.org","article / report / publication","royalty-producing content to scientific publications for which the authors seek no payment. See “Pétition sur la Directive européenne” (December 6, 2001), http://www.revues.org/calenda/nouvelle1580.html. 19. For example, see Francis Muguet's “Activity Report” (October 24, 2003) on negotiations to produce a meaningful endorsement of OA at the World Summit","12"
"URL-OCC-0310","http://www.wsis-si.org/si-prepcom3-report.html","http://www.wsis-si.org/si-prepcom3-report.html","","215","215","200","7 - Creating an Intellectual Commons through Open Access","www.wsis-si.org","article / report / publication","for the Information Society. The negotiations were thwarted again and again by the common misunderstanding that all literature is royalty-producing literature. See http://www.wsis-si.org/si-prepcom3-report.html. 20. I discuss the distinction between royalty-free and royalty-producing content, and the three phases of the OA movement, in “Not Napster for Science,” SPARC","17"
"URL-OCC-0311","http://www.earlham.edu/~peters/fos/newsletter/10-02-03.htm#notnapster","http://www.earlham.edu/~peters/fos/newsletter/10-02-03.htm#notnapster","","215","215","200","7 - Creating an Intellectual Commons through Open Access","Peter Suber / Earlham College","license / intellectual-property resource","20. I discuss the distinction between royalty-free and royalty-producing content, and the three phases of the OA movement, in “Not Napster for Science,” SPARC Open Access Newsletter (October 2, 2003), http://www.earlham.edu/~peters/fos/ newsletter/10-02-03.htm#notnapster. 21. See below. 22. When the author and copyright holder differ, then it is the copyright holder's","20"
"URL-OCC-0312","http://www.sherpa.ac.uk/romeo.php","http://www.sherpa.ac.uk/romeo.php","","215","215","200","7 - Creating an Intellectual Commons through Open Access","www.sherpa.ac.uk","license / intellectual-property resource","authors to deposit the postprint in an OA archive. See the database of publisher policies on copyright and OA archiving maintained by Project SHERPA, http://www.sherpa.ac.uk/romeo.php. 23. Martin O. Sabo, Public Access to Science Act (HR 2613), submitted to the U.S. House of Representatives on June 26, 2003. See http://thomas.loc.gov/","36"
"URL-OCC-0313","http://thomas.loc.gov/cgi-bin/query/z?c108:H.R.2613","http://thomas.loc.gov/cgi-bin/query/z?c108:H.R.2613","","215","215","200","7 - Creating an Intellectual Commons through Open Access","thomas.loc.gov","article / report / publication","http://www.sherpa.ac.uk/romeo.php. 23. Martin O. Sabo, Public Access to Science Act (HR 2613), submitted to the U.S. House of Representatives on June 26, 2003. See http://thomas.loc.gov/ cgi-bin/query/z?c108:H.R.2613: (the final colon is part of the URL). Also see my “Martin Sabo's Public Access to Science Act,” SPARC Open Access Newsletter (July 4, 2003), http://www.earlham.edu/~peters/fos/newsletter/07-04-03.htm","38"
"URL-OCC-0314","http://www.earlham.edu/~peters/fos/newsletter/07-04-03.htm#sabo","http://www.earlham.edu/~peters/fos/newsletter/07-04-03.htm#sabo","","215","215","200","7 - Creating an Intellectual Commons through Open Access","Peter Suber / Earlham College","article / report / publication","cgi-bin/query/z?c108:H.R.2613: (the final colon is part of the URL). Also see my “Martin Sabo's Public Access to Science Act,” SPARC Open Access Newsletter (July 4, 2003), http://www.earlham.edu/~peters/fos/newsletter/07-04-03.htm #sabo. 200 Peter Suber","41"
"URL-OCC-0315","http://www.signonsandiego.com/news/computing/20031016-1421-openaccessscience.html","http://www.signonsandiego.com/news/computing/20031016-1421-openaccessscience.html","","216","216","201","7 - Creating an Intellectual Commons through Open Access","www.signonsandiego.com","article / report / publication","single article. The PLoS servers could not handle the traffic and crashed. See Paul Elias, “Free Online Journal Seeks Revolution in Science Publishing,” Associated Press (October 16, 2003), http://www.signonsandiego.com/news/computing/ 20031016-1421-openaccessscience.html. Is this a negligible exception? Or should web traffic and server load count as diminution of a common, Internet resource? If so, then the Internet cannot support true nonrivalrous commons,","8"
"URL-OCC-0316","http://www.earlham.edu/~peters/fos/boaifaq.htm#consentqueries","http://www.earlham.edu/~peters/fos/boaifaq.htm#consentqueries","","216","216","201","7 - Creating an Intellectual Commons through Open Access","Peter Suber / Earlham College","license / intellectual-property resource","ally every time they want to go beyond fair use. See the Budapest Open Access Initiative FAQ, “Must Users Ask the Author (or Copyright Holder) for Consent Every Time They Wish to Make or Distribute a Copy?”, http://www .earlham.edu/~peters/fos/boaifaq.htm#consentqueries. 27. Because OA depends on the digital character and worldwide reach of the Internet, it was physically impossible in the age of print. But how close could we","26"
"URL-OCC-0317","http://www.biomedcentral.com/info/about/charter","http://www.biomedcentral.com/info/about/charter","","217","217","202","7 - Creating an Intellectual Commons through Open Access","BioMed Central","educational / reference resource","and labour? It would then become available to other scholars, even if it could not be published. 28. Also see BMC's Open Access Charter, http://www.biomedcentral.com/ info/about/charter. I outline several other steps taken by BMC in Lila Guterman and Peter Suber, “Colloquy on Open Access Publishing,” Chronicle of Higher Education","5"
"URL-OCC-0318","http://chronicle.com/colloquylive/2004/01/openaccess/","http://chronicle.com/colloquylive/2004/01/openaccess/","","217","217","202","7 - Creating an Intellectual Commons through Open Access","Chronicle of Higher Education","article / report / publication","and Peter Suber, “Colloquy on Open Access Publishing,” Chronicle of Higher Education (January 29, 2004), http://chronicle.com/colloquylive/2004/01/ openaccess/. 29. Peter Suber, “How Should We Define ‘Open Access'?”, SPARC Open Access Newsletter (August 2, 2004), http://www.earlham.edu/~peters/fos/newsletter/","9"
"URL-OCC-0319","http://www.earlham.edu/~peters/fos/newsletter/08-04-03.htm#define","http://www.earlham.edu/~peters/fos/newsletter/08-04-03.htm#define","","217","217","202","7 - Creating an Intellectual Commons through Open Access","Peter Suber / Earlham College","article / report / publication","openaccess/. 29. Peter Suber, “How Should We Define ‘Open Access'?”, SPARC Open Access Newsletter (August 2, 2004), http://www.earlham.edu/~peters/fos/newsletter/ 08-04-03.htm#define. 30. Randall Ward, David Michaelis, Robert Murdoch, Brian Roberts, and Julia Blixrud, “Widespread Academic Efforts Address the Scholarly Communication","12"
"URL-OCC-0320","http://www.ala.org/ala/acrl/acrlpubs/crlnews/backissues2003/june4/widespreadcademic.htm","http://www.ala.org/ala/acrl/acrlpubs/crlnews/backissues2003/june4/widespreadcademic.htm","","217","217","202","7 - Creating an Intellectual Commons through Open Access","American Library Association","article / report / publication","(June 2003), http://www.ala.org/ala/acrl/acrlpubs/crlnews/ backissues2003/june4/widespreadcademic.htm. 31. I first pointed this out in “Predictions for 2004,” SPARC Open Access Newsletter","21"
"URL-OCC-0321","http://www.earlham.edu/~peters/fos/newsletter/02-02-04.htm#predictions","http://www.earlham.edu/~peters/fos/newsletter/02-02-04.htm#predictions","","217","217","202","7 - Creating an Intellectual Commons through Open Access","Peter Suber / Earlham College","article / report / publication","31. I first pointed this out in “Predictions for 2004,” SPARC Open Access Newsletter (February 2, 2004) (prediction #3), http://www.earlham.edu/ ~peters/fos/newsletter/02-02-04.htm#predictions. Shortly afterward (March 2, 2004), Yahoo announced a program to index OA content in a more useful form than is publicly available to its rivals only in a less useful form. See the Yahoo","25"
"URL-OCC-0322","http://biz.yahoo.com/bw/040302/25391_1.html","http://biz.yahoo.com/bw/040302/25391_1.html","","217","217","202","7 - Creating an Intellectual Commons through Open Access","biz.yahoo.com","web resource","2004), Yahoo announced a program to index OA content in a more useful form than is publicly available to its rivals only in a less useful form. See the Yahoo press release, http://biz.yahoo.com/bw/040302/25391_1.html. In December 2004, Google announced its plan to digitize and index the full texts of millions of books from five major research libraries. See http://www.google.com/press/","29"
"URL-OCC-0323","http://www.google.com/press/pressrel/print_library.html","http://www.google.com/press/pressrel/print_library.html","","217","217","202","7 - Creating an Intellectual Commons through Open Access","www.google.com","article / report / publication","press release, http://biz.yahoo.com/bw/040302/25391_1.html. In December 2004, Google announced its plan to digitize and index the full texts of millions of books from five major research libraries. See http://www.google.com/press/ pressrel/print_library.html. 32. I talk about these and related obstacles, including other vicious circles, in “Why FOS Progress Has Been Slow,” Free Online Scholarship Newsletter (May","31"
"URL-OCC-0324","http://www.earlham.edu/~peters/fos/newsletter/05-15-02.htm","http://www.earlham.edu/~peters/fos/newsletter/05-15-02.htm","","217","217","202","7 - Creating an Intellectual Commons through Open Access","Peter Suber / Earlham College","article / report / publication","32. I talk about these and related obstacles, including other vicious circles, in “Why FOS Progress Has Been Slow,” Free Online Scholarship Newsletter (May 15, 2002), http://www.earlham.edu/~peters/fos/newsletter/05-15-02.htm, and “Dissemination Fees, Access Fees, and the Double Payment Problem,” Free Online Scholarship Newsletter (January 1, 2002), http://www.earlham.edu/","35"
"URL-OCC-0325","http://www.earlham.edu/~peters/fos/newsletter/01-01-02.htm","http://www.earlham.edu/~peters/fos/newsletter/01-01-02.htm","","217","217","202","7 - Creating an Intellectual Commons through Open Access","Peter Suber / Earlham College","article / report / publication","15, 2002), http://www.earlham.edu/~peters/fos/newsletter/05-15-02.htm, and “Dissemination Fees, Access Fees, and the Double Payment Problem,” Free Online Scholarship Newsletter (January 1, 2002), http://www.earlham.edu/ ~peters/fos/newsletter/01-01-02.htm. 33. See my catalog, University Actions against High Journal Prices, http:// www.earlham.edu/~peters/fos/lists.htm#actions.","37"
"URL-OCC-0326","http://www.earlham.edu/~peters/fos/lists.htm#actions","http://www.earlham.edu/~peters/fos/lists.htm#actions","","217","217","202","7 - Creating an Intellectual Commons through Open Access","Peter Suber / Earlham College","article / report / publication","Online Scholarship Newsletter (January 1, 2002), http://www.earlham.edu/ ~peters/fos/newsletter/01-01-02.htm. 33. See my catalog, University Actions against High Journal Prices, http:// www.earlham.edu/~peters/fos/lists.htm#actions. 34. Occasionally one hears the objection that elite research universities, which produce more research articles per capita than lesser institutions, will bear the","39"
"URL-OCC-0327","http://www.nature.com/nature/debates/e-access/Articles/lawrence.html","http://www.nature.com/nature/debates/e-access/Articles/lawrence.html","","218","218","203","7 - Creating an Intellectual Commons through Open Access","Nature","article / report / publication","35. Steve Lawrence, “Free Online Availability Substantially Increases a Paper's Impact,” Nature (May 31, 2001), http://www.nature.com/nature/debates/ e-access/Articles/lawrence.html. 36. The Electronic Society for Social Science uses the phrase “instant reputa- tion” for success in this endeavor. See Manfredi La Manna, “The Story of ELSSS:","6"
"URL-OCC-0328","http://www.elsss.org.uk/documents/CURL_11_03_02.pdf","http://www.elsss.org.uk/documents/CURL_11_03_02.pdf","","218","218","203","7 - Creating an Intellectual Commons through Open Access","www.elsss.org.uk","article / report / publication","tion” for success in this endeavor. See Manfredi La Manna, “The Story of ELSSS: A New Model of Partnership between Academics and Librarians” (May 11, 2002), http://www.elsss.org.uk/documents/CURL_11_03_02.pdf. For example, the Public Library of Science acquired instant reputation or instant prestige when it recruited Vivian Siegel to be its new editor-in-chief. Siegel was formerly the","11"
"URL-OCC-0329","http://www3.oup.co.uk/nar/special/14/default.html","http://www3.oup.co.uk/nar/special/14/default.html","","218","218","203","7 - Creating an Intellectual Commons through Open Access","www3.oup.co.uk","article / report / publication","an ISI rating as one of the “hottest” journals of the decade in biology and bio- chemistry. After a period of OA experimentation, NAR decided in June 2004 to make a full conversion to OA, effective January 2005. See http://www3 .oup.co.uk/nar/special/14/default.html. 38. See John Stuart Mill, On Liberty (Indianapolis: Hackett [1859] 1982), 88: Without doubt, abstinence on one day in the week, so far as the exigencies of","20"
"URL-OCC-0330","http://laws.findlaw.com/us/301/548.html","http://laws.findlaw.com/us/301/548.html","","218","218","203","7 - Creating an Intellectual Commons through Open Access","laws.findlaw.com","initiative / declaration / policy","that the law should guarantee to each, the observance by others of the custom, by suspending the greater operations of industry on a particular day. 39. Steward Machine Co. v. Davis, 301 U.S. 548, 588 (1937). See http:// laws.findlaw.com/us/301/548.html. 40. The Wellcome Trust adopted such a policy on October 1, 2005. The WT is the largest private funder of medical research in the UK, giving £400 million per","30"
"URL-OCC-0331","http://www.wellcome.ac.uk/doc_WTD002766.html","http://www.wellcome.ac.uk/doc_WTD002766.html","","218","218","203","7 - Creating an Intellectual Commons through Open Access","www.wellcome.ac.uk","initiative / declaration / policy","40. The Wellcome Trust adopted such a policy on October 1, 2005. The WT is the largest private funder of medical research in the UK, giving £400 million per year in research grants. See http://www.wellcome.ac.uk/doc_WTD002766.html. I proposed a policy along these lines in my Model Open-Access Policy for Foun- dation Research Grants","34"
"URL-OCC-0332","http://www.earlham.edu/~peters/fos/foundations.htm","http://www.earlham.edu/~peters/fos/foundations.htm","","218","218","203","7 - Creating an Intellectual Commons through Open Access","Peter Suber / Earlham College","initiative / declaration / policy","I proposed a policy along these lines in my Model Open-Access Policy for Foun- dation Research Grants (July 8, 2003), http://www.earlham.edu/~peters/ fos/foundations.htm. 41. In July 2004, the U.S. House Appropriations Committee asked the National Institutes of Health (NIH) to require free online access to articles arising from","37"
"URL-OCC-0333","http://www.nih.gov/about/publicaccess/index.htm","http://www.nih.gov/about/publicaccess/index.htm","","218","218","203","7 - Creating an Intellectual Commons through Open Access","www.nih.gov","initiative / declaration / policy","NIH-funded research. By the time the NIH actually adopted a policy, however, it had been weakened to a mere request. The NIH public-access policy took effect on May 2, 2005; see http://www.nih.gov/about/publicaccess/index.htm. For some of the procedural history, see my FAQ on the NIH policy, http://www .earlham.edu/~peters/fos/nihfaq.htm. Also in July 2004, the UK House of","43"
"URL-OCC-0334","http://www.earlham.edu/~peters/fos/nihfaq.htm","http://www.earlham.edu/~peters/fos/nihfaq.htm","","218","218","203","7 - Creating an Intellectual Commons through Open Access","Peter Suber / Earlham College","initiative / declaration / policy","had been weakened to a mere request. The NIH public-access policy took effect on May 2, 2005; see http://www.nih.gov/about/publicaccess/index.htm. For some of the procedural history, see my FAQ on the NIH policy, http://www .earlham.edu/~peters/fos/nihfaq.htm. Also in July 2004, the UK House of Creating an Intellectual Commons through Open Access 203","44"
"URL-OCC-0335","http://www.publications.parliament.uk/pa/cm200304/cmselect/cmsctech/399/39902.htm","http://www.publications.parliament.uk/pa/cm200304/cmselect/cmsctech/399/39902.htm","","219","219","204","7 - Creating an Intellectual Commons through Open Access","www.publications.parliament.uk","initiative / declaration / policy","UK (RCUK), which actually disburse publicly funded research grants. For the House of Commons Science and Technology Committee recommendations, see http://www.publications.parliament.uk/pa/cm200304/cmselect/cmsctech/ 399/39902.htm. For the RCUK open-access policy, see http://www.rcuk.ac .uk/access/index.asp. I discuss the arguments for public access to publicly funded research in “The Taxpayer Argument for Open Access,” SPARC Open","6"
"URL-OCC-0336","http://www.rcuk.ac.uk/access/index.asp","http://www.rcuk.ac.uk/access/index.asp","","219","219","204","7 - Creating an Intellectual Commons through Open Access","www.rcuk.ac.uk","initiative / declaration / policy","House of Commons Science and Technology Committee recommendations, see http://www.publications.parliament.uk/pa/cm200304/cmselect/cmsctech/ 399/39902.htm. For the RCUK open-access policy, see http://www.rcuk.ac .uk/access/index.asp. I discuss the arguments for public access to publicly funded research in “The Taxpayer Argument for Open Access,” SPARC Open Access Newsletter (September 4, 2003), http://www.earlham.edu/~peters/fos/","7"
"URL-OCC-0337","http://www.earlham.edu/~peters/fos/newsletter/09-04-03.htm","http://www.earlham.edu/~peters/fos/newsletter/09-04-03.htm","","219","219","204","7 - Creating an Intellectual Commons through Open Access","Peter Suber / Earlham College","article / report / publication",".uk/access/index.asp. I discuss the arguments for public access to publicly funded research in “The Taxpayer Argument for Open Access,” SPARC Open Access Newsletter (September 4, 2003), http://www.earlham.edu/~peters/fos/ newsletter/09-04-03.htm. 42. At the time of this writing, five universities mandate open access to their research output. For these and related university policies, see the Institutional","10"
"URL-OCC-0338","http://www.eprints.org/openaccess/policysignup/","http://www.eprints.org/openaccess/policysignup/","","219","219","204","7 - Creating an Intellectual Commons through Open Access","EPrints / Open Citation Project","repository / archive / digital library","42. At the time of this writing, five universities mandate open access to their research output. For these and related university policies, see the Institutional Self-Archiving Policy Registry, http://www.eprints.org/openaccess/policysignup/. All universities that require OA do so through institutional repositories rather than OA journals. This preserves the freedom of faculty to publish in the jour-","14"
"URL-OCC-0339","http://www.earlham.edu/~peters/fos/do.htm","http://www.earlham.edu/~peters/fos/do.htm","","219","219","204","7 - Creating an Intellectual Commons through Open Access","Peter Suber / Earlham College","project / organization homepage","nals of their choice. I support versions of all three of these external forces or nudges—by private foundations, public funding agencies, and universities. See What You Can Do to Promote Open Access, http://www.earlham.edu/~peters/ fos/do.htm. 43. See Alma Swan and Sheridan Brown, “Authors and Open Access Publish- ing,” Learned Publishing (July 2004); Open Access Self-Archiving: An Author","19"
"URL-OCC-0340","http://eprints.ecs.soton.ac.uk/11003/","http://eprints.ecs.soton.ac.uk/11003/","","219","219","204","7 - Creating an Intellectual Commons through Open Access","University of Southampton / Stevan Harnad","repository / archive / digital library","43. See Alma Swan and Sheridan Brown, “Authors and Open Access Publish- ing,” Learned Publishing (July 2004); Open Access Self-Archiving: An Author Study (May 2005). For details, see http://eprints.ecs.soton.ac.uk/11003/ and http://cogprints.org/4385/. 44. I do not want to give the impression that all digital and nonrivalrous","23"
"URL-OCC-0341","http://cogprints.org/4385/","http://cogprints.org/4385/","","219","219","204","7 - Creating an Intellectual Commons through Open Access","CogPrints","repository / archive / digital library","ing,” Learned Publishing (July 2004); Open Access Self-Archiving: An Author Study (May 2005). For details, see http://eprints.ecs.soton.ac.uk/11003/ and http://cogprints.org/4385/. 44. I do not want to give the impression that all digital and nonrivalrous commons inherently resist tragedies of depletion. For example, I believe that","24"
"URL-OCC-0342","http://www.earlham.edu/~peters/fos/newsletter/01-02-04.htm#manycopy","http://www.earlham.edu/~peters/fos/newsletter/01-02-04.htm#manycopy","","219","219","204","7 - Creating an Intellectual Commons through Open Access","Peter Suber / Earlham College","license / intellectual-property resource","deplete the usefulness of the medium. 45. See my “The Many-Copy Problem and the Many-Copy Solution,” SPARC Open Access Newsletter (January 2, 2004), http://www.earlham.edu/~peters/fos/ newsletter/01-02-04.htm#manycopy. 46. Or, to be more precise: since OA to copyrighted content must be consen- sual, revoking consent to OA is fully effective in negating the status of OA. But","38"
"URL-OCC-0343","http://www.earlham.edu/204","http://www.earlham.edu/204","","219","219","204","7 - Creating an Intellectual Commons through Open Access","Peter Suber / Earlham College","article / report / publication","it could be completely ineffective at introducing access barriers to that content. 47. Versions of this material have appeared earlier as “It's the Authors, Stupid!”, in SPARC Open Access Newsletter (June 2, 2004), http://www.earlham.edu/ 204 Peter Suber","44"
"URL-OCC-0344","http://www.nature.com/nature/focus/accessdebate/24.html","http://www.nature.com/nature/focus/accessdebate/24.html","","220","220","205","7 - Creating an Intellectual Commons through Open Access","Nature","article / report / publication","~peters/fos/newsletter/06-02-04.htm#authors, and as “The Primacy of Authors in Achieving Open Access,” in Nature (June 10, 2004), http://www.nature.com/ nature/focus/accessdebate/24.html. 48. When “presented with a list of reasons why they have not chosen to publish in an OA journal and asked to say which were important . . . the reason that","2"
"URL-OCC-0345","http://eprints.ecs.soton.ac.uk/11003/","http://eprints.ecs.soton.ac.uk/11003/","","220","220","205","7 - Creating an Intellectual Commons through Open Access","University of Southampton / Stevan Harnad","repository / archive / digital library","scored highest (70%) was that authors were not familiar enough with OA jour- nals in their field” (Alma Swan and Sheridan Brown, “Authors and Open Access Publishing,” Learned Publishing (July 2004): 220, http://eprints.ecs.soton.ac.uk/ 11003/). “Of the authors who have not yet self-archived any articles, 71% remain unaware of the option” (Alma Swan and Sheridan Brown, Open Access Self-Archiving: An Author Study (May 2005), http://cogprints.org/4385/.","8"
"URL-OCC-0346","http://cogprints.org/4385/","http://cogprints.org/4385/","","220","220","205","7 - Creating an Intellectual Commons through Open Access","CogPrints","repository / archive / digital library","11003/). “Of the authors who have not yet self-archived any articles, 71% remain unaware of the option” (Alma Swan and Sheridan Brown, Open Access Self-Archiving: An Author Study (May 2005), http://cogprints.org/4385/. 49. Ian Rowlands, Dave Nichols, and Paul Huntingdon, Scholarly Communi- cation in the Digital Environment: What Do Authors Want?, CIBER (March 18,","11"
"URL-OCC-0347","http://ciber.soi.city.ac.uk/ciber-pa-report.pdf","http://ciber.soi.city.ac.uk/ciber-pa-report.pdf","","220","220","205","7 - Creating an Intellectual Commons through Open Access","ciber.soi.city.ac.uk","article / report / publication","49. Ian Rowlands, Dave Nichols, and Paul Huntingdon, Scholarly Communi- cation in the Digital Environment: What Do Authors Want?, CIBER (March 18, 2004), http://ciber.soi.city.ac.uk/ciber-pa-report.pdf. 50. Alma Swan and Sheridan Brown, JISC/OSI Journal Authors Survey Report (London: Key Perspectives Ltd., February 2004), http://www.jisc.ac.uk/","14"
"URL-OCC-0348","http://www.jisc.ac.uk/uploaded_documents/JISCOAreport1.pdf","http://www.jisc.ac.uk/uploaded_documents/JISCOAreport1.pdf","","220","220","205","7 - Creating an Intellectual Commons through Open Access","www.jisc.ac.uk","article / report / publication","2004), http://ciber.soi.city.ac.uk/ciber-pa-report.pdf. 50. Alma Swan and Sheridan Brown, JISC/OSI Journal Authors Survey Report (London: Key Perspectives Ltd., February 2004), http://www.jisc.ac.uk/ uploaded_documents/JISCOAreport1.pdf. 51. I have heard this estimate from several sources but so far without docu- mentation. I do not vouch for the numbers. But the true numbers will very likely","16"
"URL-OCC-0349","http://www.isinet.com/media/presentrep/acropdf/impact-oa-journals.pdf","http://www.isinet.com/media/presentrep/acropdf/impact-oa-journals.pdf","","220","220","205","7 - Creating an Intellectual Commons through Open Access","Thomson ISI","license / intellectual-property resource","chief difference between these and some other journals covered by ISI is that the entire content of the OA journals is available without cost to the user” (http://www.isinet.com/media/presentrep/acropdf/impact-oa-journals.pdf). 53. A common way to avoid copyright problems is to require deposit of the final version of the author's manuscript, incorporating all changes from the peer-","30"
"URL-OCC-0350","http://romeo.eprints.org/stats.php","http://romeo.eprints.org/stats.php","","220","220","205","7 - Creating an Intellectual Commons through Open Access","EPrints / Open Citation Project","repository / archive / digital library","surveyed journals permit authors to deposit the published version of their article in an OA repository. See the e-prints “Journal Policies—Summary Statistics So Far,” http://romeo.eprints.org/stats.php. In addition, 100 percent of affected journals are cooperating with the NIH policy that asks NIH grantees to deposit the final version of the author's manuscript in PubMed Central, an OA archive.","38"
"URL-OCC-0351","http://www.earlham.edu/~peters/fos/newsletter/06-02-05.htm#nih","http://www.earlham.edu/~peters/fos/newsletter/06-02-05.htm#nih","","220","220","205","7 - Creating an Intellectual Commons through Open Access","Peter Suber / Earlham College","article / report / publication","See my “Publisher Policies on NIH-Funded Authors,” SPARC Open Access Newsletter (June 2, 2005), http://www.earlham.edu/~peters/fos/newsletter/ 06-02-05.htm#nih. 54. For more on funding agency OA mandates, see notes 40 and 41, above. Creating an Intellectual Commons through Open Access","43"
"URL-OCC-0352","http://www.earlham.edu/~peters/writing/acrl.htm","http://www.earlham.edu/~peters/writing/acrl.htm","","221","221","206","7 - Creating an Intellectual Commons through Open Access","Peter Suber / Earlham College","web resource","“Removing the Barriers to Research: An Introduction to Open Access for Librar- ians,” College & Research Libraries News, 64 (February 2003): 92–94, 113, http://www.earlham.edu/~peters/writing/acrl.htm. 59. See for example Bioline, http://www.bioline.org.br/; the Electronic Publish- ing Trust for Development, http://www.epublishingtrust.org/; the International","8"
"URL-OCC-0353","http://www.bioline.org.br/","http://www.bioline.org.br/","","221","221","206","7 - Creating an Intellectual Commons through Open Access","www.bioline.org.br","web resource","ians,” College & Research Libraries News, 64 (February 2003): 92–94, 113, http://www.earlham.edu/~peters/writing/acrl.htm. 59. See for example Bioline, http://www.bioline.org.br/; the Electronic Publish- ing Trust for Development, http://www.epublishingtrust.org/; the International Network for the Availability of Scientific Publications, http://www.inasp.info/;","9"
"URL-OCC-0354","http://www.epublishingtrust.org/","http://www.epublishingtrust.org/","","221","221","206","7 - Creating an Intellectual Commons through Open Access","www.epublishingtrust.org","web resource","http://www.earlham.edu/~peters/writing/acrl.htm. 59. See for example Bioline, http://www.bioline.org.br/; the Electronic Publish- ing Trust for Development, http://www.epublishingtrust.org/; the International Network for the Availability of Scientific Publications, http://www.inasp.info/; SciDev.Net, http://www.scidev.net/; SciELO, http://www.scielo.br/. Also see Peter","10"
"URL-OCC-0355","http://www.inasp.info/","http://www.inasp.info/","","221","221","206","7 - Creating an Intellectual Commons through Open Access","www.inasp.info","article / report / publication","59. See for example Bioline, http://www.bioline.org.br/; the Electronic Publish- ing Trust for Development, http://www.epublishingtrust.org/; the International Network for the Availability of Scientific Publications, http://www.inasp.info/; SciDev.Net, http://www.scidev.net/; SciELO, http://www.scielo.br/. Also see Peter Suber and Subbiah Arunachalam, “Open Access to Science in the Developing","11"
"URL-OCC-0356","SciDev.Net","SciDev.Net","","221","221","206","7 - Creating an Intellectual Commons through Open Access","scidev.net","article / report / publication","ing Trust for Development, http://www.epublishingtrust.org/; the International Network for the Availability of Scientific Publications, http://www.inasp.info/; SciDev.Net, http://www.scidev.net/; SciELO, http://www.scielo.br/. Also see Peter Suber and Subbiah Arunachalam, “Open Access to Science in the Developing World,” World-Information City (October 17, 2005), http://www.earlham.edu/","12"
"URL-OCC-0357","http://www.scidev.net/","http://www.scidev.net/","","221","221","206","7 - Creating an Intellectual Commons through Open Access","www.scidev.net","article / report / publication","ing Trust for Development, http://www.epublishingtrust.org/; the International Network for the Availability of Scientific Publications, http://www.inasp.info/; SciDev.Net, http://www.scidev.net/; SciELO, http://www.scielo.br/. Also see Peter Suber and Subbiah Arunachalam, “Open Access to Science in the Developing World,” World-Information City (October 17, 2005), http://www.earlham.edu/","12"
"URL-OCC-0358","http://www.scielo.br/","http://www.scielo.br/","","221","221","206","7 - Creating an Intellectual Commons through Open Access","www.scielo.br","article / report / publication","ing Trust for Development, http://www.epublishingtrust.org/; the International Network for the Availability of Scientific Publications, http://www.inasp.info/; SciDev.Net, http://www.scidev.net/; SciELO, http://www.scielo.br/. Also see Peter Suber and Subbiah Arunachalam, “Open Access to Science in the Developing World,” World-Information City (October 17, 2005), http://www.earlham.edu/","12"
"URL-OCC-0359","http://www.earlham.edu/~peters/writing/wsis2.htm","http://www.earlham.edu/~peters/writing/wsis2.htm","","221","221","206","7 - Creating an Intellectual Commons through Open Access","Peter Suber / Earlham College","initiative / declaration / policy","SciDev.Net, http://www.scidev.net/; SciELO, http://www.scielo.br/. Also see Peter Suber and Subbiah Arunachalam, “Open Access to Science in the Developing World,” World-Information City (October 17, 2005), http://www.earlham.edu/ ~peters/writing/wsis2.htm. For public statements calling for open access in developing countries, see the Declaration of San José (March 27, 1998), the Declaration on Science and the","14"
"URL-OCC-0360","http://www.earlham.edu/~peters/fos/timeline.htm","http://www.earlham.edu/~peters/fos/timeline.htm","","221","221","206","7 - Creating an Intellectual Commons through Open Access","Peter Suber / Earlham College","initiative / declaration / policy","Library-Related Principles for the International Development Agenda of WIPO (January 26, 2005), and the Salvador Declaration (September 23, 2005), http://www.earlham.edu/~peters/fos/timeline.htm. 60. Many journal publishers donate electronic subscriptions to Third-World research institutions. See Ann Okerson's list of such programs, http://","24"
"URL-OCC-0361","http://www.library.yale.edu/~llicense/develop.shtml","http://www.library.yale.edu/~llicense/develop.shtml","","221","221","206","7 - Creating an Intellectual Commons through Open Access","Liblicense / Yale University Library","license / intellectual-property resource","http://www.earlham.edu/~peters/fos/timeline.htm. 60. Many journal publishers donate electronic subscriptions to Third-World research institutions. See Ann Okerson's list of such programs, http:// www.library.yale.edu/~llicense/develop.shtml. But this creates another reason why north and south friends of OA use different arguments in their analysis and advocacy. A major issue for developing countries is whether these donated sub-","26"
"URL-OCC-0362","http://libraries.universityofcalifornia.edu/news/facmemoscholcomm_010704.pdf","http://libraries.universityofcalifornia.edu/news/facmemoscholcomm_010704.pdf","","221","221","206","7 - Creating an Intellectual Commons through Open Access","libraries.universityofcalifornia.edu","article / report / publication","mic Senate and all the library directors of the UC campuses said in a public letter, “The economics of scholarly journal publishing are incontrovertibly unsustain- able.” See http://libraries.universityofcalifornia.edu/news/facmemoscholcomm _010704.pdf. The letter was referring to conventional, subscription-based journals, not OA journals. It is now in the self-interest of commercial publishers to experiment with OA because they cannot continue business as usual. (2)","40"
"URL-OCC-0363","http://econwpa.wustl.edu:8089/eps/mic/papers/0202/0202005.pdf","http://econwpa.wustl.edu:8089/eps/mic/papers/0202/0202005.pdf","","222","222","207","7 - Creating an Intellectual Commons through Open Access","EconWPA","repository / archive / digital library","62. I heard this often myself. Bob Parks heard it often too and describes his observations in “The Faustian Grip of Academic Publishing,” a preprint posted to WoPEc (Working Papers in Economics) (July 2001), http://econwpa .wustl.edu:8089/eps/mic/papers/0202/0202005.pdf. Parks: “The point is that readers do not necessarily want [free online journals], especially if they can have [priced journals] without giving up their office or phone or secretarial services.","13"
"URL-OCC-0364","http://www.earlham.edu/~peters/fos/newsletter/02-06-02.htm","http://www.earlham.edu/~peters/fos/newsletter/02-06-02.htm","","222","222","207","7 - Creating an Intellectual Commons through Open Access","Peter Suber / Earlham College","article / report / publication","63. I discuss this distinction in more detail in “Elsevier CEO on the Public Library of Science,” Free Online Scholarship Newsletter, February 6, 2002, http://www.earlham.edu/~peters/fos/newsletter/02-06-02.htm. 64. When Derk Haank was CEO of Reed Elsevier, he made this argument in an interview in Information Today. See Dick Kaser, “Ghost in a Bottle,” Informa-","22"
"URL-OCC-0365","http://www.infotoday.com/it/feb02/kaser.htm","http://www.infotoday.com/it/feb02/kaser.htm","","222","222","207","7 - Creating an Intellectual Commons through Open Access","Information Today","article / report / publication","64. When Derk Haank was CEO of Reed Elsevier, he made this argument in an interview in Information Today. See Dick Kaser, “Ghost in a Bottle,” Informa- tion Today (February 2002), http://www.infotoday.com/it/feb02/kaser.htm. It has been a favorite Elsevier argument ever since. 65. I discuss some measurements showing the journal gaps at leading U.S.","25"
"URL-OCC-0366","http://www.earlham.edu/~peters/fos/newsletter/01-02-04.htm#ullage","http://www.earlham.edu/~peters/fos/newsletter/01-02-04.htm#ullage","","222","222","207","7 - Creating an Intellectual Commons through Open Access","Peter Suber / Earlham College","article / report / publication","research libraries in “What's the Ullage of Your Library?”, SPARC Open Access Newsletter (January 2, 2004), http://www.earlham.edu/~peters/fos/ newsletter/01-02-04.htm#ullage. 66. See for example my account of the progress of OA last year, “Open Access in 2003,” SPARC Open Access Newsletter (January 2, 2004), http://www","30"
"URL-OCC-0367","http://www.earlham.edu/~peters/fos/newsletter/01-02-04.htm","http://www.earlham.edu/~peters/fos/newsletter/01-02-04.htm","","222","222","207","7 - Creating an Intellectual Commons through Open Access","Peter Suber / Earlham College","article / report / publication","newsletter/01-02-04.htm#ullage. 66. See for example my account of the progress of OA last year, “Open Access in 2003,” SPARC Open Access Newsletter (January 2, 2004), http://www .earlham.edu/~peters/fos/newsletter/01-02-04.htm. 67. See Michael Jenson, “Academic Press Gives Away Its Secrets,” Chronicle of Higher Education (September 14, 2001), http://chronicle.com/prm/weekly/","33"
"URL-OCC-0368","http://chronicle.com/prm/weekly/v48/i03/03b02401.htm","http://chronicle.com/prm/weekly/v48/i03/03b02401.htm","","222","222","207","7 - Creating an Intellectual Commons through Open Access","Chronicle of Higher Education","article / report / publication",".earlham.edu/~peters/fos/newsletter/01-02-04.htm. 67. See Michael Jenson, “Academic Press Gives Away Its Secrets,” Chronicle of Higher Education (September 14, 2001), http://chronicle.com/prm/weekly/ v48/i03/03b02401.htm. Jensen is the director of Publishing Technologies at the NAP. Also see the National Academies Press website, http://www.nap.edu/, and browse the free full-text books.","36"
"URL-OCC-0369","http://www.nap.edu/","http://www.nap.edu/","","222","222","207","7 - Creating an Intellectual Commons through Open Access","National Academies Press","educational / reference resource","Higher Education (September 14, 2001), http://chronicle.com/prm/weekly/ v48/i03/03b02401.htm. Jensen is the director of Publishing Technologies at the NAP. Also see the National Academies Press website, http://www.nap.edu/, and browse the free full-text books. 68. Jeffrey Tucker, “Why We Put Books Online” (March 12, 2004), posting","38"
"URL-OCC-0370","http://www.mises.org/blog/archives/why_we_put_books_online_001698.asp","http://www.mises.org/blog/archives/why_we_put_books_online_001698.asp","","222","222","207","7 - Creating an Intellectual Commons through Open Access","www.mises.org","repository / archive / digital library","browse the free full-text books. 68. Jeffrey Tucker, “Why We Put Books Online” (March 12, 2004), posting to the Ludwig von Mises Institute blog, http://www.mises.org/blog/archives/ why_we_put_books_online_001698.asp; later turned into an article, “Books, Online and Off,” Ludwig von Mises Institute (March 22, 2004), http://www .mises.org/fullstory.asp?control=1473.","41"
"URL-OCC-0371","http://www.mises.org/fullstory.asp?control=1473","http://www.mises.org/fullstory.asp?control=1473","","222","222","207","7 - Creating an Intellectual Commons through Open Access","www.mises.org","repository / archive / digital library","to the Ludwig von Mises Institute blog, http://www.mises.org/blog/archives/ why_we_put_books_online_001698.asp; later turned into an article, “Books, Online and Off,” Ludwig von Mises Institute (March 22, 2004), http://www .mises.org/fullstory.asp?control=1473. Creating an Intellectual Commons through Open Access 207","43"
"URL-OCC-0372","http://www.baen.com/library/","http://www.baen.com/library/","","223","223","208","Front matter or interstitial","www.baen.com","project / organization homepage","69. Baen Free Library, http://www.baen.com/library/. Also see Eric Flint's expla- nation of Baen's business model and success, “Prime Palaver #6” (April 15, 2002), http://www.baen.com/library/palaver6.htm.","1"
"URL-OCC-0373","http://www.baen.com/library/palaver6.htm","http://www.baen.com/library/palaver6.htm","","223","223","208","Front matter or interstitial","www.baen.com","project / organization homepage","69. Baen Free Library, http://www.baen.com/library/. Also see Eric Flint's expla- nation of Baen's business model and success, “Prime Palaver #6” (April 15, 2002), http://www.baen.com/library/palaver6.htm. 70. See the Search Inside the Book home page, http://www.amazon.com/exec/ obidos/tg/browse/-/10197021/002-8790426-8727260. Also see Amazon press","3"
"URL-OCC-0374","http://www.amazon.com/exec/obidos/tg/browse/-/10197021/002-8790426-8727260","http://www.amazon.com/exec/obidos/tg/browse/-/10197021/002-8790426-8727260","","223","223","208","Front matter or interstitial","www.amazon.com","project / organization homepage","nation of Baen's business model and success, “Prime Palaver #6” (April 15, 2002), http://www.baen.com/library/palaver6.htm. 70. See the Search Inside the Book home page, http://www.amazon.com/exec/ obidos/tg/browse/-/10197021/002-8790426-8727260. Also see Amazon press release, http://phx.corporate-ir.net/phoenix.zhtml?c=97664&p=IROL-NewsText &t=Regular&id=462057& (October 23, 2003), and FAQ, http://www","4"
"URL-OCC-0375","http://phx.corporate-ir.net/phoenix.zhtml?c=97664&p=IROL-NewsText&t=Regular&id=462057&","http://phx.corporate-ir.net/phoenix.zhtml?c=97664&p=IROL-NewsText&t=Regular&id=462057&","","223","223","208","Front matter or interstitial","phx.corporate-ir.net","web resource","70. See the Search Inside the Book home page, http://www.amazon.com/exec/ obidos/tg/browse/-/10197021/002-8790426-8727260. Also see Amazon press release, http://phx.corporate-ir.net/phoenix.zhtml?c=97664&p=IROL-NewsText &t=Regular&id=462057& (October 23, 2003), and FAQ, http://www .amazon.com/exec/obidos/tg/browse/-/10197041/002-2808347-4161631. 208","6"
"URL-OCC-0376","http://www.amazon.com/exec/obidos/tg/browse/-/10197041/002-2808347-4161631","http://www.amazon.com/exec/obidos/tg/browse/-/10197041/002-2808347-4161631","","223","223","208","Front matter or interstitial","www.amazon.com","web resource","obidos/tg/browse/-/10197021/002-8790426-8727260. Also see Amazon press release, http://phx.corporate-ir.net/phoenix.zhtml?c=97664&p=IROL-NewsText &t=Regular&id=462057& (October 23, 2003), and FAQ, http://www .amazon.com/exec/obidos/tg/browse/-/10197041/002-2808347-4161631. 208 Peter Suber","7"
"URL-OCC-0377","sandiegodialogue.org","sandiegodialogue.org","","277","277","262","9 - Collective Action, Civic Engagement, and the Knowledge Commons","sandiegodialogue.org","project / organization homepage","very useful to create interdisciplinary publications or websites devoted to metropolitan areas. An example is San Diego Dialogue (www .sandiegodialogue.org), which the University of California at San Diego supports by providing sophisticated research studies. Such work can be peer-reviewed and highly selective. Nevertheless, I think almost all aca-","19"
"URL-OCC-0378","www.earthforce.org/resources.cfm","www.earthforce.org/resources.cfm","","284","284","269","9 - Collective Action, Civic Engagement, and the Knowledge Commons","www.earthforce.org","article / report / publication","tionnaires, and focus groups (but no comparison groups or testlike assessments). See “2001–2002 Earth Force Evaluation: Program Implementation and Impacts,” www.earthforce.org/resources.cfm. There were many positive changes in self-reported skills, knowledge, and attitudes over the course of the program, and teachers were favorable. However, the participants became less likely over","26"
"URL-OCC-0379","www.democracycollaborative.org/publications/reports/","www.democracycollaborative.org/publications/reports/","","284","284","269","9 - Collective Action, Civic Engagement, and the Knowledge Commons","www.democracycollaborative.org","article / report / publication","(April 2002), www.democracycollaborative.org/ publications/reports/; Harry Boyte and Paul Resnick, with Peter Levine, Robert Collective Action, Civic Engagement, and the Knowledge Commons 269","46"
"URL-OCC-0380","www.si.umich.edu/~presnick/papers/civicextension/","www.si.umich.edu/~presnick/papers/civicextension/","","285","285","270","9 - Collective Action, Civic Engagement, and the Knowledge Commons","www.si.umich.edu","article / report / publication","Wachbroit, and Lew Friedland, “White Paper: Civic Extension for the Informa- tion Age” (draft of July 23, 2001), www.si.umich.edu/~presnick/papers/ civicextension/. 8. Ostrom and Hess, chapter 3, this volume. 9. Suber, chapter 7, this volume.","2"
"URL-OCC-0381","http://216.36.193.92/ec/n3.html","http://216.36.193.92/ec/n3.html","","285","285","270","9 - Collective Action, Civic Engagement, and the Knowledge Commons","216.36.193.92","project / organization homepage",", where n is the number of users) and Reed's Law (the value is even higher, because of the potential number of n-person groups, each of which can potentially communicate with other groups within the network), see http:// 216.36.193.92/ec/n3.html. 14. Peter Levine, “A Movement for the Commons?”, Responsive Community 13/4 (fall 2003): 28–39; “Building the E-Commons,” Good Society 11/3 (2003):","15"
"URL-OCC-0382","TomPaine.com","TomPaine.com","","285","285","270","9 - Collective Action, Civic Engagement, and the Knowledge Commons","tompaine.com","article / report / publication","tion, 2001), 58. 20. Jeffrey Chester, “The Death of the Internet: How Industry Intends to Kill The ‘Net as We Know It,” TomPaine.com (October 24, 2002). 21. Elinor Ostrom, “Collective Action and the Evolution of Social Norms,” Journal of Economic Perspectives 14/3 (summer 2000): 150.","32"
"URL-OCC-0383","http://www.childtrendsdatabank.org/family/school/32ReligiousServices.htm","http://www.childtrendsdatabank.org/family/school/32ReligiousServices.htm","","286","286","271","9 - Collective Action, Civic Engagement, and the Knowledge Commons","www.childtrendsdatabank.org","article / report / publication","attention to public affairs in 1966; just 5.1 percent said so in 2000 (American National Election Study, author's tabulation). 30. Monitoring the Future data analyzed by Child Trends (http://www .childtrendsdatabank.org/family/school/32ReligiousServices.htm). 31. M. Kent Jennings and Lara Stocker, “Generations and Civic Engagement: A Longitudinal Multiple-Generational Analysis” (unpublished paper, 2001).","23"
"URL-OCC-0384","www.bsos.umd.edu/gvpt/uslaner/uslanerexeter.pdf","www.bsos.umd.edu/gvpt/uslaner/uslanerexeter.pdf","","286","286","271","9 - Collective Action, Civic Engagement, and the Knowledge Commons","www.bsos.umd.edu","article / report / publication","545–565. 34. Eric M. Uslaner, “Trust as a Moral Value” (forthcoming in Dario Cas- tiglione, ed., Social Capital), www.bsos.umd.edu/gvpt/uslaner/uslanerexeter.pdf. 35. Ostrom, “The Need for Civic Education,” 1–2. 36. The claim that association life has declined is complicated by the fact that","35"
"URL-OCC-0385","epaa.asu.edu/epaa/v8n4.html","epaa.asu.edu/epaa/v8n4.html","","287","287","272","9 - Collective Action, Civic Engagement, and the Knowledge Commons","epaa.asu.edu","repository / archive / digital library","of the Track(ing),” revised version of Warschauer, “Technology and School Reform: A View from Both Sides of the Track,” Education Policy Analysis Archives 8/4 (2000), epaa.asu.edu/epaa/v8n4.html. 45. National Assessment of Educational Progress (NAEP) Mathematics Assess- ment, 1996, analyzed by Harold Wenglinsky, Does It Compute? The Relation-","25"
"URL-OCC-0386","www.compact.org/civic/Wingspread/Wingspread.html","www.compact.org/civic/Wingspread/Wingspread.html","","287","287","272","9 - Collective Action, Civic Engagement, and the Knowledge Commons","www.compact.org","initiative / declaration / policy","46. For the mission, see Harry Boyte and Elizabeth Hollander, “Wingspread Declaration on the Civic Responsibilites of Research Universities” (Providence, RI: Campus Compact, 1999; www.compact.org/civic/Wingspread/Wingspread .html) and Carnegie Foundation for the Advancement of Teaching and CIRCLE, “Higher Education: Civic Mission and Civic Effects” (College Park, MD, 2006; http://www.civicyouth.org/research/areas/higher_ed.htm). For the criticism of","36"
"URL-OCC-0387","http://www.civicyouth.org/research/areas/higher_ed.htm","http://www.civicyouth.org/research/areas/higher_ed.htm","","287","287","272","9 - Collective Action, Civic Engagement, and the Knowledge Commons","www.civicyouth.org","educational / reference resource",".html) and Carnegie Foundation for the Advancement of Teaching and CIRCLE, “Higher Education: Civic Mission and Civic Effects” (College Park, MD, 2006; http://www.civicyouth.org/research/areas/higher_ed.htm). For the criticism of current practice, see, e.g., Eyal Press and Jennifer Washburn,” The Kept Uni- versity,” Atlantic Monthly 285/3 (March 2000): 39–54.","39"
"URL-OCC-0388","Republic.com","Republic.com","","288","288","273","9 - Collective Action, Civic Engagement, and the Knowledge Commons","republic.com","project / organization homepage","offspring to live there as well) and, thus, do not heavily discount the future” (“Type of Goods and Collective Action,” 27). 53. In Republic.com (Princeton, NJ: Princeton University Press, 2001), Cass Sun- stein claims that the Internet allows people to choose news and opinion that already interest them, while filtering out views and facts that they find uncon-","21"
"URL-OCC-0389","web.mit.edu/marshall/www/papers/CyberBalkans.pdf","web.mit.edu/marshall/www/papers/CyberBalkans.pdf","","289","289","274","9 - Collective Action, Civic Engagement, and the Knowledge Commons","web.mit.edu","article / report / publication","I still think the best theoretical account of “cyberbalkanization” is Marshall van Alstyne and Erik Brynjolfsson, “Electronic Communities: Global Village or Cyberbalkans? (1997; see web.mit.edu/marshall/www/papers/CyberBalkans .pdf). They predict that the Internet will help people who are so inclined to increase the range and diversity of their information and contacts. They also predict that the Internet will allow people to “filter” out unwelcome ideas or","3"
"URL-OCC-0390","www.pewinternet.org","www.pewinternet.org","","289","289","274","9 - Collective Action, Civic Engagement, and the Knowledge Commons","Pew Internet & American Life Project","project / organization homepage","demic Press, 1998), 43–57. 55. Pew Internet and American Life Project, Online Communities Survey (2001), available from www.pewinternet.org. 56. Boyte is a former field secretary in the civil rights movement, a University of Minnesota professor, and codirector of the University's Center for Democracy","25"
"URL-OCC-0391","www.civicyouth.org","www.civicyouth.org","","290","290","275","9 - Collective Action, Civic Engagement, and the Knowledge Commons","www.civicyouth.org","web resource","61. Molly Andolina, Scott Keeter, Cliff Zukin, and Krista Jenkins, Civic and Political Health of the Nation: A Generational Portrait, available from CIRCLE at www.civicyouth.org. 62. Dean Mohs, Celebrating and Encouraging Community Involvement of Older Minnesotans: A Snapshot of Current Minnesota Baby Boomers and Older","3"
"URL-OCC-0392","Sourceforge.net","Sourceforge.net","","293","293","278","10 - Free/Open-Source Software as a Framework for Establishing Commons in Science","sourceforge.net","software / technical infrastructure","a form of intellectual property. The innovation I am referring to is the emergence over the last twenty years of FOSS as a form of “software commons.” One popular FOSS website, Sourceforge.net, hosts over 200,000 such projects (Sourceforge.net 2006). While there are or will be many failures in this collaborative domain, there are some major success","33"
"URL-OCC-0393","Sourceforge.net","Sourceforge.net","","293","293","278","10 - Free/Open-Source Software as a Framework for Establishing Commons in Science","sourceforge.net","software / technical infrastructure","emergence over the last twenty years of FOSS as a form of “software commons.” One popular FOSS website, Sourceforge.net, hosts over 200,000 such projects (Sourceforge.net 2006). While there are or will be many failures in this collaborative domain, there are some major success stories (measured in terms of growth in software use or “market share”),","34"
"URL-OCC-0394","http://www.gnu.org/philosophy/free-sw.html","http://www.gnu.org/philosophy/free-sw.html","","296","296","281","10 - Free/Open-Source Software as a Framework for Establishing Commons in Science","www.gnu.org","software / technical infrastructure","modify the software in any way they might desire. The emphasis here is on free as in freedom rather than free in the monetized sense (http://www.gnu.org/philosophy/free-sw.html). This philosophy led Stallman to consider how he could ensure that these freedoms could be intertwined, in a sense, with the software. His major advance was to","27"
"URL-OCC-0395","http://www.gnu.org/licenses/licenses.html","http://www.gnu.org/licenses/licenses.html","","297","297","282","10 - Free/Open-Source Software as a Framework for Establishing Commons in Science","www.gnu.org","license / intellectual-property resource","the licensing principles of its “parent” software. Stallman implemented these Copyleft principles by creating the “GNU General Public License” (GPL; http://www.gnu.org/licenses/licenses.html), and to promote these freedom ideals, Stallman created the “Free Software Foundation” or FSF (http://www.gnu.org/).","19"
"URL-OCC-0396","http://www.gnu.org/","http://www.gnu.org/","","297","297","282","10 - Free/Open-Source Software as a Framework for Establishing Commons in Science","www.gnu.org","license / intellectual-property resource","(GPL; http://www.gnu.org/licenses/licenses.html), and to promote these freedom ideals, Stallman created the “Free Software Foundation” or FSF (http://www.gnu.org/). Over time a social movement around these principles of software freedom emerged, and other programmers joined in. The ideas were","21"
"URL-OCC-0397","http://www.opensource.org","http://www.opensource.org","","297","297","282","10 - Free/Open-Source Software as a Framework for Establishing Commons in Science","www.opensource.org","initiative / declaration / policy","The open-source software movement was led in part by software developers Bruce Perens and Eric Raymond, who created the Open Source Initiative (OSI, http://www.opensource.org) and worked to develop an “Open Source Definition” (OSD)—a set of rules that can be 282","38"
"URL-OCC-0398","http://http://www.opensource.org/licenses/","http://www.opensource.org/licenses/","","298","298","283","10 - Free/Open-Source Software as a Framework for Establishing Commons in Science","www.opensource.org","license / intellectual-property resource","extending the FOSS idea to scientific commons later.) Stallman's GPL can be considered the “parent” of over fifty Open Software Initiative–approved licenses (Perens 1999; http://http://www .opensource.org/licenses/), which all satisfy the general conditions of open-source software but have variations in the rights provided to soft- ware users. These variations demonstrate that software authors have a","13"
"URL-OCC-0399","http://www.gnu.org/licenses/license-list.html","http://www.gnu.org/licenses/license-list.html","","298","298","283","10 - Free/Open-Source Software as a Framework for Establishing Commons in Science","www.gnu.org","license / intellectual-property resource","is that authors of software have a set of rights that they can retain or give away (for comparisons of various FOSS licenses, see Perens 1999 or http://www.gnu.org/licenses/license-list.html). The Copyleft licensing innovations are “rules-in-use” (figure 3.2) that contribute to the motivation of computer programmers to take action in","23"
"URL-OCC-0400","www.sourceforge.net","www.sourceforge.net","","302","302","287","10 - Free/Open-Source Software as a Framework for Establishing Commons in Science","www.sourceforge.net","software / technical infrastructure","and Cornford 2003). In FOSS projects, group collaboration is supported through web-based communication and version-control systems. For example, the FOSS project-management website www.sourceforge.net provides group communication functions and software version-control systems based on the “Concurrent Versioning System” or CVS (Fogel","11"
"URL-OCC-0401","http://www.fsf.org/copyleft/fdl.html","http://www.fsf.org/copyleft/fdl.html","","306","306","291","10 - Free/Open-Source Software as a Framework for Establishing Commons in Science","www.fsf.org","license / intellectual-property resource","needed to apply to software, but also to accompanying user guides, tech- nical documentation, and so on. In this context, he developed the GNU Free Documentation License or GFDL (http://www.fsf.org/copyleft/ fdl.html), which governs the use, modification, and distribution of GNU software documentation. The GFDL specifies the sections of the document that must remain unmodified from version to version","19"
"URL-OCC-0402","CreativeCommons.org","CreativeCommons.org","","306","306","291","10 - Free/Open-Source Software as a Framework for Establishing Commons in Science","Creative Commons","license / intellectual-property resource","But around the year 2001, a new set of licenses following similar prin- ciples was developed by people associated with the nonprofit organiza- tion CreativeCommons.org that can be applied to works of music, art, video, text, and educational lesson plans (CreativeCommons.org 2004a). These licenses allow the author of a work to keep the copyright but still","28"
"URL-OCC-0403","CreativeCommons.org","CreativeCommons.org","","306","306","291","10 - Free/Open-Source Software as a Framework for Establishing Commons in Science","Creative Commons","license / intellectual-property resource","ciples was developed by people associated with the nonprofit organiza- tion CreativeCommons.org that can be applied to works of music, art, video, text, and educational lesson plans (CreativeCommons.org 2004a). These licenses allow the author of a work to keep the copyright but still allow others to copy and distribute their work as long as credit is given","29"
"URL-OCC-0404","CreativeCommons.org","CreativeCommons.org","","306","306","291","10 - Free/Open-Source Software as a Framework for Establishing Commons in Science","Creative Commons","license / intellectual-property resource","These licenses allow the author of a work to keep the copyright but still allow others to copy and distribute their work as long as credit is given to the original author (CreativeCommons.org 2004b). Creative Commons provides a series of questions to allow authors to choose between particular rights they wish to retain versus rights they would","32"
"URL-OCC-0405","Science.CreativeCommons.org","Science.CreativeCommons.org","","307","307","292","10 - Free/Open-Source Software as a Framework for Establishing Commons in Science","Creative Commons","license / intellectual-property resource","(2) developing standard licensing models to facilitate wider access to sci- entific information, and (3) exploring ways to increase the sharing of sci- entific data (Science.CreativeCommons.org 2005). While it is too early to make definitive statements about the connection between the Science Commons effort and the ideas proposed here, clearly their efforts in all","13"
"URL-OCC-0406","http://campus.esri.com","http://campus.esri.com","","316","316","301","10 - Free/Open-Source Software as a Framework for Establishing Commons in Science","campus.esri.com","software / technical infrastructure","example, some proprietary software companies are offering online distance-learning programs (e.g., in the context of geographic informa- tion systems, see http://campus.esri.com) to earn additional revenue and promote the use of their software. Could similar distance-learning serv- ices be established to provide registration-based courses on the particu-","16"
"URL-OCC-0407","opensourcecms.com","opensourcecms.com","","316","316","301","10 - Free/Open-Source Software as a Framework for Establishing Commons in Science","opensourcecms.com","repository / archive / digital library","access are emerging. A sizable number of FOSS packages are available (e.g., wiki's, Drupal, DSpace, and other content-management systems; see opensourcecms.com) with some of the needed functionality to sup- port open-content collaboration, which may reduce some of the software-development costs. Professional societies, foundations, or gov-","35"
"URL-OCC-0408","CreativeCommons.org","CreativeCommons.org","","317","317","302","10 - Free/Open-Source Software as a Framework for Establishing Commons in Science","Creative Commons","license / intellectual-property resource","Awareness is growing that the FOSS collaborative paradigm is not limited to software (e.g., Bollier 1999; Schweik and Grove 2000; Stallman 2001; CreativeCommons.org 2004a; Schweik and Semenov 2003; Weber 2004) and that it can potentially be applied in any domain that requires a team of thinkers to tackle a problem. The licensing","29"
"URL-OCC-0409","CreativeCommons.org","CreativeCommons.org","","317","317","302","10 - Free/Open-Source Software as a Framework for Establishing Commons in Science","Creative Commons","license / intellectual-property resource","2003; Weber 2004) and that it can potentially be applied in any domain that requires a team of thinkers to tackle a problem. The licensing advances made by the people at CreativeCommons.org are important components of this idea. However, extending the FOSS paradigm to sci- entific commons requires not only attention to these licensing innova-","32"
"URL-OCC-0410","http:www.lulc.org/bcworkshop_2003/os_lulc_workshop_report_2003.pdf","http://www.lulc.org/bcworkshop_2003/os_lulc_workshop_report_2003.pdf","","318","318","303","10 - Free/Open-Source Software as a Framework for Establishing Commons in Science","www.lulc.org","article / report / publication","models (see http:www.lulc.org/ bcworkshop_2003/os_lulc_workshop_report_2003.pdf) sponsored by the NSF Biocomplexity Program (grant NSFSBR 0083744). However, the recommenda- tions and opinions expressed are mine and do not necessarily reflect the views","31"
"URL-OCC-0411","http://pkp.ubc.ca/ojs/other_OJS.html","http://pkp.ubc.ca/ojs/other_OJS.html","","318","318","303","10 - Free/Open-Source Software as a Framework for Establishing Commons in Science","pkp.ubc.ca","article / report / publication","of the funding agencies. 1. For example, as noted on the Public Knowledge Project's website (http://pkp.ubc.ca/ojs/other_OJS.html), various kinds of open-source e-journal management software are available, such as the “Open Journal Systems” (http://www.pkp.ubc.ca/ojs/), the “Article System” (http://artsys.sourceforge","37"
"URL-OCC-0412","http://www.pkp.ubc.ca/ojs/","http://www.pkp.ubc.ca/ojs/","","318","318","303","10 - Free/Open-Source Software as a Framework for Establishing Commons in Science","www.pkp.ubc.ca","article / report / publication","(http://pkp.ubc.ca/ojs/other_OJS.html), various kinds of open-source e-journal management software are available, such as the “Open Journal Systems” (http://www.pkp.ubc.ca/ojs/), the “Article System” (http://artsys.sourceforge .net/), and efirst XML (http://www.openly.com/efirst/). There are also other open- source tools, such as Zope for developing general content-management systems","39"
"URL-OCC-0413","http://artsys.sourceforge.net/","http://artsys.sourceforge.net/","","318","318","303","10 - Free/Open-Source Software as a Framework for Establishing Commons in Science","artsys.sourceforge.net","article / report / publication","(http://pkp.ubc.ca/ojs/other_OJS.html), various kinds of open-source e-journal management software are available, such as the “Open Journal Systems” (http://www.pkp.ubc.ca/ojs/), the “Article System” (http://artsys.sourceforge .net/), and efirst XML (http://www.openly.com/efirst/). There are also other open- source tools, such as Zope for developing general content-management systems and Internet portals (http://zope.org).","39"
"URL-OCC-0414","http://www.openly.com/efirst/","http://www.openly.com/efirst/","","318","318","303","10 - Free/Open-Source Software as a Framework for Establishing Commons in Science","www.openly.com","article / report / publication","management software are available, such as the “Open Journal Systems” (http://www.pkp.ubc.ca/ojs/), the “Article System” (http://artsys.sourceforge .net/), and efirst XML (http://www.openly.com/efirst/). There are also other open- source tools, such as Zope for developing general content-management systems and Internet portals (http://zope.org).","40"
"URL-OCC-0415","http://zope.org","http://zope.org","","318","318","303","10 - Free/Open-Source Software as a Framework for Establishing Commons in Science","zope.org","project / organization homepage",".net/), and efirst XML (http://www.openly.com/efirst/). There are also other open- source tools, such as Zope for developing general content-management systems and Internet portals (http://zope.org). 2. However, it remains an open question as to when such funding is absolutely needed for a project to survive versus when a FOSS project can exist solely","42"
"URL-OCC-0416","http://www.fs.fed.us/ne/newtown_square/publications/technical_reports/pdfs/2002/gtrne297.pdf","http://www.fs.fed.us/ne/newtown_square/publications/technical_reports/pdfs/2002/gtrne297.pdf","","319","319","304","10 - Free/Open-Source Software as a Framework for Establishing Commons in Science","www.fs.fed.us","article / report / publication","Research Station. http://www.fs.fed.us/ne/newtown_square/publications/ technical_reports/pdfs/2002/gtrne297.pdf. Benkler, Y. 2002. “Coase's Penguin, or Linux and the Nature of the Firm.” Yale Law Journal 112(3):369–446.","13"
"URL-OCC-0417","http://firstmonday.org/issues/issue4_12/bezroukov/","http://firstmonday.org/issues/issue4_12/bezroukov/","","319","319","304","10 - Free/Open-Source Software as a Framework for Establishing Commons in Science","First Monday","article / report / publication","Law Journal 112(3):369–446. Bezroukov, N. 1999. “A Second Look at the Cathedral and the Bazaar.” First Monday 4(12). http://firstmonday.org/issues/issue4_12/bezroukov/. Bollier, D. 1999. “The Power of Openness: Why Citizens, Education, Govern- ment, and Business Should Care about the Coming Revolution in Open Source","18"
"URL-OCC-0418","http://h2oproject.law.harvard.edu/opencode/h2o/","http://h2oproject.law.harvard.edu/opencode/h2o/","","319","319","304","10 - Free/Open-Source Software as a Framework for Establishing Commons in Science","h2oproject.law.harvard.edu","initiative / declaration / policy","Bollier, D. 1999. “The Power of Openness: Why Citizens, Education, Govern- ment, and Business Should Care about the Coming Revolution in Open Source Code Software.” http://h2oproject.law.harvard.edu/opencode/h2o/. Bonaccorsi, A., and C. Rossi. 2003. “Why Open Source Software Can Succeed.” Research Policy 32(7):1243–1258.","21"
"URL-OCC-0419","http://www.rri.wvu.edu/WebBook/Briassoulis/contents.htm","http://www.rri.wvu.edu/WebBook/Briassoulis/contents.htm","","319","319","304","10 - Free/Open-Source Software as a Framework for Establishing Commons in Science","www.rri.wvu.edu","project / organization homepage","Briassoulis, H. 2000. Analysis of Land Use Change: Theoretical and Modeling Approaches. The Web Book of Regional Science. Morgantown, WV: Regional Research Institute, West Virginia University. http://www.rri.wvu.edu/WebBook/ Briassoulis/contents.htm. Capiluppi, A., P. Lago, and M. Morisio. 2003. “Evidences in the Evolution of OS Projects through Changelog Analyses.” In J. Feller, B. Fitzgerald, S. Hissam,","28"
"URL-OCC-0420","http://opensource.ucc.ie/icse2003","http://opensource.ucc.ie/icse2003","","319","319","304","10 - Free/Open-Source Software as a Framework for Establishing Commons in Science","opensource.ucc.ie","license / intellectual-property resource","OS Projects through Changelog Analyses.” In J. Feller, B. Fitzgerald, S. Hissam, and K. Lakhani, eds., Taking Stock of the Bazaar: Proceedings of the 3rd Annual Workshop on Open Source Software Engineering. http://opensource.ucc.ie/ icse2003. CreativeCommons.org. 2004a. http://creativecommons.org. CreativeCommons.org.","33"
"URL-OCC-0421","CreativeCommons.org","CreativeCommons.org","","319","319","304","10 - Free/Open-Source Software as a Framework for Establishing Commons in Science","Creative Commons","license / intellectual-property resource","Workshop on Open Source Software Engineering. http://opensource.ucc.ie/ icse2003. CreativeCommons.org. 2004a. http://creativecommons.org. CreativeCommons.org. 2004b.","35"
"URL-OCC-0422","http://creativecommons.org","http://creativecommons.org","","319","319","304","10 - Free/Open-Source Software as a Framework for Establishing Commons in Science","Creative Commons","license / intellectual-property resource","Workshop on Open Source Software Engineering. http://opensource.ucc.ie/ icse2003. CreativeCommons.org. 2004a. http://creativecommons.org. CreativeCommons.org. 2004b.","35"
"URL-OCC-0423","CreativeCommons.org","CreativeCommons.org","","319","319","304","10 - Free/Open-Source Software as a Framework for Establishing Commons in Science","Creative Commons","license / intellectual-property resource","icse2003. CreativeCommons.org. 2004a. http://creativecommons.org. CreativeCommons.org. 2004b. “Creative","36"
"URL-OCC-0424","http://creativecommons.org/licenses","http://creativecommons.org/licenses","","319","319","304","10 - Free/Open-Source Software as a Framework for Establishing Commons in Science","Creative Commons","license / intellectual-property resource","Commons Licenses” http:// creativecommons.org/licenses. Crowston, K., H. Annabi, and J. Howison. 2003. “Defining Open Source Project Success.” In Proceedings of the 24th International Conference on Information","41"
"URL-OCC-0425","http://opensource.ucc.ie/icse2003","http://opensource.ucc.ie/icse2003","","320","320","305","10 - Free/Open-Source Software as a Framework for Establishing Commons in Science","opensource.ucc.ie","conference / workshop / event","Processes: No Place for Politics?” In J. Feller, B. Fitzgerald, S. Hissam, and K. Lakhani, eds., Taking Stock of the Bazaar: Proceedings of the 3rd Annual Workshop on Open Source Software Engineering. http://opensource.ucc.ie/ icse2003. Esanu, J., and P. Uhlir, eds. 2004. Proceedings of the International Symposium on Open Access and the Public Domain in Digital Data and Information for","14"
"URL-OCC-0426","http://www.fsf.org/copyleft/gpl.html","http://www.fsf.org/copyleft/gpl.html","","320","320","305","10 - Free/Open-Source Software as a Framework for Establishing Commons in Science","www.fsf.org","license / intellectual-property resource","Object Oriented Programming Systems and Languages, Anaheim, California, October 26–30. Free Software Foundation. 2004. “GNU General Public License” http://www .fsf.org/copyleft/gpl.html. Geist, H. J., and E. F. Lambin. 2002. “Proximate Causes and Underlying Driving Forces of Tropical Deforestation.” BioScience 52(2):143–150.","29"
"URL-OCC-0427","http://www.firstmonday.org/issues/issue3_3/ghosh/","http://www.firstmonday.org/issues/issue3_3/ghosh/","","320","320","305","10 - Free/Open-Source Software as a Framework for Establishing Commons in Science","First Monday","article / report / publication","Forces of Tropical Deforestation.” BioScience 52(2):143–150. Ghosh, R. A. 2003. “Cooking Pot Markets: An Economic Model for the Trade of Free Goods and Services on the Internet.” First Monday 3(3). http://www .firstmonday.org/issues/issue3_3/ghosh/. Ghosh, R. A., and V. V. Prakash. 2000. “The Orbiten Free Software Survey.” First Monday 5(7). http://firstmonday.org/issues/issue5_7/ghosh/.","34"
"URL-OCC-0428","http://firstmonday.org/issues/issue5_7/ghosh/","http://firstmonday.org/issues/issue5_7/ghosh/","","320","320","305","10 - Free/Open-Source Software as a Framework for Establishing Commons in Science","First Monday","article / report / publication",".firstmonday.org/issues/issue3_3/ghosh/. Ghosh, R. A., and V. V. Prakash. 2000. “The Orbiten Free Software Survey.” First Monday 5(7). http://firstmonday.org/issues/issue5_7/ghosh/. Ghosh, R. A., G. Robles, and R. Glott. 2002. Free/Libre and Open Source Software: Survey and Study. Technical report. University of Maastricht, The","37"
"URL-OCC-0429","http://www.infonomics.nl/FLOSS/report/index.htm","http://www.infonomics.nl/FLOSS/report/index.htm","","320","320","305","10 - Free/Open-Source Software as a Framework for Establishing Commons in Science","www.infonomics.nl","article / report / publication","Infonomics, June. http://www .infonomics.nl/FLOSS/report/index.htm. Goldman, R., and R. P. Gabriel. 2005. Innovation Happens Elsewhere: Open Source as a Business Strategy. Amsterdam: Elsevier.","46"
"URL-OCC-0430","http://opensource.ucc.ie/icse2002/HannRobertsSlaughterFielding","http://opensource.ucc.ie/icse2002/HannRobertsSlaughterFielding","","321","321","306","10 - Free/Open-Source Software as a Framework for Establishing Commons in Science","opensource.ucc.ie","article / report / publication","Contribute to Open Source Projects? First Evidence of Economic Incentives.” Paper presented at the 2nd Workshop on Open Source Software Engineering (ICSE 2002). http://opensource.ucc.ie/icse2002/HannRobertsSlaughterFielding. pdf. Hardin, G. 1968. “The Tragedy of the Commons.” Science 162:1243–1248.","10"
"URL-OCC-0431","http://opensource.mit.edu/papers/healyschussman.pdf","http://opensource.mit.edu/papers/healyschussman.pdf","","321","321","306","10 - Free/Open-Source Software as a Framework for Establishing Commons in Science","opensource.mit.edu","article / report / publication","Hardin, G. 1968. “The Tragedy of the Commons.” Science 162:1243–1248. Healy, K., and A. Schussman. 2003. “The Ecology of Open-Source Software Development.” http://opensource.mit.edu/papers/healyschussman.pdf. Hildebrand, J. D. 2004. “Hidden Agendas in Linux Land.” Software Develop- ment Times. http://www.sdtimes.com/cols/opensourcewatch_015.htm.","14"
"URL-OCC-0432","http://www.sdtimes.com/cols/opensourcewatch_015.htm","http://www.sdtimes.com/cols/opensourcewatch_015.htm","","321","321","306","10 - Free/Open-Source Software as a Framework for Establishing Commons in Science","www.sdtimes.com","article / report / publication","Development.” http://opensource.mit.edu/papers/healyschussman.pdf. Hildebrand, J. D. 2004. “Hidden Agendas in Linux Land.” Software Develop- ment Times. http://www.sdtimes.com/cols/opensourcewatch_015.htm. Hissam, S., C. B. Weinstock, D. Plaksoh, and J. Asundi. 2001. Perspectives on Open Source Software. Technical Report CMU/SEI-2001-TR-019. Pittsburgh:","16"
"URL-OCC-0433","http://www.sei.cmu.edu/publications/documents/01.reports/01tr019.html","http://www.sei.cmu.edu/publications/documents/01.reports/01tr019.html","","321","321","306","10 - Free/Open-Source Software as a Framework for Establishing Commons in Science","www.sei.cmu.edu","article / report / publication","Hissam, S., C. B. Weinstock, D. Plaksoh, and J. Asundi. 2001. Perspectives on Open Source Software. Technical Report CMU/SEI-2001-TR-019. Pittsburgh: Carnegie Mellon University. http://www.sei.cmu.edu/publications/documents/01 .reports/01tr019.html. Johns, A. 2001. “The Birth of Scientific Reading.” Nature 409:287–289. Johnson, J. P. 2002. “Economics of Open Source Software.” Journal of Eco-","19"
"URL-OCC-0434","http://www.osdn.com/bcg/bcg-0.73/BCGHackerSurvey0-73.html","http://www.osdn.com/bcg/bcg-0.73/BCGHackerSurvey0-73.html","","321","321","306","10 - Free/Open-Source Software as a Framework for Establishing Commons in Science","www.osdn.com","project / organization homepage","of the American Medical Association 263(10):1321–1322. Lakhani, K. R., B. Wolf, J. Bates, and C. DiBona. 2002. “The Boston Consult- ing Group Hacker Survey, Release 0.73.” http://www.osdn.com/bcg/bcg-0.73/ BCGHackerSurvey0-73.html. Lee, S., N. Moisa, and M. Weiss. 2003. “Open Source as a Signaling Device: An Economic Analysis.” In J. Feller, B. Fitzgerald, S. Hissam, and K. Lakhani, eds.,","32"
"URL-OCC-0435","http://opensource.ucc.ie/icse2003","http://opensource.ucc.ie/icse2003","","321","321","306","10 - Free/Open-Source Software as a Framework for Establishing Commons in Science","opensource.ucc.ie","article / report / publication","Economic Analysis.” In J. Feller, B. Fitzgerald, S. Hissam, and K. Lakhani, eds., Taking Stock of the Bazaar: Proceedings of the 3rd Annual Workshop on Open Source Software Engineering. http://opensource.ucc.ie/icse2003. Lerner, J., and J. Tirole. 2002. “Some Simple Economics of Open Source.” Journal of Industrial Economics 52:197–234.","37"
"URL-OCC-0436","http://www.welchco.com/02/14/01/60/00/10/3101.htm","http://www.welchco.com/02/14/01/60/00/10/3101.htm","","321","321","306","10 - Free/Open-Source Software as a Framework for Establishing Commons in Science","www.welchco.com","article / report / publication","Journal of Industrial Economics 52:197–234. Manley, M. R. 2000. “Managing Projects the Open Source Way.” http://www.welchco.com/02/14/01/60/00/10/3101.htm. 306 Charles M. Schweik","41"
"URL-OCC-0437","http://www.pkp.ubc.ca/ojs/","http://www.pkp.ubc.ca/ojs/","","322","322","307","10 - Free/Open-Source Software as a Framework for Establishing Commons in Science","www.pkp.ubc.ca","article / report / publication","J. Feller, B. Fitzgerald, S. Hissam, and K. Lakhani, eds., Perspectives on Free and Open Source Software. Cambridge, MA: MIT Press. Open Journal Systems. 2004. “Open Journal Systems” http://www.pkp.ubc .ca/ojs/. O'Reilly, T. 1999. “Lessons from Open-Source Software Development.” Com- munications of the ACM 42/4 (April): 33–37.","14"
"URL-OCC-0438","http://firstmonday.org/issues/issue3_3/raymond/","http://firstmonday.org/issues/issue3_3/raymond/","","322","322","307","10 - Free/Open-Source Software as a Framework for Establishing Commons in Science","First Monday","article / report / publication","Sebastopol, CA: O'Reilly and Associates. Raymond, E. 1998a. “The Cathedral and the Bazaar.” First Monday 3/3 (March). http://firstmonday.org/issues/issue3_3/raymond/. Raymond, E. 1998b. “Homesteading the Noosphere.” First Monday 3(10). http://www.firstmonday.dk/issues/issue3_10/raymond/index.html.","31"
"URL-OCC-0439","http://www.firstmonday.dk/issues/issue3_10/raymond/index.html","http://www.firstmonday.dk/issues/issue3_10/raymond/index.html","","322","322","307","10 - Free/Open-Source Software as a Framework for Establishing Commons in Science","First Monday","article / report / publication","(March). http://firstmonday.org/issues/issue3_3/raymond/. Raymond, E. 1998b. “Homesteading the Noosphere.” First Monday 3(10). http://www.firstmonday.dk/issues/issue3_10/raymond/index.html. Rischard, J. F. 2001. “High Noon: We Need New Approaches to Global Problem-Solving, Fast.” Journal of International Economic Law 4(3):507–","33"
"URL-OCC-0440","http://www.upgrade-cepis.org/issues/2005/3/up6-3Schweik.pdf","http://www.upgrade-cepis.org/issues/2005/3/up6-3Schweik.pdf","","322","322","307","10 - Free/Open-Source Software as a Framework for Establishing Commons in Science","UPGRADE / CEPIS","article / report / publication","Software ‘Commons.'” Upgrade: The European Journal for the Informatics Professional (June): 17–27. http://www.upgrade-cepis.org/issues/2005/3/up6 -3Schweik.pdf. Free/Open-Source Software and a Commons in Science 307","40"
"URL-OCC-0441","http://www.lulc.org/bcworkshop_2003/os_lulc_workshop_report_2003.pdf","http://www.lulc.org/bcworkshop_2003/os_lulc_workshop_report_2003.pdf","","323","323","308","10 - Free/Open-Source Software as a Framework for Establishing Commons in Science","www.lulc.org","article / report / publication","Schweik, C. M., J. Evans, and J. M. Grove. 2003. “Initiating an Open Source\Content Landcover Change Modeling Effort.” http://www.lulc.org/ bcworkshop_2003/os_lulc_workshop_report_2003.pdf. Schweik, C. M., and J. M. Grove. 2000. “Fostering Open-Source Research via a World Wide Web System. “Public Administration and Management 5(3).","2"
"URL-OCC-0442","http://www.pamij.com/5_4/5_4_2_opensource.html","http://www.pamij.com/5_4/5_4_2_opensource.html","","323","323","308","10 - Free/Open-Source Software as a Framework for Establishing Commons in Science","www.pamij.com","initiative / declaration / policy","Schweik, C. M., and J. M. Grove. 2000. “Fostering Open-Source Research via a World Wide Web System. “Public Administration and Management 5(3). http://www.pamij.com/5_4/5_4_2_opensource.html. Schweik, C. M., and A. Semenov. 2003. “The Institutional Design of ‘Open Source' Programming: Implications for Addressing Complex Public Policy and","6"
"URL-OCC-0443","http://www.firstmonday.org/issues/issue8_1/schweik/","http://www.firstmonday.org/issues/issue8_1/schweik/","","323","323","308","10 - Free/Open-Source Software as a Framework for Establishing Commons in Science","First Monday","license / intellectual-property resource","Schweik, C. M., and A. Semenov. 2003. “The Institutional Design of ‘Open Source' Programming: Implications for Addressing Complex Public Policy and Management Problems.” First Monday 8(1). http://www.firstmonday.org/ issues/issue8_1/schweik/. Science.CreativeCommons.org. 2005. “welcome to Science Commons” http:// science.creativecommons.org/.","9"
"URL-OCC-0444","Science.CreativeCommons.org","Science.CreativeCommons.org","","323","323","308","10 - Free/Open-Source Software as a Framework for Establishing Commons in Science","Creative Commons","license / intellectual-property resource","Management Problems.” First Monday 8(1). http://www.firstmonday.org/ issues/issue8_1/schweik/. Science.CreativeCommons.org. 2005. “welcome to Science Commons” http:// science.creativecommons.org/. Shaikh, M., and T. Cornford. 2003. “Version Management Tools: CVS to BK in","11"
"URL-OCC-0445","http://science.creativecommons.org/","http://science.creativecommons.org/","","323","323","308","10 - Free/Open-Source Software as a Framework for Establishing Commons in Science","Creative Commons","license / intellectual-property resource","Management Problems.” First Monday 8(1). http://www.firstmonday.org/ issues/issue8_1/schweik/. Science.CreativeCommons.org. 2005. “welcome to Science Commons” http:// science.creativecommons.org/. Shaikh, M., and T. Cornford. 2003. “Version Management Tools: CVS to BK in the Linux Kernel.” In J. Feller, B. Fitzgerald, S. Hissam, and K. Lakhani, eds.,","11"
"URL-OCC-0446","http://opensource.ucc.ie/icse2003","http://opensource.ucc.ie/icse2003","","323","323","308","10 - Free/Open-Source Software as a Framework for Establishing Commons in Science","opensource.ucc.ie","article / report / publication","the Linux Kernel.” In J. Feller, B. Fitzgerald, S. Hissam, and K. Lakhani, eds., Taking Stock of the Bazaar: Proceedings of the 3rd Annual Workshop on Open Source Software Engineering. http://opensource.ucc.ie/icse2003. Sharma, S., V. Sugumaran, and B. Rajgopalan. 2002. “A Framework for Creat- ing Hybrid–Open Source Software Communities.” Information Systems Journal","16"
"URL-OCC-0447","Sourceforge.net","Sourceforge.net","","323","323","308","10 - Free/Open-Source Software as a Framework for Establishing Commons in Science","sourceforge.net","article / report / publication","lishing and Its Implications: Report of a Symposium. Washington, DC: National Academies Press. Sourceforge.net. 2006. “Sourceforge.net” http://www.sourceforge.net. Stallman, R. M. 1999. “The GNU Operating System and the Free Software Movement.” In C. DiBona, S. Ockman, and M. Stone, eds., Open Sources:","23"
"URL-OCC-0448","http://www.sourceforge.net","http://www.sourceforge.net","","323","323","308","10 - Free/Open-Source Software as a Framework for Establishing Commons in Science","www.sourceforge.net","article / report / publication","lishing and Its Implications: Report of a Symposium. Washington, DC: National Academies Press. Sourceforge.net. 2006. “Sourceforge.net” http://www.sourceforge.net. Stallman, R. M. 1999. “The GNU Operating System and the Free Software Movement.” In C. DiBona, S. Ockman, and M. Stone, eds., Open Sources:","23"
"URL-OCC-0449","http://opensource.ucc.ie/icse2003","http://opensource.ucc.ie/icse2003","","324","324","309","10 - Free/Open-Source Software as a Framework for Establishing Commons in Science","opensource.ucc.ie","article / report / publication","Software Engineering. http:// opensource.ucc.ie/icse2003. Waddell, P. 2002. “UrbanSim: Modeling Urban Development for Land Use, Transportation and Environmental Planning.” Journal of the American Planning","9"
"URL-OCC-0450","http://opensource.ucc.ie/icse2003","http://opensource.ucc.ie/icse2003","","324","324","309","10 - Free/Open-Source Software as a Framework for Establishing Commons in Science","opensource.ucc.ie","article / report / publication","an Agile Method?” In J. Feller, B. Fitzgerald, S. Hissam, and K. Lakhani, eds., Taking Stock of the Bazaar: Proceedings of the 3rd Annual Workshop on Open Source Software Engineering. http://opensource.ucc.ie/icse2003. Webb, C. L. 2004. “IBM's Open Source Lovefest.” Washington Post (September 13). www.washingtonpost.com/wp-dyn/articles/A17842-2004sept/3.html.","17"
"URL-OCC-0451","www.washingtonpost.com/wp-dyn/articles/A17842-2004sept/3.html","www.washingtonpost.com/wp-dyn/articles/A17842-2004sept/3.html","","324","324","309","10 - Free/Open-Source Software as a Framework for Establishing Commons in Science","www.washingtonpost.com","article / report / publication","Source Software Engineering. http://opensource.ucc.ie/icse2003. Webb, C. L. 2004. “IBM's Open Source Lovefest.” Washington Post (September 13). www.washingtonpost.com/wp-dyn/articles/A17842-2004sept/3.html. Weber, S. 2004. The Success of Open Source. Cambridge, MA: Harvard Uni- versity Press.","19"
"URL-OCC-0452","http://www.berlecon.de/studien/downloads/200207FLOSS_Activities.pdf","http://www.berlecon.de/studien/downloads/200207FLOSS_Activities.pdf","","324","324","309","10 - Free/Open-Source Software as a Framework for Establishing Commons in Science","www.berlecon.de","article / report / publication","Implications. FLOSS Final Report Part 2. Berlin: Berlecon Research. http://www.berlecon.de/studien/downloads/200207FLOSS_Activities.pdf. Ziman, J. 1969. “Information, Communication, Knowledge.” Nature 224: 318–324.","25"
"URL-OCC-0453","http://www.repec.org/","http://www.repec.org/","","345","345","330","11 - Scholarly Communication and Libraries Unbound: The Opportunity of the Commons","www.repec.org","article / report / publication","and open models on classic functions of libraries: collection development, access, and service. 2. Information about RePEc can be found at http://www.repec.org/. 3. http://blog.lib.umn.edu/blogosphere/. 4. Additional information and analysis of STKE can be found at http://stke","11"
"URL-OCC-0454","http://blog.lib.umn.edu/blogosphere/","http://blog.lib.umn.edu/blogosphere/","","345","345","330","11 - Scholarly Communication and Libraries Unbound: The Opportunity of the Commons","blog.lib.umn.edu","article / report / publication","and service. 2. Information about RePEc can be found at http://www.repec.org/. 3. http://blog.lib.umn.edu/blogosphere/. 4. Additional information and analysis of STKE can be found at http://stke .sciencemag.org/.","12"
"URL-OCC-0455","http://stke.sciencemag.org/","http://stke.sciencemag.org/","","345","345","330","11 - Scholarly Communication and Libraries Unbound: The Opportunity of the Commons","Science","article / report / publication","2. Information about RePEc can be found at http://www.repec.org/. 3. http://blog.lib.umn.edu/blogosphere/. 4. Additional information and analysis of STKE can be found at http://stke .sciencemag.org/. 5. The decision on prepublication posting shifted to the discretion of individual APA journal editors.","13"
"URL-OCC-0456","http://www.diglib.org/aquifer/","http://www.diglib.org/aquifer/","","345","345","330","11 - Scholarly Communication and Libraries Unbound: The Opportunity of the Commons","www.diglib.org","project / organization homepage","ment, over time library presence has been increasingly evident and the research projects have moved from testbeds to more operational settings. 8. See http://www.diglib.org/aquifer/. 9. National Research Council Committee on a National Collaboratory, National Collaboratories (Washington, DC: National Academy Press, 1993).","24"
"URL-OCC-0457","http://www.windows.ucar.edu/sparc/","http://www.windows.ucar.edu/sparc/","","345","345","330","11 - Scholarly Communication and Libraries Unbound: The Opportunity of the Commons","www.windows.ucar.edu","web resource","9. National Research Council Committee on a National Collaboratory, National Collaboratories (Washington, DC: National Academy Press, 1993). 10. Information on SPARC can be found at http://www.windows.ucar.edu/ sparc/. 11. See “UCSB Campus Informatics: Collaboration for Knowledge Manage- ment,” http://www.cni.org/tfms/2004a.spring/abstracts/PB-ucsb-pritchard.html.","27"
"URL-OCC-0458","http://www.cni.org/tfms/2004a.spring/abstracts/PB-ucsb-pritchard.html","http://www.cni.org/tfms/2004a.spring/abstracts/PB-ucsb-pritchard.html","","345","345","330","11 - Scholarly Communication and Libraries Unbound: The Opportunity of the Commons","www.cni.org","web resource","sparc/. 11. See “UCSB Campus Informatics: Collaboration for Knowledge Manage- ment,” http://www.cni.org/tfms/2004a.spring/abstracts/PB-ucsb-pritchard.html. 12. See http://www.lib.umn.edu/about/mellon/. References","30"
"URL-OCC-0459","http://www.lib.umn.edu/about/mellon/","http://www.lib.umn.edu/about/mellon/","","345","345","330","11 - Scholarly Communication and Libraries Unbound: The Opportunity of the Commons","www.lib.umn.edu","project / organization homepage","11. See “UCSB Campus Informatics: Collaboration for Knowledge Manage- ment,” http://www.cni.org/tfms/2004a.spring/abstracts/PB-ucsb-pritchard.html. 12. See http://www.lib.umn.edu/about/mellon/. References Atkinson, Ross. 1996. “Library Functions, Scholarly Communication, and the","31"
"URL-OCC-0460","http://name.umdl.umich.edu/bbv9812","http://name.umdl.umich.edu/bbv9812","","346","346","331","11 - Scholarly Communication and Libraries Unbound: The Opportunity of the Commons","name.umdl.umich.edu","project / organization homepage","eds., Digital Libraries: A Vision for the 21st Century, 154–175. Ann Arbor: Uni- versity of Michigan Library Scholarly Publishing Office. http://name.umdl .umich.edu/bbv9812. Bennett, Douglas C. 1997. New Connections for Scholars: The Changing Mis- sions of a Learned Society in an Era of Digital Networks. American Council of","2"
"URL-OCC-0461","http://www.acls.org/op36.htm","http://www.acls.org/op36.htm","","346","346","331","11 - Scholarly Communication and Libraries Unbound: The Opportunity of the Commons","www.acls.org","initiative / declaration / policy","Bennett, Douglas C. 1997. New Connections for Scholars: The Changing Mis- sions of a Learned Society in an Era of Digital Networks. American Council of Learned Societies Occasional Paper No. 36. http://www.acls.org/op36.htm. Berghel, Hal. 2001. “Digital Village: A Cyberpublishing Manifesto.” Commu- nications of the ACM 44/3 (March):17–20.","6"
"URL-OCC-0462","http://www.press.umich.edu/jep/works/kahin.dl.html","http://www.press.umich.edu/jep/works/kahin.dl.html","","346","346","331","11 - Scholarly Communication and Libraries Unbound: The Opportunity of the Commons","www.press.umich.edu","repository / archive / digital library","Writing. New York: Longman. Kahin, Brian. 1995. “Institutional and Policy Issues in the Development of the Digital Library.” Journal of Electronic Publishing (January). http://www.press .umich.edu/jep/works/kahin.dl.html. Kling, Rob, and Geoffrey McKim. 2000. “Not Just a Matter of Time: Field Dif- ferences and the Shaping of Electronic Media in Supporting Scientific Commu-","24"
"URL-OCC-0463","http://www.clir.org/pubs/abstract/pub92abst.html","http://www.clir.org/pubs/abstract/pub92abst.html","","346","346","331","11 - Scholarly Communication and Libraries Unbound: The Opportunity of the Commons","Council on Library and Information Resources","article / report / publication","Lynch, Clifford. 2000. Authenticity and Integrity in the Digital Environment: An Exploratory Analysis of the Central Role of Trust. Council on Library and Information Resources Report 92. http://www.clir.org/pubs/abstract/pub92abst .html. Lynch, Clifford. 2001. “When Documents Deceive: Trust and Provenance as New Factors for Retrieval in a Tangled Web.” Journal of the American Society","35"
"URL-OCC-0464","http://www.asu.edu/ecure/2005/keynote","http://www.asu.edu/ecure/2005/keynote","","346","346","331","11 - Scholarly Communication and Libraries Unbound: The Opportunity of the Commons","www.asu.edu","article / report / publication","for Information Science and Technology 52(1):12–17. Lynch, Clifford. 2005. “ECURE 2005 Keynote Address, Arizona State Univer- sity, March 2005.” http://www.asu.edu/ecure/2005/keynote. Scholarly Communication and Libraries Unbound 331","41"
"URL-OCC-0465","http://www.sis.pitt.edu/~dlwkshop/paper_miller.html","http://www.sis.pitt.edu/~dlwkshop/paper_miller.html","","347","347","332","Front matter or interstitial","www.sis.pitt.edu","repository / archive / digital library","Miller, Eric. 2003. “Enabling the Semantic Web for Scientific Research and Collaboration.” NSF Post Digital Library Futures Workshop, Chatham, Massachusetts, June. http://www.sis.pitt.edu/~dlwkshop/paper_miller.html. National Research Council Committee on a National Collaboratory. 1993. National Collaboratories: Applying Information Technology for Scientific","3"
"URL-OCC-0466","http://www.oclc.org/membership/escan/default.htm","http://www.oclc.org/membership/escan/default.htm","","347","347","332","Front matter or interstitial","www.oclc.org","repository / archive / digital library","Research. Washington, DC: National Academy Press. OCLC. 2003. The 2003 OCLC Environmental Scan: Pattern Recognition. Dublin, OH: OCLC Online Computer Library Center. http://www.oclc.org/ membership/escan/default.htm. Seaman, David. 2003. “Deep Sharing: A Case for the Federated Digital Library.” Educause","8"
"URL-OCC-0467","http://www.educause.edu/ir/library/pdf/erm0348.pdf","http://www.educause.edu/ir/library/pdf/erm0348.pdf","","347","347","332","Front matter or interstitial","EDUCAUSE","article / report / publication","Review (July/August). http://www.educause.edu/ir/library/pdf/ erm0348.pdf. Stone, Sue. 1982. “Humanities Scholars: Information Needs and Uses.” Journal of Documentation 38(4):292–313.","14"
"URL-OCC-0468","http://www.acls.org/op43.htm","http://www.acls.org/op43.htm","","347","347","332","Front matter or interstitial","www.acls.org","article / report / publication","Tomlins, Christopher L. 1998. Wave of the Present: The Scholarly Journal on the Edge of the Internet. American Council of Learned Societies Occasional Paper No. 43. http://www.acls.org/op43.htm. Traweek, Sharon. 1988. Beamtimes and Lifetimes: The World of High Energy Physicists. Cambridge, MA: Harvard University Press.","20"
"URL-OCC-0469","http://www.arl.org/scomm/disciplines_program.html","http://www.arl.org/scomm/disciplines_program.html","","347","347","332","Front matter or interstitial","Association of Research Libraries / SPARC","project / organization homepage","Alone'”? Scholarly Tribes and Tribulations: How Tradition and Technology Are Driving Disciplinary Change. Washington, DC: Association of Research Libraries, October 17. http://www.arl.org/scomm/disciplines_program.html. 332 Wendy Pradt Lougee","26"
"URL-OCC-0470","http://www.econport.org","http://www.econport.org","","348","348","333","12 - EconPort: Creating and Maintaining a Knowledge Commons","www.econport.org","repository / archive / digital library","focuses on an open-access digital library of microeconomics for students, teachers, researchers, and the general public. This digital library, Econ- Port (http://www.econport.org), is a new knowledge commons. EconPort was created, beginning in 2002, by a team from the Eco- nomic Science Laboratory (http://www.econlab.arizona.edu) and the","11"
"URL-OCC-0471","http://www.econlab.arizona.edu","http://www.econlab.arizona.edu","","348","348","333","12 - EconPort: Creating and Maintaining a Knowledge Commons","www.econlab.arizona.edu","repository / archive / digital library","Port (http://www.econport.org), is a new knowledge commons. EconPort was created, beginning in 2002, by a team from the Eco- nomic Science Laboratory (http://www.econlab.arizona.edu) and the Artificial Intelligence Lab (http://www.ailab.arizona.edu) at the Univer- sity of Arizona, under a grant from the National Science Digital Library","13"
"URL-OCC-0472","http://www.ailab.arizona.edu","http://www.ailab.arizona.edu","","348","348","333","12 - EconPort: Creating and Maintaining a Knowledge Commons","www.ailab.arizona.edu","repository / archive / digital library","EconPort was created, beginning in 2002, by a team from the Eco- nomic Science Laboratory (http://www.econlab.arizona.edu) and the Artificial Intelligence Lab (http://www.ailab.arizona.edu) at the Univer- sity of Arizona, under a grant from the National Science Digital Library (http://www.nsdl.org) initiative of the National Science Foundation. The","14"
"URL-OCC-0473","http://www.nsdl.org","http://www.nsdl.org","","348","348","333","12 - EconPort: Creating and Maintaining a Knowledge Commons","National Science Digital Library","repository / archive / digital library","Artificial Intelligence Lab (http://www.ailab.arizona.edu) at the Univer- sity of Arizona, under a grant from the National Science Digital Library (http://www.nsdl.org) initiative of the National Science Foundation. The goal of the project was to provide microeconomics educational resources to the public, with a particular focus on the use of microeconomics","16"
"URL-OCC-0474","http://excen.gsu.edu","http://excen.gsu.edu","","361","361","346","12 - EconPort: Creating and Maintaining a Knowledge Commons","excen.gsu.edu","project / organization homepage","for maintenance and development of EconPort will remain with the authors and next be housed at the new Experimental Economics Center (http://excen.gsu.edu) at AYSPS, ensuring the continuing provision of 346 James C. Cox and J. Todd Swarthout","37"
"URL-OCC-0475","http://www.wwnorton.com/stiglitzwalsh/economics/glossary.htm","http://www.wwnorton.com/stiglitzwalsh/economics/glossary.htm","","365","365","350","Glossary","www.wwnorton.com","educational / reference resource","Incentives Benefits, or reduced costs, that motivate a decision maker in favor of, or against, a particular choice. http://www.wwnorton.com/stiglitzwalsh/ economics/glossary.htm Institutional analysis The analysis of how institutions are formed, how they","32"
"URL-OCC-0476","http://usinfo.state.gov/products/pubs/intelprp/Libertarian","http://usinfo.state.gov/products/pubs/intelprp/Libertarian","","365","365","350","Glossary","usinfo.state.gov","license / intellectual-property resource","Intellectual property rights Legal rights to intangible property—patents, trade- marks, copyrights, and trade secrets. http://usinfo.state.gov/products/pubs/ intelprp/ Libertarian commons Where anyone has a right to use (and sometimes also to contribute to) some public resource.","47"
"URL-OCC-0477","http://www.law.duke.edu/cspd/about.html","http://www.law.duke.edu/cspd/about.html","","366","366","351","Glossary","Duke University School of Law / Law and Contemporary Problems","web resource","The realm of material—ideas, images, sounds, discoveries, facts, texts—that is unprotected by intellectual property rights and free for all to use or build on. (Boyle, http://www.law.duke.edu/cspd/about.html) Public goods A good that is available to all and where one person's use does","33"
"URL-OCC-0478","Amazon.com","Amazon.com","","368","368","353","Index","amazon.com","web resource","257 Alienability, 29, 33, 52–53 Amazon.com, 99, 196–197, 252 one-click method, 252 search Inside the Book, 196","10"
"URL-OCC-0479","arXiv.org","arXiv.org","","368","368","353","Index","arXiv","repository / archive / digital library","Archives, 18, 20, 100, 106, 108, 140, 149–156, 159–60, 311. See also arXiv.org; Digital Libraries; Libraries; Self-archiving community-based archives,","32"
"URL-OCC-0480","ArXiv.org","ArXiv.org","","368","368","353","Index","arXiv","repository / archive / digital library","342, 344 ARTstor, 161 ArXiv.org, 98, 110, 317–318 Ashcroft, John, 90 Association of College and Research","61"
"URL-OCC-0481","ArXiv.org","ArXiv.org","","371","371","356","Index","arXiv","repository / archive / digital library","346–347. See also Archives; Repositories; Libraries ArXiv.org, 98, 110, 317–318 Baen Free Library, 196–197 Digital Library of the Commons,","40"
"URL-OCC-0482","Publicnews.com","Publicnews.com","","379","379","364","Index","publicnews.com","initiative / declaration / policy","Public Library of Science (PLoS), 96, 183, 192 Publicnews.com, 36 Public policy, 38, 86, 90–91, 93, 101–102, 105, 110, 137, 177,","9"
"URL-OCC-0483","Sourceforge.net","Sourceforge.net","","380","380","365","Index","sourceforge.net","software / technical infrastructure","316 Software Freedom Law Center, 35 Sourceforge.net, 278, 287 Space Physics and Aeronomy Research Collaboratory,","61"
"URL-OCC-0484","Yahoo.com","Yahoo.com","","382","382","367","Index","yahoo.com","web resource","World Wide Web, 87, 128, 249, 314, 333, 338. See also Internet Yahoo.com, 99, 184, 345 Zurkowski, Paul, 87","26"
