"id","canonicalName","aliases","candidateTier","scope","bookRelations","bookCategories","bookPortrayal","mentionCount","chapters","printedPageReferences","bookPrintedUrls","sourceGroundedRoles","currentStatusGroup","detailedStatus","currentCanonicalUrl","currentOperator","currentStatusEvidence","verified","confidence","verificationSourceUrls","discoveryGeneration","directoryDecision","editorialNotes","mentionIds"
"PC-0001","ACLS History E-Book project","","Core candidate","Commons Projects","direct","digital-book project","operating at book date","1","11","Ch. 11, pp. 322","","History e-book production project supported by Michigan's library publishing service.","STATUS_UNRESOLVED","","","","","","","","0","","","UKC-11-020"
"PC-0002","AFFECT","","Support node","Supporting Ecosystem","enabler","electronic-commerce coalition","operating at book date","1","4","Ch. 4, pp. 114","http://www.affect.ucita.com/why.html","Coalition opposing restrictive electronic-commerce transaction rules.","STATUS_UNRESOLVED","","","","","","","","0","","","UKC-04-080"
"PC-0003","Amazon one-click purchasing method","","Context / analogy","Concepts and Comparisons","analogy","proprietary business-method system","operating at book date","1","9","Ch. 9, pp. 252","","Enclosure example showing patented reuse restrictions.","STATUS_UNRESOLVED","","","","","","","","0","","","UKC-09-007"
"PC-0004","Amazon pay-per-view full-text program","","Context / analogy","Concepts and Comparisons","analogy","commercial digital-book service","operating at book date","1","4","Ch. 4, pp. 99","","Commercial proposal for licensed full-text access.","STATUS_UNRESOLVED","","","","","","","","0","","","UKC-04-048"
"PC-0005","Amazon Search Inside the Book","","Context / analogy","Concepts and Comparisons","analogy","commercial book-discovery service","operating at book date","1","7","Ch. 7, pp. 196","","Free full-text search and sampling service intended to increase print sales.","STATUS_UNRESOLVED","","","","","","","","0","","","UKC-07-040"
"PC-0006","American Anthropological Association","AAA","Support node","Supporting Ecosystem","enabler","scholarly association and project steward","operating at book date","1","4","Ch. 4, pp. 95-96","","Governed and supplied the professional community for AnthroSource and AnthroCommons.","STATUS_UNRESOLVED","","","","","","","","0","","","UKC-04-011"
"PC-0007","American Association for the Advancement of Science","AAAS","Support node","Supporting Ecosystem","enabler","scientific association and publishing steward","operating at book date","1","11","Ch. 11, pp. 317","","Publishes and governs the Signal Transduction Knowledge Environment.","STATUS_UNRESOLVED","","","","","","","","0","","","UKC-11-009"
"PC-0008","American Council of Learned Societies digital-resource pilots","ACLS","Support node","Supporting Ecosystem","enabler","scholarly digital-resource program","operating at book date","1","11","Ch. 11, pp. 319","","Pilot efforts to validate and organize humanities digital resources.","STATUS_UNRESOLVED","","","","","","","","0","","","UKC-11-033"
"PC-0009","American Library Association","ALA","Support node","Supporting Ecosystem","enabler","library association","operating at book date","1","4","Ch. 4, pp. 101-102, 114-115","","Collective policy, litigation, intellectual-freedom, and public-access advocate.","STATUS_UNRESOLVED","","","","","","","","0","","","UKC-04-066"
"PC-0010","American Library Association CIPA website","","Core candidate","Commons Projects","direct","legal-information website","operating at book date","1","4","Ch. 4, pp. 115","http://www.ala.org/cipa","ALA public resource on the Children's Internet Protection Act.","STATUS_UNRESOLVED","","","","","","","","0","","","UKC-04-086"
"PC-0011","American Library Association Eldred v. Ashcroft website","","Core candidate","Commons Projects","direct","legal-information website","operating at book date","1","4","Ch. 4, pp. 114","","ALA public resource on the copyright-term case.","STATUS_UNRESOLVED","","","","","","","","0","","","UKC-04-085"
"PC-0012","American National Election Study","","Support node","Supporting Ecosystem","enabler","public opinion dataset","operating at book date","1","9","Ch. 9, pp. 271","","Longitudinal election data used to assess youth attention to public affairs.","STATUS_UNRESOLVED","","","","","","","","0","","","UKC-09-017"
"PC-0013","Andrew W. Mellon Foundation","","Support node","Supporting Ecosystem","enabler","foundation and funder","operating at book date","3","0, 4, 11","Ch. 0, pp. ix, xiii | Ch. 4, pp. 96, 100, 107 | Ch. 11, pp. 328","","Funded the workshop and later preservation and scholarly-communication initiatives. | Funded AnthroSource and the Portico and LOCKSS preservation prototypes. | Sponsored scholarly-communication institutes and campus research-behavior projects.","STATUS_UNRESOLVED","","","","","","","","0","","","UKC-00-006 | UKC-04-013 | UKC-11-028"
"PC-0014","AnthroCommons","","Core candidate","Commons Projects","direct","disciplinary portal","operating at book date","1","4","Ch. 4, pp. 95","","Companion commons portal designed around anthropologists' work practices.","BOOK_ONLY_HISTORICAL","HISTORICAL_PROJECT; CURRENT_SITE_UNVERIFIED","https://alexandriaarchive.org/wp-content/uploads/2008/anthrocommons_eval.pdf","Alexandria Archive Institute and ArchaeoCommons; created to support the American Anthropological Association's 2004 Annual Meeting","The surviving primary evaluation documents AnthroCommons as a virtual conference facility created for the 2004 AAA Annual Meeting; no current operating AnthroCommons site was verified.","2026-07-28","MEDIUM","https://alexandriaarchive.org/wp-content/uploads/2008/anthrocommons_eval.pdf | https://alexandriaarchive.org/impacts/publications/","0","","","UKC-04-010"
"PC-0015","AnthroSource","","Core candidate","Commons Projects","direct","disciplinary portal and digital collection","operating at book date","1","4","Ch. 4, pp. 95-96, 117","","American Anthropological Association portal providing online anthropology resources.","ACTIVE_AT_NEW_URL","ACTIVE_AT_NEW_URL","https://anthrosource.onlinelibrary.wiley.com/","American Anthropological Association; platform hosted by Wiley","AnthroSource is an active searchable publishing service of the American Anthropological Association on Wiley Online Library.","2026-07-28","HIGH","https://anthrosource.onlinelibrary.wiley.com/ | https://americananthro.org/publications/what-is-anthrosource/","0","","","UKC-04-009"
"PC-0016","Apache Web Server","","Core candidate","Commons Projects","direct","open-source web server","operating at book date","1","10","Ch. 10, pp. 278, 284","","Major successful FOSS project.","STATUS_UNRESOLVED","","","","","","","","0","","","UKC-10-003"
"PC-0017","Archive Registry","","Support node","Supporting Ecosystem","enabler","repository registry","operating at book date","1","3","Ch. 3, pp. 57","","Southampton-created registry of archives.","STATUS_UNRESOLVED","","","","","","","","0","","","UKC-03-012"
"PC-0018","Arizona Proposition 301","","Support node","Supporting Ecosystem","enabler","public education funding initiative","enacted public initiative","1","12","Ch. 12, pp. 333-334","","Voter-approved tax funding technology education and EconPort's institutional conditions.","STATUS_UNRESOLVED","","","","","","","","0","","","UKC-12-006"
"PC-0019","Article System","","Support node","Supporting Ecosystem","enabler","open-source journal-management software","operating at book date","1","10","Ch. 10, pp. 303","http://artsys.sourceforge.net/","Open-source system for managing e-journal publication.","STATUS_UNRESOLVED","","","","","","","","0","","","UKC-10-027"
"PC-0020","Artificial Intelligence Lab","AI Lab","Support node","Supporting Ecosystem","enabler","information-technology laboratory","operating at book date","1","12","Ch. 12, pp. 333, 341-344","http://www.ailab.arizona.edu","Built EconPort's OAI-compliant active-object digital-library infrastructure.","STATUS_UNRESOLVED","","","","","","","","0","","","UKC-12-003"
"PC-0021","ARTstor","","Core candidate","Commons Projects","direct","digital image archive","operating at book date","1","6","Ch. 6, pp. 161","","Mellon-built archival resource licensing cultural images for education.","STATUS_UNRESOLVED","","","","","","","","0","","","UKC-06-011"
"PC-0022","arXiv","","Core candidate","Commons Projects","direct","disciplinary e-print archive","operating at book date","1","11","Ch. 11, pp. 317-318","","Physics e-print environment shaped by disciplinary norms and central leadership.","ACTIVE","ACTIVE_WITH_ORGANIZATIONAL_CHANGE","https://arxiv.org/","arXiv, Inc.; Cornell University and the Simons Foundation are founding members during the transition","arXiv remains active and became an independent nonprofit, arXiv, Inc., on 2026-07-01.","2026-07-28","HIGH","https://arxiv.org/ | https://info.arxiv.org/about/index.html | https://info.arxiv.org/about/spinout_faq.html | https://blog.arxiv.org/2026/07/09/arxiv-now-hosts-over-3-million-articles/","0","","","UKC-11-012"
"PC-0023","Asset-Based Community Development Institute","ABCD Institute","Support node","Supporting Ecosystem","enabler","community-development institute","operating at book date","1","9","Ch. 9, pp. 274","","Northwestern institute developing asset-based local community methods.","STATUS_UNRESOLVED","","","","","","","","0","","","UKC-09-028"
"PC-0024","Association of College and Research Libraries","ACRL","Support node","Supporting Ecosystem","enabler","academic-library association","operating at book date","1","4","Ch. 4, pp. 102, 113, 121","","Academic-library association coordinating reform campaigns and toolkits.","STATUS_UNRESOLVED","","","","","","","","0","","","UKC-04-069"
"PC-0025","Association of Research Libraries","ARL","Support node","Supporting Ecosystem","enabler","research-library association","operating at book date","1","4","Ch. 4, pp. 102, 113, 121","","Library association coordinating scholarly-communication reform.","STATUS_UNRESOLVED","","","","","","","","0","","","UKC-04-068"
"PC-0026","Audubon Society","","Context / analogy","Concepts and Comparisons","analogy","environmental organization","operating at book date","1","2","Ch. 2, pp. 30","","Illustrates conservation-focused organization in the movement analogy.","STATUS_UNRESOLVED","","","","","","","","0","","","UKC-02-005"
"PC-0027","Baen Free Library","","Core candidate","Commons Projects","direct","open-access digital book library","operating at book date","1","7","Ch. 7, pp. 196-197","","Provides free online science-fiction novels to support discovery and print sales.","STATUS_UNRESOLVED","","","","","","","","0","","","UKC-07-039"
"PC-0028","Beijing Declaration","","Support node","Supporting Ecosystem","enabler","open-access declaration","completed declaration","1","7","Ch. 7, pp. 206","","Public statement supporting scientific information access.","STATUS_UNRESOLVED","","","","","","","","0","","","UKC-07-030"
"PC-0029","Berlin 3 meeting","","Support node","Supporting Ecosystem","enabler","open-access implementation meeting","completed meeting","1","3","Ch. 3, pp. 56","","Moved Berlin Declaration support toward institutional implementation.","STATUS_UNRESOLVED","","","","","","","","0","","","UKC-03-007"
"PC-0030","Berlin Declaration","","Support node","Supporting Ecosystem","enabler","open-access declaration","declaration under implementation","1","3","Ch. 3, pp. 56-57, 70","http://www.zim.mpg.de/openaccess-berlin/berlindeclaration.html","Declaration and implementation program supporting repository deposit and OA publishing.","STATUS_UNRESOLVED","","","","","","","","0","","","UKC-03-006"
"PC-0031","Bethesda Statement on Open Access Publishing","","Support node","Supporting Ecosystem","enabler","open-access declaration","declaration under implementation","1","7","Ch. 7, pp. 198-199","http://www.earlham.edu/~peters/fos/bethesda.htm","Stakeholder statement defining OA publishing and calling for funder policies.","STATUS_UNRESOLVED","","","","","","","","0","","","UKC-07-009"
"PC-0032","Bioline","","Core candidate","Commons Projects","direct","developing-world journal platform","operating at book date","1","7","Ch. 7, pp. 206","http://www.bioline.org.br/","OA-oriented scientific publishing and distribution service for developing regions.","STATUS_UNRESOLVED","","","","","","","","0","","","UKC-07-022"
"PC-0033","BioMed Central","BMC","Core candidate","Commons Projects","direct","open-access publisher and journal platform","operating at book date","2","4, 7","Ch. 4, pp. 96, 107, 121 | Ch. 7, pp. 183, 198, 202-203","","Peer-reviewed scientific OA publisher using author fees, advertising, and institutional support. | OA publisher using external archiving and Creative Commons licensing.","STATUS_UNRESOLVED","","","","","","","","0","","","UKC-04-020 | UKC-07-004"
"PC-0034","BioMed Central Open Access Charter","","Support node","Supporting Ecosystem","enabler","publisher policy charter","operating at book date","1","7","Ch. 7, pp. 202","http://www.biomedcentral.com/info/about/charter","BMC statement of open-access commitments.","STATUS_UNRESOLVED","","","","","","","","0","","","UKC-07-041"
"PC-0035","BioOne","","Core candidate","Commons Projects","direct","open-access publishing partnership","operating at book date","1","4","Ch. 4, pp. 96-97","","Partnership among scientific societies, academe, commerce, and libraries.","STATUS_UNRESOLVED","","","","","","","","0","","","UKC-04-024"
"PC-0036","BMC Journal of Biology","Journal of Biology","Core candidate","Commons Projects","direct","open-access journal","operating at book date","1","7","Ch. 7, pp. 192","","BMC journal used to demonstrate prestige-building through eminent editorial boards.","STATUS_UNRESOLVED","","","","","","","","0","","","UKC-07-017"
"PC-0037","Bolar Amendment","","Support node","Supporting Ecosystem","enabler","research-use legislation","enacted law","1","8","Ch. 8, pp. 239-242","","Permits research connected to generic-drug approval before patent expiration.","STATUS_UNRESOLVED","","","","","","","","0","","","UKC-08-013"
"PC-0038","Brain Research","","Context / analogy","Concepts and Comparisons","analogy","subscription journal","operating at book date","1","4","Ch. 4, pp. 88","","High-priced commercial journal used to illustrate enclosure.","STATUS_UNRESOLVED","","","","","","","","0","","","UKC-04-006"
"PC-0039","Budapest Open Access Initiative","BOAI","Core candidate","Commons Projects","direct","open-access initiative","operating at book date","3","4, 5, 7","Ch. 4, pp. 96, 118 | Ch. 5, pp. 136, 142 | Ch. 7, pp. 171, 198","http://www.soros.org/openaccess/ | http://www.soros.org/openaccess/read.shtml","Provides OA leadership, software, technical standards, funding, and business-planning guidance. | Articulates worldwide free distribution of peer-reviewed research. | Defines OA and supplies a movement-wide statement of permitted uses.","STATUS_UNRESOLVED","","","","","","","","0","","","UKC-04-015 | UKC-05-018 | UKC-07-001"
"PC-0040","California Digital Library","","Core candidate","Commons Projects","direct","digital library system","operating at book date","1","11","Ch. 11, pp. 322","","Institutional digital-library and repository service.","STATUS_UNRESOLVED","","","","","","","","0","","","UKC-11-016"
"PC-0041","Campaign for the Civic Mission of Schools","","Support node","Supporting Ecosystem","enabler","civic education campaign","operating at book date","1","0","Ch. 0, pp. xi","","School civic-mission campaign chaired by Peter Levine.","STATUS_UNRESOLVED","","","","","","","","0","","","UKC-00-010"
"PC-0042","Campus Compact","","Support node","Supporting Ecosystem","enabler","civic-university network","operating at book date","1","9","Ch. 9, pp. 272","","Network hosting the Wingspread Declaration.","STATUS_UNRESOLVED","","","","","","","","0","","","UKC-09-022"
"PC-0043","Cell Biology Education","","Example candidate","Commons Projects","example","open-access journal","operating at book date","1","4","Ch. 4, pp. 96","","Named example among operating open-access journals.","STATUS_UNRESOLVED","","","","","","","","0","","","UKC-04-017"
"PC-0044","Center for Democracy and Citizenship","","Support node","Supporting Ecosystem","enabler","civic research center","operating at book date","1","9","Ch. 9, pp. 274","","University of Minnesota center supporting public-work theory and practice.","STATUS_UNRESOLVED","","","","","","","","0","","","UKC-09-027"
"PC-0045","Center for Democracy and Technology","","Support node","Supporting Ecosystem","enabler","public-interest organization","operating at book date","1","4","Ch. 4, pp. 114","http://www.cdt.org/copyright/031216broadcastflag.pdf","Produced a public-interest primer on broadcast-flag enclosure.","STATUS_UNRESOLVED","","","","","","","","0","","","UKC-04-082"
"PC-0046","Center for the Public Domain","","Support node","Supporting Ecosystem","enabler","foundation and public-domain center","operating at book date","1","4","Ch. 4, pp. 103","","Provided support for Creative Commons.","STATUS_UNRESOLVED","","","","","","","","0","","","UKC-04-073"
"PC-0047","Center for the Study of Institutions, Population, and Environmental Change","CIPEC","Support node","Supporting Ecosystem","enabler","research center","operating at book date","2","0, 9","Ch. 0, pp. xii | Ch. 9, pp. 273","","Indiana University center supporting institutional and environmental commons research. | Research center producing field-based commons datasets.","STATUS_UNRESOLVED","","","","","","","","0","","","UKC-00-012 | UKC-09-025"
"PC-0048","Center for the Study of the Public Domain","","Support node","Supporting Ecosystem","enabler","research center","operating at book date","1","0","Ch. 0, pp. xi","","Duke center represented by James Boyle in the workshop network.","STATUS_UNRESOLVED","","","","","","","","0","","","UKC-00-007"
"PC-0049","Child Trends Databank","","Support node","Supporting Ecosystem","enabler","social-data resource","operating at book date","1","9","Ch. 9, pp. 271","http://www.childtrendsdatabank.org/","Online databank used for youth civic and religious-participation evidence.","STATUS_UNRESOLVED","","","","","","","","0","","","UKC-09-016"
"PC-0050","CIRCLE","Center for Information and Research on Civic Learning and Engagement","Support node","Supporting Ecosystem","enabler","civic research center","operating at book date","1","9","Ch. 9, pp. 268, 272, 275","http://www.civicyouth.org","Civic-learning research center connected to project leadership and civic-health data.","STATUS_UNRESOLVED","","","","","","","","0","","","UKC-09-013"
"PC-0051","CIRCLE, The Center for Information and Research on Civic Learning and Engagement","CIRCLE","Support node","Supporting Ecosystem","enabler","civic research center","operating at book date","1","0","Ch. 0, pp. xi","","Civic-learning research center represented by Peter Levine.","STATUS_UNRESOLVED","","","","","","","","0","","","UKC-00-008"
"PC-0052","Citebase","","Support node","Supporting Ecosystem","enabler","citation and discovery service","operating at book date","1","3","Ch. 3, pp. 57","","Southampton-created citation discovery and analysis service.","STATUS_UNRESOLVED","","","","","","","","0","","","UKC-03-011"
"PC-0053","Civic Extension for the Information Age","","Support node","Supporting Ecosystem","enabler","civic knowledge strategy","operating at book date","1","9","Ch. 9, pp. 269-270","http://www.si.umich.edu/~presnick/papers/civicextension/","White-paper strategy for university-supported public knowledge infrastructure.","STATUS_UNRESOLVED","","","","","","","","0","","","UKC-09-015"
"PC-0054","Clay Shirky's blog","","Support node","Supporting Ecosystem","enabler","social-networking blog","operating at book date","1","2","Ch. 2, pp. 39","http://www.shirky.com","Blog discussing social networking and collaborative technology.","STATUS_UNRESOLVED","","","","","","","","0","","","UKC-02-031"
"PC-0055","Coalition for Networked Information","CNI","Support node","Supporting Ecosystem","enabler","network and coalition","operating at book date","2","0, 4","Ch. 0, pp. xii | Ch. 4, pp. 97","","Networked-information coalition represented by Clifford Lynch. | Networked-information organization whose director frames institutional repositories.","STATUS_UNRESOLVED","","","","","","","","0","","","UKC-00-011 | UKC-04-035"
"PC-0056","Cogprints","","Core candidate","Commons Projects","direct","disciplinary repository","operating at book date","1","3","Ch. 3, pp. 57","","Southampton-created cognitive-science repository.","STATUS_UNRESOLVED","","","","","","","","0","","","UKC-03-009"
"PC-0057","Commission on Preservation and Access","","Support node","Supporting Ecosystem","enabler","preservation organization","operating at book date","1","6","Ch. 6, pp. 167","","Co-sponsored the digital-archiving task force.","STATUS_UNRESOLVED","","","","","","","","0","","","UKC-06-017"
"PC-0058","Committee on Institutional Cooperation","CIC","Support node","Supporting Ecosystem","enabler","university consortium","operating at book date","1","4","Ch. 4, pp. 108","","Recommended interinstitutional strategies for scholarly-communication reform.","STATUS_UNRESOLVED","","","","","","","","0","","","UKC-04-074"
"PC-0059","Common Information Environment Group","","Core candidate","Commons Projects","direct","public-sector information consortium","forming at book date","1","4","Ch. 4, pp. 99, 120","","United Kingdom consortium intended to serve a broad learner audience.","STATUS_UNRESOLVED","","","","","","","","0","","","UKC-04-055"
"PC-0060","Common Property Resource Digest","","Support node","Supporting Ecosystem","enabler","commons periodical","operating at book date","1","2","Ch. 2, pp. 40","http://www.indiana.edu/~iascp/e-cpr.html","Periodical reporting developments in commons research.","STATUS_UNRESOLVED","","","","","","","","0","","","UKC-02-033"
"PC-0061","Comprehensive Bibliography of the Commons","","Core candidate","Commons Projects","direct","specialist bibliography","operating at book date","2","1, 3","Ch. 1, pp. 22-23 | Ch. 3, pp. 69","http://dlc.dlib.indiana.edu/cpr/index.php","Comprehensive discovery bibliography hosted by the Digital Library of the Commons. | Searchable commons bibliography used to locate rules research.","STATUS_UNRESOLVED","","","","","","","","0","","","UKC-01-006 | UKC-03-022"
"PC-0062","Concurrent Versioning System","CVS","Support node","Supporting Ecosystem","enabler","version-control infrastructure","operating at book date","1","10","Ch. 10, pp. 287-288","","Archives versions, controls submissions, records changes, and operationalizes project rules.","STATUS_UNRESOLVED","","","","","","","","0","","","UKC-10-015"
"PC-0063","Conference on the Public Domain","","Support node","Supporting Ecosystem","enabler","conference","completed conference","1","0","Ch. 0, pp. ix","","Duke conference identified as one origin of the scholarly-commons workshop.","STATUS_UNRESOLVED","","","","","","","","0","","","UKC-00-002"
"PC-0064","Conservation Commons","","Core candidate","Commons Projects","direct","disciplinary knowledge commons","operating at book date","2","2, 4","Ch. 2, pp. 27 | Ch. 4, pp. 98, 119","http://www.conservationcommons.org","Builds a global public domain for environmental and conservation literature. | Conservation knowledge repository and commons.","STATUS_UNRESOLVED","OFFICIAL_REFERENCE_PAGE; CURRENT_OPERATIONS_UNCONFIRMED","https://iucn.org/content/conservation-commons","Multi-organization Conservation Commons initiative; IUCN was a participating member and signatory","IUCN retains an official page describing its membership and the Commons principles, but no current operating project portal was verified at the book-era domain.","2026-07-28","MEDIUM","https://iucn.org/content/conservation-commons | https://portals.iucn.org/library/sites/library/files/resrecfiles/WCC_2004_REC_85_EN.pdf | https://portals.iucn.org/library/sites/library/files/resrecfiles/WCC_2008_RES_12_EN.pdf","0","","","UKC-02-002 | UKC-04-043"
"PC-0065","Copyright Clearance Center","","Support node","Supporting Ecosystem","enabler","rights-clearance infrastructure","operating at book date","1","8","Ch. 8, pp. 222","","Collective licensing organization reducing transaction costs for copyright permissions.","STATUS_UNRESOLVED","","","","","","","","0","","","UKC-08-001"
"PC-0066","Corante's Many 2 Many","","Support node","Supporting Ecosystem","enabler","social-networking blog","operating at book date","1","2","Ch. 2, pp. 39","http://www.corante.com/many","Group blog discussing social software and networked participation.","STATUS_UNRESOLVED","","","","","","","","0","","","UKC-02-032"
"PC-0067","Cornell University Libraries","","Support node","Supporting Ecosystem","enabler","research-library repository steward","operating at book date","1","4","Ch. 4, pp. 98","","Maintains the arXiv e-print archive.","STATUS_UNRESOLVED","","","","","","","","0","","","UKC-04-037"
"PC-0068","Create Change","","Support node","Supporting Ecosystem","enabler","scholarly-communication campaign","operating at book date","1","4","Ch. 4, pp. 102, 113, 121","http://www.arl.org/create/resources/CreateChange2003.pdf","Public-relations campaign explaining the scholarly-communication crisis.","STATUS_UNRESOLVED","","","","","","","","0","","","UKC-04-070"
"PC-0069","Creative Commons","","Core candidate","Commons Projects","direct | enabler","licensing commons | open-content licensing organization","operating at book date","4","2, 3, 4, 10","Ch. 2, pp. 37, 40 | Ch. 3, pp. 52-53, 69 | Ch. 4, pp. 102-103, 121 | Ch. 10, pp. 291-295, 302, 304","http://www.creativecommons.org | http://creativecommons.org | http://creativecommons.org/","Licenses creative works for easier noncommercial sharing and distribution. | Flexible licensing service that uses private rights to create public goods. | Flexible rights licenses supporting public-domain dedication and public reuse. | Modular licenses for sharing music, art, video, text, and educational materials.","STATUS_UNRESOLVED","","","","","","","","0","","","UKC-02-027 | UKC-03-003 | UKC-04-072 | UKC-10-018"
"PC-0070","Creative Commons Attribution license","","Support node","Supporting Ecosystem","enabler","open-content license","operating at book date","1","7","Ch. 7, pp. 198","","License used by BMC, PLoS, and OA authors.","STATUS_UNRESOLVED","","","","","","","","0","","","UKC-07-006"
"PC-0071","Creative Commons Attribution-NonCommercial-NoDerivs license","","Support node","Supporting Ecosystem","enabler","open-content license","operating at book date","1","5","Ch. 5, pp. 140","http://creativecommons.org/licenses/by-nc-nd/2.5/","License used for open distribution of the chapter.","STATUS_UNRESOLVED","","","","","","","","0","","","UKC-05-022"
"PC-0072","Database of 127 common-pool irrigation systems in Nepal","","Core candidate","Commons Projects","direct","commons research database","operating at book date","1","9","Ch. 9, pp. 273","","Comparative dataset of self-governing irrigation systems.","STATUS_UNRESOLVED","","","","","","","","0","","","UKC-09-026"
"PC-0073","Declaration from Buenos Aires","","Support node","Supporting Ecosystem","enabler","open-access declaration","completed declaration","1","7","Ch. 7, pp. 206","","Public statement supporting scientific information access.","STATUS_UNRESOLVED","","","","","","","","0","","","UKC-07-033"
"PC-0074","Declaration of Havana","","Support node","Supporting Ecosystem","enabler","open-access declaration","completed declaration","1","7","Ch. 7, pp. 206","","Public statement supporting scientific information access.","STATUS_UNRESOLVED","","","","","","","","0","","","UKC-07-029"
"PC-0075","Declaration of San José","","Support node","Supporting Ecosystem","enabler","open-access declaration","completed declaration","1","7","Ch. 7, pp. 206","","Public statement supporting access to scientific information in developing countries.","STATUS_UNRESOLVED","","","","","","","","0","","","UKC-07-027"
"PC-0076","Declaration on Science and the Use of Scientific Knowledge","","Support node","Supporting Ecosystem","enabler","science-access declaration","completed declaration","1","7","Ch. 7, pp. 206","","Public statement supporting scientific knowledge access.","STATUS_UNRESOLVED","","","","","","","","0","","","UKC-07-028"
"PC-0077","del.icio.us","","Example candidate","Commons Projects","example","social-bookmarking platform","operating at book date","1","2","Ch. 2, pp. 36","","Platform for publicly shared web bookmarks.","STATUS_UNRESOLVED","","","","","","","","0","","","UKC-02-024"
"PC-0078","Democracy Collaborative","","Support node","Supporting Ecosystem","enabler","civic research and action organization","operating at book date","1","9","Ch. 9, pp. 268-269","http://www.democracycollaborative.org/publications/reports/","Organizational home for the Engaged University Initiative and electronic-commons work.","STATUS_UNRESOLVED","","","","","","","","0","","","UKC-09-011"
"PC-0079","Dialog","","Context / analogy","Concepts and Comparisons","analogy","commercial bibliographic database","historical operating system","1","4","Ch. 4, pp. 87","","Lockheed indexing system used to trace government-supported information privatization.","STATUS_UNRESOLVED","","","","","","","","0","","","UKC-04-001"
"PC-0080","Digital Consulting and Production Services","Cornell Digital Consulting and Production Services","Core candidate","Commons Projects","direct","library digital-production service","operating at book date","1","11","Ch. 11, pp. 322","","Cornell service bureau supplying digital production expertise and tools.","STATUS_UNRESOLVED","","","","","","","","0","","","UKC-11-019"
"PC-0081","Digital Library Federation","DLF","Support node","Supporting Ecosystem","enabler","digital-library federation","operating at book date","2","4, 11","Ch. 4, pp. 119 | Ch. 11, pp. 324, 329","","Federation documenting digital-library development and supporting preservation. | Coordinates digital-library capacity, partnerships, and federated governance.","STATUS_UNRESOLVED","","","","","","","","0","","","UKC-04-093 | UKC-11-030"
"PC-0082","Digital Library Federation Aquifer project","Aquifer Project | DLF Aquifer","Core candidate","Commons Projects","direct","federated digital-library project","operating at book date","1","11","Ch. 11, pp. 324-325, 330","http://www.diglib.org/aquifer/","Develops protocols and rules for repurposing rich digital masters across institutions.","ARCHIVED_READ_ONLY","HISTORICAL_ARCHIVED_SITE","https://old.diglib.org/aquifer/","Digital Library Federation","The Digital Library Federation preserves the project site and its 2006-2008 plans and products on its old-site domain; no current Aquifer operating service was verified.","2026-07-28","MEDIUM_HIGH","https://old.diglib.org/aquifer/ | https://old.diglib.org/aquifer/products.htm | https://old.diglib.org/aquifer/AquiferPlan06rev.pdf | https://lists.clir.org/cgi-bin/wa?A3=ind0809&B=--part-1MQC--loVe8F9-0-xG-0-sbAHpnXe-xfUONvAdIzmkFNH&E=base64&L=DLF-ANNOUNCE&N=AquiferProspectus.pdf&P=11280&T=APPLICATION%2FPDF%3B+name%3D%22AquiferProspectus.pdf%22","0","","","UKC-11-022"
"PC-0083","Digital Library of the Commons","DLC | Digital Library on the Commons | DLC","Core candidate","Commons Projects","direct","digital library and repository | epistemic repository | disciplinary digital library","operating at book date","5","0, 1, 2, 3, 4","Ch. 0, pp. ix | Ch. 1, pp. 23 | Ch. 2, pp. 31 | Ch. 3, pp. 59, 70 | Ch. 4, pp. 98, 119","http://dlc.dlib.indiana.edu | http://dlc.dlib.indiana.edu/","Combines preservation, self-publication, multimedia storage, and interdisciplinary commons reference. | Host library for the Comprehensive Bibliography of the Commons. | Digital commons library linked to the IASCP archives. | Staff-mediated interdisciplinary repository for commons scholarship. | Interdisciplinary commons research repository.","ACTIVE","ACTIVE","https://dlc.dlib.indiana.edu/","Indiana University Libraries and the Ostrom Workshop, Indiana University","The repository and its about page are online; Indiana University Libraries' 2026 guide describes it as a freely available gateway to commons literature.","2026-07-28","HIGH","https://dlc.dlib.indiana.edu/ | https://dlc.dlib.indiana.edu/dlc/info/aboutcommons.html | https://guides.libraries.indiana.edu/c.php?g=1045635&p=7587302 | https://ostromworkshop.indiana.edu/library/index.html","0","","","UKC-00-004 | UKC-01-007 | UKC-02-007 | UKC-03-021 | UKC-04-044"
"PC-0084","Digital Opportunity Investment Trust","DO IT","Core candidate","Commons Projects","direct","public digital-content trust","proposed at book date","1","4","Ch. 4, pp. 99-100, 120","","Proposed spectrum-funded trust for public-private digitization partnerships.","STATUS_UNRESOLVED","","","","","","","","0","","","UKC-04-059"
"PC-0085","Digital Promise Project","","Core candidate","Commons Projects","direct","digitization initiative","proposed at book date","1","4","Ch. 4, pp. 99","","Proposal to fund digitization of university, library, and museum content.","STATUS_UNRESOLVED","","","","","","","","0","","","UKC-04-058"
"PC-0086","Directors Guild of America","","Support node","Supporting Ecosystem","enabler","professional association","operating at book date","1","8","Ch. 8, pp. 221","","Professional rules help resolve attribution and ownership.","STATUS_UNRESOLVED","","","","","","","","0","","","UKC-08-004"
"PC-0087","Directory of Open Access Journals","DOAJ","Core candidate","Commons Projects","direct","open-journal directory","operating at book date","1","4","Ch. 4, pp. 118","http://www.doaj.org","Lund University Libraries directory of open-access journals.","STATUS_UNRESOLVED","","","","","","","","0","","","UKC-04-076"
"PC-0088","Distributed Open Digital Library","DODL","Core candidate","Commons Projects","direct","collaborative digital-library initiative","under development at book date","1","4","Ch. 4, pp. 99","","Research-library collaboration for public-domain humanities and social-science collections.","STATUS_UNRESOLVED","","","","","","","","0","","","UKC-04-054"
"PC-0089","Drupal","","Support node","Supporting Ecosystem","enabler","open-source content-management system","operating at book date","1","10","Ch. 10, pp. 301","","FOSS content-management scaffolding for open-content collaboration.","STATUS_UNRESOLVED","","","","","","","","0","","","UKC-10-023"
"PC-0090","DSpace","","Core candidate","Commons Projects","direct | enabler","repository software and institutional repository | institutional repository software | open-source repository software","operating at book date","5","3, 4, 6, 10, 11","Ch. 3, pp. 56, 64, 70 | Ch. 4, pp. 97, 119 | Ch. 6, pp. 153 | Ch. 10, pp. 301 | Ch. 11, pp. 322","http://dspace.org/index.html | http://www.dspace.org/","MIT repository platform developed through library and faculty leadership. | MIT open-source platform for capture, discovery, distribution, and preservation. | MIT platform for organizational and producer archives. | FOSS repository scaffolding for open-content collaboration. | Library repository service extending stewardship earlier in scholarly communication.","ACTIVE","ACTIVE","https://dspace.org/","DSpace community; organizational support and services provided by LYRASIS","The open-source repository platform and community remain active.","2026-07-28","HIGH","https://dspace.org/ | https://lyrasis.org/dspace-direct/","0","","","UKC-03-005 | UKC-04-029 | UKC-06-003 | UKC-10-024 | UKC-11-015"
"PC-0091","Dutch universities open-access requirements","","Example candidate","Commons Projects","example","institutional OA policies","policies in operation at book date","1","3","Ch. 3, pp. 57","","Twelve universities with OA requirement policies.","STATUS_UNRESOLVED","","","","","","","","0","","","UKC-03-019"
"PC-0092","Earth Force","","Core candidate","Commons Projects","direct","youth environmental research program","operating at book date","1","9","Ch. 9, pp. 269","http://www.earthforce.org/resources.cfm","Program involving students in environmental research and political action.","STATUS_UNRESOLVED","","","","","","","","0","","","UKC-09-014"
"PC-0093","Economic Science Laboratory","ESL","Support node","Supporting Ecosystem","enabler","experimental economics laboratory","operating at book date","1","12","Ch. 12, pp. 333, 335, 337, 341-346","http://www.econlab.arizona.edu","Created EconPort's economics content and software and supplied its sustainability base.","STATUS_UNRESOLVED","","","","","","","","0","","","UKC-12-002"
"PC-0094","EconPort","","Core candidate","Commons Projects","direct","open-access digital library | open-access digital library and virtual laboratory","operating at book date","3","1, 2, 12","Ch. 1, pp. 20 | Ch. 2, pp. 27 | Ch. 12, pp. 333-347","http://www.econport.org","Open-access, open-source microeconomics library and experimental laboratory. | Economics literature commons serving a user community. | Microeconomics portal, archive, repository, handbook, glossary, and online experiment laboratory.","ACTIVE","ACTIVE","https://econport.org/","Experimental Economics Center, Andrew Young School of Policy Studies, Georgia State University","The economics digital library, teaching materials, and experiment services remain online.","2026-07-28","HIGH","https://econport.org/ | https://www.econport.org/econport/request?page=web_about | https://excen.gsu.edu/people.html","0","","","UKC-01-005 | UKC-02-001 | UKC-12-001"
"PC-0095","EconPort Applications Program Interface","EconPort API","Support node","Supporting Ecosystem","enabler","software integration infrastructure","operating at book date","1","12","Ch. 12, pp. 338, 344","","Allows external experiment software to connect regardless of programming language.","STATUS_UNRESOLVED","","","","","","","","0","","","UKC-12-008"
"PC-0096","EconPort experiment-data archive","","Core candidate","Commons Projects","direct","research and teaching data archive","operating at book date","1","12","Ch. 12, pp. 339","","Archives teaching and research experiment data for registered users.","STATUS_UNRESOLVED","","","","","","","","0","","","UKC-12-016"
"PC-0097","EconPort Handbook","","Core candidate","Commons Projects","direct","open educational handbook","operating at book date","1","12","Ch. 12, pp. 340","","Organizes concepts, research, readings, experiments, and related online resources.","STATUS_UNRESOLVED","","","","","","","","0","","","UKC-12-013"
"PC-0098","EconPort national dissemination workshops","","Core candidate","Commons Projects","direct","teaching dissemination program","planned and funded at book date","1","12","Ch. 12, pp. 345","","NSF-funded faculty workshops teaching use of EconPort educational resources.","STATUS_UNRESOLVED","","","","","","","","0","","","UKC-12-018"
"PC-0099","EconPort online experimental economics laboratory","","Core candidate","Commons Projects","direct","virtual laboratory","operating at book date","1","12","Ch. 12, pp. 336, 338-339","","Runs multiuser market and game experiments over the Internet.","STATUS_UNRESOLVED","","","","","","","","0","","","UKC-12-014"
"PC-0100","EconPort searchable portal","","Core candidate","Commons Projects","direct","discovery portal","operating at book date","1","12","Ch. 12, pp. 340, 345","","Searches and classifies internal and external economics resources.","STATUS_UNRESOLVED","","","","","","","","0","","","UKC-12-012"
"PC-0101","Econterms","","Core candidate","Commons Projects","direct","economics glossary","operating at book date","1","12","Ch. 12, pp. 340, 344","","Externally created glossary of more than 1,300 economics terms integrated into EconPort.","STATUS_UNRESOLVED","","","","","","","","0","","","UKC-12-009"
"PC-0102","EconWPA","","Core candidate","Commons Projects","direct","disciplinary repository","operating at book date","1","4","Ch. 4, pp. 98, 119","http://econwpa.wustl.edu/","Economics working-paper archive.","ARCHIVED_READ_ONLY","ARCHIVED_READ_ONLY_WITH_SUBMISSION_SUCCESSOR","https://econwpa.ub.uni-muenchen.de/","University Library, Ludwig Maximilian University of Munich; original project at Washington University in St. Louis","EconWPA stopped accepting new work in 2005; its corpus is permanently hosted as a read-only archive by LMU Munich's University Library. MPRA is the named route for new submissions.","2026-07-28","HIGH","https://econwpa.ub.uni-muenchen.de/ | https://mpra.ub.uni-muenchen.de/ | https://blog.repec.org/2009/08/ | https://blog.repec.org/2025/02/","0","","","UKC-04-038"
"PC-0103","efirst XML","","Support node","Supporting Ecosystem","enabler","open-source journal-management software","operating at book date","1","10","Ch. 10, pp. 303","http://www.openly.com/efirst/","XML-based open-source e-journal infrastructure.","STATUS_UNRESOLVED","","","","","","","","0","","","UKC-10-028"
"PC-0104","Electronic Design","","Example candidate","Commons Projects","example","technical periodical","operating at book date","1","5","Ch. 5, pp. 130, 141","http://www.elecdesign.com/","Technical-history source feeding independent web histories.","STATUS_UNRESOLVED","","","","","","","","0","","","UKC-05-011"
"PC-0105","Electronic Publishing Trust for Development","","Support node","Supporting Ecosystem","enabler","publishing-support trust","operating at book date","1","7","Ch. 7, pp. 206","http://www.epublishingtrust.org/","Supports electronic scholarly publishing in developing regions.","STATUS_UNRESOLVED","","","","","","","","0","","","UKC-07-023"
"PC-0106","Encyclopaedia Britannica","","Context / analogy","Concepts and Comparisons","analogy","reference work","operating at book date","1","5","Ch. 5, pp. 129","","Proprietary reference model contrasted with web search and collaborative knowledge.","STATUS_UNRESOLVED","","","","","","","","0","","","UKC-05-006"
"PC-0107","Engaged University Initiative","","Core candidate","Commons Projects","direct","university civic-engagement initiative","operating at book date","1","9","Ch. 9, pp. 268","","Democracy Collaborative initiative under which Prince George's projects operated.","STATUS_UNRESOLVED","","","","","","","","0","","","UKC-09-010"
"PC-0108","Environmental Defense Fund","","Context / analogy","Concepts and Comparisons","analogy","environmental organization","operating at book date","1","2","Ch. 2, pp. 30","","Illustrates market-oriented environmental advocacy in the movement analogy.","STATUS_UNRESOLVED","","","","","","","","0","","","UKC-02-004"
"PC-0109","Eprints Open Source Software","","Support node","Supporting Ecosystem","enabler","repository software","operating at book date","1","3","Ch. 3, pp. 57","","Southampton-created open-source repository platform.","STATUS_UNRESOLVED","","","","","","","","0","","","UKC-03-010"
"PC-0110","EPrints.org","","Support node","Supporting Ecosystem","enabler","repository software and self-archiving resource","operating at book date","1","4","Ch. 4, pp. 119","http://www.eprints.org/","Self-archiving and open-archives software resource.","STATUS_UNRESOLVED","","","","","","","","0","","","UKC-04-046"
"PC-0111","Érudit","","Core candidate","Commons Projects","direct","institutional digital repository","operating at book date","1","4","Ch. 4, pp. 97, 118","http://www.erudit.org","University of Montreal digital repository.","ACTIVE","ACTIVE","https://www.erudit.org/en/","Consortium Érudit: Université de Montréal, Université Laval, and Université du Québec à Montréal","The scholarly publishing and dissemination platform remains active.","2026-07-28","HIGH","https://www.erudit.org/en/ | https://recherche.umontreal.ca/english/strategic-initiatives/erudit/ | https://www.erudit.org/public/documents/AnnualReport_22-23.pdf","0","","","UKC-04-031"
"PC-0112","eScholarship","","Core candidate","Commons Projects","direct","institutional repository and publishing platform","operating at book date","1","4","Ch. 4, pp. 97, 118","http://repositories.cdlib.org/escholarship/","University of California Digital Library repository.","ACTIVE_AT_NEW_URL","ACTIVE_AT_NEW_URL","https://escholarship.org/","California Digital Library, University of California","The University of California's open-access repository and publishing platform remains active.","2026-07-28","HIGH","https://escholarship.org/ | https://cdlib.org/services/pad/escholarship/ | https://osc.universityofcalifornia.edu/2022/04/escholarship-celebrates-its-20-year-anniversary/","0","","","UKC-04-032"
"PC-0113","ESRI Virtual Campus","","Context / analogy","Concepts and Comparisons","analogy","online learning platform","operating at book date","1","10","Ch. 10, pp. 301","http://campus.esri.com","Proprietary distance-learning service used as a revenue-model example.","STATUS_UNRESOLVED","","","","","","","","0","","","UKC-10-022"
"PC-0114","Experimental Economics Center","","Support node","Supporting Ecosystem","enabler","research laboratory","operating at book date","1","0","Ch. 0, pp. xi","","Experimental-economics center directed by James Cox and connected to EconPort.","STATUS_UNRESOLVED","","","","","","","","0","","","UKC-00-018"
"PC-0115","Experimental Economics Center at AYSPS","ExCEN","Support node","Supporting Ecosystem","enabler","research center","operating at book date","1","12","Ch. 12, pp. 346-347","http://excen.gsu.edu","New institutional home intended to sustain EconPort.","STATUS_UNRESOLVED","","","","","","","","0","","","UKC-12-019"
"PC-0116","Experimental Economics Glossary","","Core candidate","Commons Projects","direct","economics glossary","operating at book date","1","12","Ch. 12, pp. 340, 344","","University of Mannheim glossary integrated into EconPort.","STATUS_UNRESOLVED","","","","","","","","0","","","UKC-12-010"
"PC-0117","Federal Depository Library Program","","Core candidate","Commons Projects","direct","government-information distribution network","operating at book date","1","4","Ch. 4, pp. 87","","Public distribution and preservation channel for government publications.","STATUS_UNRESOLVED","","","","","","","","0","","","UKC-04-002"
"PC-0118","Firefox","","Core candidate","Commons Projects","direct","open-source web browser","operating at book date","1","10","Ch. 10, pp. 278-279","","Successful FOSS browser project.","STATUS_UNRESOLVED","","","","","","","","0","","","UKC-10-006"
"PC-0119","Flickr","","Example candidate","Commons Projects","example","participatory media platform","operating at book date","1","2","Ch. 2, pp. 36","","Photo-sharing platform cited as participatory media.","STATUS_UNRESOLVED","","","","","","","","0","","","UKC-02-021"
"PC-0120","Food and Drug Administration approval system","FDA","Support node","Supporting Ecosystem","enabler","regulatory infrastructure","operating at book date","1","8","Ch. 8, pp. 214, 239-242","","Drug-approval system interacting with patents and experimental-use rules.","STATUS_UNRESOLVED","","","","","","","","0","","","UKC-08-012"
"PC-0121","Free Expression Policy Project","","Support node","Supporting Ecosystem","enabler","civil-liberties policy project","operating at book date","1","4","Ch. 4, pp. 114-115","http://www.fepproject.org","Produced information-access and civil-liberties research and advocacy resources.","STATUS_UNRESOLVED","","","","","","","","0","","","UKC-04-083"
"PC-0122","Free Online Scholarship Newsletter","","Support node","Supporting Ecosystem","enabler","newsletter and advocacy resource","operating at book date","2","4, 7","Ch. 4, pp. 117 | Ch. 7, pp. 200, 207","http://www.earlham.edu/~peters/fos/","Open scholarship newsletter linked as an OA information source. | Predecessor/current-awareness publication documenting OA and public-domain issues.","STATUS_UNRESOLVED","","","","","","","","0","","","UKC-04-078 | UKC-07-013"
"PC-0123","Free Software Foundation","FSF","Support node","Supporting Ecosystem","enabler","free-software organization","operating at book date","1","10","Ch. 10, pp. 282-285, 305","http://www.gnu.org/","Institutional advocate and steward for GNU and software freedom.","STATUS_UNRESOLVED","","","","","","","","0","","","UKC-10-010"
"PC-0124","FreeBSD","","Core candidate","Commons Projects","direct","open-source operating system","operating at book date","1","10","Ch. 10, pp. 298","","FOSS project governed by an elected nine-member developer team.","STATUS_UNRESOLVED","","","","","","","","0","","","UKC-10-020"
"PC-0125","Georgetown Environmental Law and Policy Institute","","Support node","Supporting Ecosystem","enabler","research institute","operating at book date","1","2","Ch. 2, pp. 39","","Named organization working through public-trust approaches to environmental commons.","STATUS_UNRESOLVED","","","","","","","","0","","","UKC-02-011"
"PC-0126","GNU Free Documentation License","GFDL","Support node","Supporting Ecosystem","enabler","open-content license","operating at book date","1","10","Ch. 10, pp. 291-293","http://www.fsf.org/copyleft/fdl.html","Copyleft license extending software freedoms to documentation and other text.","STATUS_UNRESOLVED","","","","","","","","0","","","UKC-10-017"
"PC-0127","GNU General Public License","GPL","Support node","Supporting Ecosystem","enabler","open-source software license","operating at book date","1","10","Ch. 10, pp. 282-283, 295, 305","http://www.fsf.org/copyleft/gpl.html","Copyleft license preserving use, modification, distribution, and derivative-work freedoms.","STATUS_UNRESOLVED","","","","","","","","0","","","UKC-10-009"
"PC-0128","GNU Project","","Core candidate","Commons Projects","direct","free-software operating-system project","operating at book date","1","10","Ch. 10, pp. 281-282","","Stallman's operating-system project that initiated the Free/Libre software movement.","STATUS_UNRESOLVED","","","","","","","","0","","","UKC-10-008"
"PC-0129","GNU/Linux","GNU Linux","Core candidate","Commons Projects","direct","open-source operating system","operating at book date","1","2","Ch. 2, pp. 35","","Famous open-source software commons and rival to proprietary operating systems.","STATUS_UNRESOLVED","","","","","","","","0","","","UKC-02-017"
"PC-0130","Google","","Context / analogy","Concepts and Comparisons","analogy","search and digitization platform","operating at book date","1","5","Ch. 5, pp. 124, 129-131","","Search engine illustrating decentralized fact discovery and web-scale filtering.","STATUS_UNRESOLVED","","","","","","","","0","","","UKC-05-005"
"PC-0131","Google Print","","Context / analogy","Concepts and Comparisons","analogy","mass-digitization and discovery project","operating at book date","1","4","Ch. 4, pp. 99","","Library digitization partnership challenged on copyright grounds.","STATUS_UNRESOLVED","","","","","","","","0","","","UKC-04-047"
"PC-0132","Google Print Library Project","","Context / analogy","Concepts and Comparisons","analogy","mass-digitization and discovery project","operating at book date","1","7","Ch. 7, pp. 202","http://www.google.com/press/pressrel/print_library.html","Search-company library digitization initiative cited in OA transition discussion.","STATUS_UNRESOLVED","","","","","","","","0","","","UKC-07-020"
"PC-0133","Google search engine","","Example candidate","Commons Projects","example","search commons","operating at book date","1","9","Ch. 9, pp. 252-253","","Corporate search service treated as a commons while access remained unpriced.","STATUS_UNRESOLVED","","","","","","","","0","","","UKC-09-006"
"PC-0134","Gordon and Betty Moore Foundation","","Support node","Supporting Ecosystem","enabler","foundation and funder","operating at book date","1","4","Ch. 4, pp. 96","","Supplied the founding grant for the Public Library of Science.","STATUS_UNRESOLVED","","","","","","","","0","","","UKC-04-022"
"PC-0135","Greenpeace","","Context / analogy","Concepts and Comparisons","analogy","environmental organization","operating at book date","1","2","Ch. 2, pp. 30","","Illustrates one branch of the diversified environmental movement used as a commons analogy.","STATUS_UNRESOLVED","","","","","","","","0","","","UKC-02-003"
"PC-0136","Grokster","","Context / analogy","Concepts and Comparisons","analogy","peer-to-peer file-sharing service","historical service","1","8","Ch. 8, pp. 235-238, 243","","File-sharing service and litigation used to analyze copying-technology governance.","STATUS_UNRESOLVED","","","","","","","","0","","","UKC-08-010"
"PC-0137","H-Net","","Core candidate","Commons Projects","direct","scholarly discussion network","operating at book date","1","11","Ch. 11, pp. 320","","History network offering dialogue and disciplinary community recognition.","STATUS_UNRESOLVED","","","","","","","","0","","","UKC-11-013"
"PC-0138","Hewlett-Packard","Hewlett-Packard Labs","Support node","Supporting Ecosystem","enabler","technology company and project funder","operating at book date","1","4","Ch. 4, pp. 97","","Funded the launch of DSpace as an open-source repository platform.","STATUS_UNRESOLVED","","","","","","","","0","","","UKC-04-030"
"PC-0139","Higher Education: Civic Mission and Civic Effects","","Support node","Supporting Ecosystem","enabler","civic higher-education project","operating at book date","1","9","Ch. 9, pp. 272","http://www.civicyouth.org/research/areas/higher_ed.htm","Carnegie Foundation and CIRCLE initiative on higher education's civic role.","STATUS_UNRESOLVED","","","","","","","","0","","","UKC-09-023"
"PC-0140","HighWire Press","","Core candidate","Commons Projects","direct","library-based scholarly publishing service","operating at book date","1","11","Ch. 11, pp. 322","","Stanford service distributing society publications.","STATUS_UNRESOLVED","","","","","","","","0","","","UKC-11-017"
"PC-0141","Howard Hughes Medical Institute open-access policy","","Support node","Supporting Ecosystem","enabler","funder OA policy","policy in operation at book date","1","7","Ch. 7, pp. 199","","Medical research funder policy paying publication fees and supporting OA.","STATUS_UNRESOLVED","","","","","","","","0","","","UKC-07-010"
"PC-0142","IAP Statement on Access to Scientific Information","","Support node","Supporting Ecosystem","enabler","science-access statement","completed statement","1","7","Ch. 7, pp. 206","","Academies' statement supporting access to scientific information.","STATUS_UNRESOLVED","","","","","","","","0","","","UKC-07-031"
"PC-0143","IBM open-source patent releases","","Example candidate","Commons Projects","example","open patent initiative","operating at book date","1","2","Ch. 2, pp. 35","","Made software patents available on an open-source basis to spur innovation.","STATUS_UNRESOLVED","","","","","","","","0","","","UKC-02-018"
"PC-0144","In the Public Interest: Open Access and Public Policy","","Support node","Supporting Ecosystem","enabler","open-access forum","completed forum","1","5","Ch. 5, pp. 142","","ACRL/SPARC forum linking patient advocacy, public policy, and OA.","STATUS_UNRESOLVED","","","","","","","","0","","","UKC-05-023"
"PC-0145","Indiana University Information Commons","","Core candidate","Commons Projects","direct","campus information commons","operating at book date","1","4","Ch. 4, pp. 101","","Technology and information center combining workstations, consultation, resources, and multimedia production.","STATUS_UNRESOLVED","","","","","","","","0","","","UKC-04-064"
"PC-0146","info-commons.org","","Core candidate","Commons Projects","direct","information-commons website","operating at book date","1","4","Ch. 4, pp. 112","http://info-commons.org","Website articulating balance between information commerce and public access.","STATUS_UNRESOLVED","","","","","","","","0","","","UKC-04-075"
"PC-0147","Information Access Alliance","","Support node","Supporting Ecosystem","enabler","library advocacy alliance","operating at book date","1","4","Ch. 4, pp. 102, 113, 121","http://www.informationaccess.org/","Six-group alliance promoting antitrust scrutiny of scholarly and legal publishing mergers.","STATUS_UNRESOLVED","","","","","","","","0","","","UKC-04-067"
"PC-0148","Information Security Oversight Office","","Support node","Supporting Ecosystem","enabler","government information office","operating at book date","1","4","Ch. 4, pp. 90-91, 115","http://www.archives.gov/isoo/reports/2004-annual-report.html#10","Tracks classification and declassification activity.","STATUS_UNRESOLVED","","","","","","","","0","","","UKC-04-088"
"PC-0149","Institute for Philosophy & Public Policy","","Support node","Supporting Ecosystem","enabler","research institute","operating at book date","1","0","Ch. 0, pp. xi","","University of Maryland institute supporting Peter Levine's civic-commons work.","STATUS_UNRESOLVED","","","","","","","","0","","","UKC-00-009"
"PC-0150","Institutional Repository of Utrecht University","DISPUTE","Core candidate","Commons Projects","direct","institutional repository","operating at book date","1","4","Ch. 4, pp. 97, 118","http://dispute.library.uu.nl/","Utrecht University repository cited as a federated DSpace-like system.","ABSORBED","ABSORBED_INTO_ACTIVE_SUCCESSOR","https://dspace.library.uu.nl/","Utrecht University Library","The DISPUTE demonstration site evolved into the Igitur Archive and Utrecht University Repository, which is active at Utrecht's DSpace domain.","2026-07-28","HIGH","https://dspace.library.uu.nl/ | https://dspace.library.uu.nl/bitstream/handle/1874/22993/evolution-igitur-archive-2007.pdf | https://explore.openaire.eu/search/dataprovider?datasourceId=opendoar____%3A%3A38b3eff8baf56627478ec76a704e9b52 | https://opendoar.ac.uk/repository/101","0","","","UKC-04-034"
"PC-0151","International Association for the Study of Common Property","International Association for the Study of the Commons | IASCP | IASC","Support node","Supporting Ecosystem","enabler","scholarly association","operating at book date","1","1","Ch. 1, pp. 6, 21","http://www.iascp.org","International interdisciplinary association that organized modern commons research.","STATUS_UNRESOLVED","","","","","","","","0","","","UKC-01-001"
"PC-0152","International Association for the Study of Common Property archives","IASCP archives","Core candidate","Commons Projects","direct","association archive","operating at book date","1","2","Ch. 2, pp. 31","","Archived record of the international commons-research association.","STATUS_UNRESOLVED","","","","","","","","0","","","UKC-02-008"
"PC-0153","International Network for the Availability of Scientific Publications","INASP","Support node","Supporting Ecosystem","enabler","publishing-access network","operating at book date","1","7","Ch. 7, pp. 206","http://www.inasp.info/","Network expanding access to and production of scientific publications.","STATUS_UNRESOLVED","","","","","","","","0","","","UKC-07-024"
"PC-0154","Internet Archive","","Core candidate","Commons Projects","direct | enabler","web archive and project founder | web archive","operating at book date","2","4, 6","Ch. 4, pp. 99 | Ch. 6, pp. 148, 151","","Established the Open Content Alliance and convened its multi-sector partners. | Private nonprofit archive preserving portions of the web.","STATUS_UNRESOLVED","","","","","","","","0","","","UKC-04-052 | UKC-06-001"
"PC-0155","Internet2","","Support node","Supporting Ecosystem","enabler","research-network infrastructure","operating at book date","1","0","Ch. 0, pp. xii","","Advanced network infrastructure represented by Douglas Van Houweling.","STATUS_UNRESOLVED","","","","","","","","0","","","UKC-00-016"
"PC-0156","Into the Blogosphere","","Core candidate","Commons Projects","direct","scholarly blog collection","operating at book date","1","11","Ch. 11, pp. 316, 330","http://blog.lib.umn.edu/blogosphere/","Example of cumulating scholarly commentary in blog form.","STATUS_UNRESOLVED","","","","","","","","0","","","UKC-11-007"
"PC-0157","Ithaka","","Support node","Supporting Ecosystem","enabler","preservation organization","operating at book date","1","6","Ch. 6, pp. 156","","Institutional affiliate supporting Portico.","STATUS_UNRESOLVED","","","","","","","","0","","","UKC-06-008"
"PC-0158","IUPUI first-year learning commons","","Core candidate","Commons Projects","direct","campus learning commons","operating at book date","1","4","Ch. 4, pp. 101","","Collaborative learning commons supporting first-year seminars and critical thinking.","STATUS_UNRESOLVED","","","","","","","","0","","","UKC-04-065"
"PC-0159","James Boyle author website","","Example candidate","Commons Projects","example","open self-publication website","operating at book date","1","5","Ch. 5, pp. 140","http://james-boyle.com","Hosts the chapter under a Creative Commons license.","STATUS_UNRESOLVED","","","","","","","","0","","","UKC-05-021"
"PC-0160","Java","","Support node","Supporting Ecosystem","enabler","open software runtime and programming language","operating at book date","1","12","Ch. 12, pp. 339","","Provides cross-platform support for EconPort experiments without custom client or server installation.","STATUS_UNRESOLVED","","","","","","","","0","","","UKC-12-015"
"PC-0161","JISC Digital Repositories Programme","","Support node","Supporting Ecosystem","enabler","repository program","operating at book date","1","6","Ch. 6, pp. 165","http://www.jisc.ac.uk/uploaded_documents/digital-repositories-review-2005.pdf","United Kingdom program commissioning a digital-repositories review.","STATUS_UNRESOLVED","","","","","","","","0","","","UKC-06-013"
"PC-0162","Johnson Foundation","","Support node","Supporting Ecosystem","enabler","foundation and funder","operating at book date","1","2","Ch. 2, pp. 39","","Co-organized a conference linking commons, public trust, and precaution.","STATUS_UNRESOLVED","","","","","","","","0","","","UKC-02-016"
"PC-0163","Journal of Arabic and Islamic Studies","","Example candidate","Commons Projects","example","open-access journal","operating at book date","1","4","Ch. 4, pp. 96","","Named example among operating open-access journals.","STATUS_UNRESOLVED","","","","","","","","0","","","UKC-04-018"
"PC-0164","Journal Policy Directory","","Support node","Supporting Ecosystem","enabler","journal-policy directory","operating at book date","1","3","Ch. 3, pp. 57","","Southampton-created directory of journal self-archiving policies.","STATUS_UNRESOLVED","","","","","","","","0","","","UKC-03-014"
"PC-0165","JSTOR","","Core candidate","Commons Projects","direct","digital journal archive","operating at book date","1","6","Ch. 6, pp. 156, 161-162","","Archival resource and moving-wall model for educational access.","STATUS_UNRESOLVED","","","","","","","","0","","","UKC-06-009"
"PC-0166","KU ScholarWorks","","Core candidate","Commons Projects","direct","institutional repository","operating at book date","1","3","Ch. 3, pp. 57, 70","https://kuscholarworks.ku.edu/dspace/","University of Kansas repository populated under an institutional OA endorsement.","STATUS_UNRESOLVED","","","","","","","","0","","","UKC-03-017"
"PC-0167","Lexis","","Context / analogy","Concepts and Comparisons","analogy","proprietary legal database","operating at book date","1","5","Ch. 5, pp. 135","","Competing closed specialist legal information service.","STATUS_UNRESOLVED","","","","","","","","0","","","UKC-05-014"
"PC-0168","Lexis/Nexis","","Context / analogy","Concepts and Comparisons","analogy","commercial information database","operating at book date","1","4","Ch. 4, pp. 88","","Licensed database illustrating restrictions on use, lending, and preservation.","STATUS_UNRESOLVED","","","","","","","","0","","","UKC-04-003"
"PC-0169","LibLicense Project","LibLicense | LibLicense-L","Support node","Supporting Ecosystem","enabler","library-licensing information project","operating at book date","1","4","Ch. 4, pp. 114","http://www.library.yale.edu/~llicense/index.shtml","Yale-hosted resources and discussion infrastructure for library licenses.","STATUS_UNRESOLVED","","","","","","","","0","","","UKC-04-079"
"PC-0170","LibLicense-L","LibLicense","Support node","Supporting Ecosystem","enabler","library-licensing discussion list","operating at book date","1","6","Ch. 6, pp. 154-155, 165-166","http://www.library.yale.edu/~llicense/","Discussion infrastructure documenting publisher removal of digital articles.","STATUS_UNRESOLVED","","","","","","","","0","","","UKC-06-005"
"PC-0171","Library of Congress","","Core candidate","Commons Projects","direct","national library","operating at book date","1","5","Ch. 5, pp. 124-126, 128, 139","","Central national-library case used to imagine open, decentralized access to cultural and scientific holdings.","STATUS_UNRESOLVED","","","","","","","","0","","","UKC-05-001"
"PC-0172","Library of Congress catalog","","Core candidate","Commons Projects","direct","national-library catalog","operating at book date","1","5","Ch. 5, pp. 124","","Searchable catalog used to imagine click-through access to digitized holdings.","STATUS_UNRESOLVED","","","","","","","","0","","","UKC-05-002"
"PC-0173","Library of Congress digital photograph collection","","Core candidate","Commons Projects","direct","digital collection","operating at book date","1","5","Ch. 5, pp. 125","","Digitized historical photographs with rights-based access restrictions.","STATUS_UNRESOLVED","","","","","","","","0","","","UKC-05-003"
"PC-0174","Library of Congress distributed preservation network","","Core candidate","Commons Projects","direct","national preservation infrastructure","developing model","1","6","Ch. 6, pp. 156","","Proposed distributed division of preservation labor across repositories and custodians.","STATUS_UNRESOLVED","","","","","","","","0","","","UKC-06-006"
"PC-0175","Library of Congress Edison film collection","","Core candidate","Commons Projects","direct","digital film collection","operating at book date","1","5","Ch. 5, pp. 125","","Digitized collection of early Edison films.","STATUS_UNRESOLVED","","","","","","","","0","","","UKC-05-004"
"PC-0176","Library-Related Principles for the International Development Agenda of WIPO","","Support node","Supporting Ecosystem","enabler","library policy principles","completed principles","1","7","Ch. 7, pp. 206","","Library principles connecting access and WIPO's development agenda.","STATUS_UNRESOLVED","","","","","","","","0","","","UKC-07-034"
"PC-0177","Linux","","Core candidate","Commons Projects","direct","open-source operating system","operating at book date","1","10","Ch. 10, pp. 278, 284-287, 298","","Major FOSS commons and example of modular, governed collaborative production.","STATUS_UNRESOLVED","","","","","","","","0","","","UKC-10-002"
"PC-0178","Living Reviews","","Core candidate","Commons Projects","direct","dynamic peer-reviewed journal model","operating at book date","1","11","Ch. 11, pp. 316","","Max Planck online-only publication supporting continual author revision.","STATUS_UNRESOLVED","","","","","","","","0","","","UKC-11-005"
"PC-0179","LOCKSS","Lots Of Copies Keeps Stuff Safe","Core candidate","Commons Projects","direct","distributed preservation system","operating at book date","2","4, 6","Ch. 4, pp. 100, 120 | Ch. 6, pp. 157-159, 166","http://lockss.stanford.edu/","Library-controlled distributed copying system for preserving journal and web content. | Stanford library-controlled caching network for resilient journal preservation.","ACTIVE_AT_NEW_URL","ACTIVE_AT_NEW_URL","https://www.lockss.org/","LOCKSS Program, Stanford Libraries","The distributed digital preservation program remains active.","2026-07-28","HIGH","https://www.lockss.org/ | https://www.lockss.org/about | https://www.lockss.org/about/history","0","","","UKC-04-061 | UKC-06-010"
"PC-0180","Los Alamos ArXiv.org","arXiv.org | Los Alamos e-Print Archive","Core candidate","Commons Projects","direct","disciplinary e-print archive","operating at book date","1","4","Ch. 4, pp. 98, 119","http://www.arxiv.org/","Physics and related-science preprint archive maintained by Cornell.","STATUS_UNRESOLVED","","","","","","","","0","","","UKC-04-036"
"PC-0181","Ludwig von Mises Institute open-access book program","Ludwig von Mises Institute","Core candidate","Commons Projects","direct","open-access publisher","operating at book date","1","7","Ch. 7, pp. 196, 207","http://www.mises.org/","Provides free online monographs alongside print sales.","STATUS_UNRESOLVED","","","","","","","","0","","","UKC-07-038"
"PC-0182","Lund University Libraries","","Support node","Supporting Ecosystem","enabler","research-library directory steward","operating at book date","1","4","Ch. 4, pp. 118","","Creates and maintains the Directory of Open Access Journals.","STATUS_UNRESOLVED","","","","","","","","0","","","UKC-04-077"
"PC-0183","Massachusetts Agriculture Experiment Station project MAS00847","","Support node","Supporting Ecosystem","enabler","research project","operating at book date","1","10","Ch. 10, pp. 303","","Supported research underlying the chapter's open-science model.","STATUS_UNRESOLVED","","","","","","","","0","","","UKC-10-034"
"PC-0184","Max Planck Institute","","Support node","Supporting Ecosystem","enabler","research institute and publishing steward","operating at book date","1","11","Ch. 11, pp. 316","","Created and maintains the Living Reviews dynamic-publication model.","STATUS_UNRESOLVED","","","","","","","","0","","","UKC-11-006"
"PC-0185","Max Planck Society open-access requirements","","Example candidate","Commons Projects","example","institutional OA policies","policies in operation at book date","1","3","Ch. 3, pp. 57","","OA requirement policies spanning the Society's institutes.","STATUS_UNRESOLVED","","","","","","","","0","","","UKC-03-020"
"PC-0186","MEDLINE","","Core candidate","Commons Projects","direct","biomedical citation database","operating at book date","1","5","Ch. 5, pp. 136, 142","","Biomedical database redesigned for wider public usefulness.","STATUS_UNRESOLVED","","","","","","","","0","","","UKC-05-015"
"PC-0187","MedlinePlus","Medline Plus","Core candidate","Commons Projects","direct","public medical-information portal","operating at book date","1","5","Ch. 5, pp. 142","http://www.nlm.nih.gov/medlineplus/","National Library of Medicine portal translating biomedical information for lay users.","STATUS_UNRESOLVED","","","","","","","","0","","","UKC-05-016"
"PC-0188","Mellon e-journal preservation planning projects","","Core candidate","Commons Projects","direct","preservation program","completed planning program","1","6","Ch. 6, pp. 148-149, 156","","Seven university-publisher planning projects that developed trusted e-journal archives.","STATUS_UNRESOLVED","","","","","","","","0","","","UKC-06-002"
"PC-0189","Merck v. Integra","","Support node","Supporting Ecosystem","enabler","legal case shaping science infrastructure","completed litigation","1","8","Ch. 8, pp. 214, 239-242","","Patent case defining experimental use in pharmaceutical research.","STATUS_UNRESOLVED","","","","","","","","0","","","UKC-08-016"
"PC-0190","MGM v. Grokster","","Support node","Supporting Ecosystem","enabler","legal case shaping digital infrastructure","completed litigation","1","8","Ch. 8, pp. 235-238, 243","","Supreme Court case governing liability for file-sharing technologies.","STATUS_UNRESOLVED","","","","","","","","0","","","UKC-08-015"
"PC-0191","Microsoft pay-per-view full-text program","","Context / analogy","Concepts and Comparisons","analogy","commercial digital-book service","operating at book date","1","4","Ch. 4, pp. 99","","Commercial proposal for licensed full-text access.","STATUS_UNRESOLVED","","","","","","","","0","","","UKC-04-050"
"PC-0192","MIT OpenCourseWare","","Core candidate","Commons Projects","direct","open educational resource initiative","operating at book date","1","4","Ch. 4, pp. 118","","MIT open-course initiative paired with DSpace as an intellectual-commons example.","STATUS_UNRESOLVED","","","","","","","","0","","","UKC-04-089"
"PC-0193","Monitoring the Future","","Support node","Supporting Ecosystem","enabler","longitudinal youth survey","operating at book date","1","9","Ch. 9, pp. 271","","Youth trend dataset used for trust, association, and participation evidence.","STATUS_UNRESOLVED","","","","","","","","0","","","UKC-09-018"
"PC-0194","Mozilla","","Example candidate","Commons Projects","example","open-source web-browser project","operating at book date","1","10","Ch. 10, pp. 286","","Early browser project used to show how tangled code obstructs collaboration.","STATUS_UNRESOLVED","","","","","","","","0","","","UKC-10-013"
"PC-0195","MySQL","","Core candidate","Commons Projects","direct","open-source database software","operating at book date","1","10","Ch. 10, pp. 278-279","","Successful FOSS relational-database project.","STATUS_UNRESOLVED","","","","","","","","0","","","UKC-10-005"
"PC-0196","Napster","","Context / analogy","Concepts and Comparisons","analogy","peer-to-peer file-sharing service","historical service","1","8","Ch. 8, pp. 237-238, 243","","File-sharing system used to analyze technological commons, markets, and fair use.","STATUS_UNRESOLVED","","","","","","","","0","","","UKC-08-009"
"PC-0197","National Academies Press open-access book program","NAP","Core candidate","Commons Projects","direct","open-access publisher","operating at book date","1","7","Ch. 7, pp. 196, 207","http://www.nap.edu/","Provides free online full text alongside print sales.","STATUS_UNRESOLVED","","","","","","","","0","","","UKC-07-037"
"PC-0198","National Assessment of Educational Progress","NAEP","Support node","Supporting Ecosystem","enabler","education assessment dataset","operating at book date","1","9","Ch. 9, pp. 272","","National mathematics assessment used to compare forms of classroom computer use.","STATUS_UNRESOLVED","","","","","","","","0","","","UKC-09-020"
"PC-0199","National Digital Information and Infrastructure Preservation Program","NDIIPP","Core candidate","Commons Projects","direct","national preservation program","operating at book date","1","6","Ch. 6, pp. 166","http://www.digitalpreservation.gov/repor/ndiipp_plan.pdf","Library of Congress national plan for distributed digital preservation.","STATUS_UNRESOLVED","","","","","","","","0","","","UKC-06-014"
"PC-0200","National Education Longitudinal Study","NELS","Support node","Supporting Ecosystem","enabler","education dataset","operating at book date","1","9","Ch. 9, pp. 258","","National dataset used to analyze youth digital participation and inequality.","STATUS_UNRESOLVED","","","","","","","","0","","","UKC-09-019"
"PC-0201","National Geographic Education Foundation","","Support node","Supporting Ecosystem","enabler","foundation and funder","operating at book date","1","9","Ch. 9, pp. 268","","Funded the Prince George's geography-and-obesity project.","STATUS_UNRESOLVED","","","","","","","","0","","","UKC-09-012"
"PC-0202","National Institutes of Health open-access policy","","Support node","Supporting Ecosystem","enabler","public-access policy","policy in operation at book date","1","2","Ch. 2, pp. 37","","Sought public availability of NIH-funded medical research after journal publication.","STATUS_UNRESOLVED","","","","","","","","0","","","UKC-02-026"
"PC-0203","National Institutes of Health public-access archive policy","","Support node","Supporting Ecosystem","enabler","public-access policy","policy in operation at book date","1","4","Ch. 4, pp. 97","","Supports deposit of accepted NIH-funded manuscripts in PubMed Central.","STATUS_UNRESOLVED","","","","","","","","0","","","UKC-04-025"
"PC-0204","National Institutes of Health public-access policy","","Support node","Supporting Ecosystem","enabler","public-access policy","policy in operation at book date","1","7","Ch. 7, pp. 205","","Requests NIH grantees to deposit accepted manuscripts in PubMed Central.","STATUS_UNRESOLVED","","","","","","","","0","","","UKC-07-042"
"PC-0205","National Inventors Hall of Fame","","Example candidate","Commons Projects","example","biographical knowledge collection","operating at book date","1","5","Ch. 5, pp. 130","","Online inventor profile source reused within decentralized factual production.","STATUS_UNRESOLVED","","","","","","","","0","","","UKC-05-010"
"PC-0206","National Library of Medicine","NLM","Support node","Supporting Ecosystem","enabler","national biomedical library","operating at book date","1","4","Ch. 4, pp. 97","","Operates PubMed Central as the archive for NIH-supported manuscripts.","STATUS_UNRESOLVED","","","","","","","","0","","","UKC-04-027"
"PC-0207","National Science Digital Library","NSDL","Core candidate","Commons Projects","direct | enabler","collaborative science digital library","operating at book date","2","4, 12","Ch. 4, pp. 99, 120 | Ch. 12, pp. 333-334, 338, 340, 342, 345","http://nsdl.org/about/index.php | http://www.nsdl.org","NSF-supported national library of science learning content and services. | NSF initiative funding EconPort and harvesting its OAI metadata.","ACTIVE_AT_NEW_URL","ACTIVE_AT_NEW_URL","https://oercommons.org/hubs/NSDL","Institute for the Study of Knowledge Management in Education (ISKME), through OER Commons","NSDL is available as a current OER Commons hub.","2026-07-28","HIGH","https://oercommons.org/hubs/NSDL | https://news.ucar.edu/13512/iskme-manage-national-science-digital-library","0","","","UKC-04-056 | UKC-12-004"
"PC-0208","National Science Foundation","NSF","Support node","Supporting Ecosystem","enabler","science agency and digital-library sponsor","operating at book date","1","4","Ch. 4, pp. 99","","Worked across sectors to develop the National Science Digital Library.","STATUS_UNRESOLVED","","","","","","","","0","","","UKC-04-057"
"PC-0209","National Science Foundation digital library initiative","NSF digital library initiative","Support node","Supporting Ecosystem","enabler","digital-library funding program","operating at book date","1","12","Ch. 12, pp. 333-334","","Federal program funding the creation of EconPort.","STATUS_UNRESOLVED","","","","","","","","0","","","UKC-12-005"
"PC-0210","National Security Archive","","Core candidate","Commons Projects","direct","government-document archive","operating at book date","1","4","Ch. 4, pp. 115","http://www.gwu.edu/%7Ensarchiv/NSAEBB/NSAEBB84/index.html","Public archive documenting changes in federal information-disclosure policy.","STATUS_UNRESOLVED","","","","","","","","0","","","UKC-04-087"
"PC-0211","Native American Graves Protection and Repatriation Act","NAGPRA","Support node","Supporting Ecosystem","enabler","cultural-governance infrastructure","operating at book date","1","8","Ch. 8, pp. 233-234","","Legal infrastructure for repatriating and preserving cultural artifacts.","STATUS_UNRESOLVED","","","","","","","","0","","","UKC-08-008"
"PC-0212","NELLCO Legal Scholarship Repository","","Core candidate","Commons Projects","direct","disciplinary repository","operating at book date","1","4","Ch. 4, pp. 119","http://lsr.nellco.org","Legal-scholarship repository named in the repository survey.","ACTIVE","ACTIVE_LEGACY_COLLECTION","https://lsr.nellco.org/","NELLCO; repository platform originally established with bepress","The Legal Scholarship Repository's records and documents remain available on the legacy Digital Commons-style domain; NELLCO itself remains active.","2026-07-28","MEDIUM_HIGH","https://www.nellco.org/ | https://dashboard.nellcosharedsearch.org/about?locale=en | https://digitalcommons.wcl.american.edu/legalrepositories.html | https://librarytechnology.org/pr/22829/new-england-law-library-consortium-and-the-berkeley-electronic-press-create-legal-scholarship-repository | https://lsr.nellco.org/cgi/viewcontent.cgi?article=1604&context=nyu_plltwp","0","","","UKC-04-041"
"PC-0213","Networked Digital Library of Theses and Dissertations","NDLTD","Core candidate","Commons Projects","direct","digital library and repository network","operating at book date","1","4","Ch. 4, pp. 98, 119","http://www.ndltd.org/","Networked repository for electronic theses and dissertations.","ACTIVE","ACTIVE_WITH_SEARCH_SERVICE_MOVE","https://ndltd.org/","Networked Digital Library of Theses and Dissertations","NDLTD remains an active international organization. Its current site points users to OATD for Global ETD Search.","2026-07-28","HIGH","https://ndltd.org/ | https://oatd.org/","0","","","UKC-04-042"
"PC-0214","NSF Biocomplexity Program","","Support node","Supporting Ecosystem","enabler","science funding program","operating at book date","1","10","Ch. 10, pp. 303","","Sponsored the land-use and land-cover open-source workshop.","STATUS_UNRESOLVED","","","","","","","","0","","","UKC-10-031"
"PC-0215","NSF Digital Library Initiatives","","Support node","Supporting Ecosystem","enabler","digital-library research program","operating at book date","1","11","Ch. 11, pp. 330","","Funded digital-library testbeds that moved toward operational settings.","STATUS_UNRESOLVED","","","","","","","","0","","","UKC-11-032"
"PC-0216","Nuclear Physics","","Context / analogy","Concepts and Comparisons","analogy","subscription journal","operating at book date","1","4","Ch. 4, pp. 88","","High-priced commercial journal used to illustrate enclosure.","STATUS_UNRESOLVED","","","","","","","","0","","","UKC-04-005"
"PC-0217","Nucleic Acids Research","NAR","Core candidate","Commons Projects","direct","open-access journal","converted to OA at book date","1","7","Ch. 7, pp. 203","","Established Oxford University Press journal converted fully to OA.","STATUS_UNRESOLVED","","","","","","","","0","","","UKC-07-021"
"PC-0218","OAIster","","Support node","Supporting Ecosystem","enabler","metadata aggregation and discovery service","operating at book date","1","3","Ch. 3, pp. 70","http://oaister.umdl.umich.edu/o/oaister/","Harvests repository metadata from hundreds of institutions.","STATUS_UNRESOLVED","","","","","","","","0","","","UKC-03-024"
"PC-0219","OCLC","","Support node","Supporting Ecosystem","enabler","library cooperative and standards organization","operating at book date","1","4","Ch. 4, pp. 118","","Co-produced the Trusted Digital Repositories framework.","STATUS_UNRESOLVED","","","","","","","","0","","","UKC-04-092"
"PC-0220","OCLC Environmental Scan","","Support node","Supporting Ecosystem","enabler","library environmental-scan project","operating at book date","1","11","Ch. 11, pp. 329","","Sector scan prompting cross-organizational rethinking of structured information access.","STATUS_UNRESOLVED","","","","","","","","0","","","UKC-11-031"
"PC-0221","OCLC Research digital-preservation project","","Support node","Supporting Ecosystem","enabler","preservation research project","operating at book date","1","6","Ch. 6, pp. 165","http://www.oclc.org/research/projects/digipres/incentives-dp.pdf","Produced economic analysis of incentives for preserving digital materials.","STATUS_UNRESOLVED","","","","","","","","0","","","UKC-06-015"
"PC-0222","Online Communities Survey","","Support node","Supporting Ecosystem","enabler","internet-community dataset","operating at book date","1","9","Ch. 9, pp. 274","http://www.pewinternet.org","Pew survey measuring local and national online group participation.","STATUS_UNRESOLVED","","","","","","","","0","","","UKC-09-029"
"PC-0223","Open Access News","","Support node","Supporting Ecosystem","enabler","news blog and discovery resource","operating at book date","1","2","Ch. 2, pp. 40","http://www.earlham.edu/~peters/fos/fosblog.html","Peter Suber's current-awareness source for open-access developments.","STATUS_UNRESOLVED","","","","","","","","0","","","UKC-02-034"
"PC-0224","Open Access News Blog","","Support node","Supporting Ecosystem","enabler","news blog and discovery resource","operating at book date","1","0","Ch. 0, pp. xii","","Open-access current-awareness blog edited by Peter Suber.","STATUS_UNRESOLVED","","","","","","","","0","","","UKC-00-015"
"PC-0225","Open Access Overview","","Support node","Supporting Ecosystem","enabler","open-access reference guide","operating at book date","1","7","Ch. 7, pp. 198","http://www.earlham.edu/~peters/fos/overview.htm","Introductory guide for readers new to open access.","STATUS_UNRESOLVED","","","","","","","","0","","","UKC-07-008"
"PC-0226","Open Access Project at Public Knowledge","","Core candidate","Commons Projects","direct","open-access initiative","operating at book date","1","0","Ch. 0, pp. xii","","Open-access policy project directed by Peter Suber.","STATUS_UNRESOLVED","","","","","","","","0","","","UKC-00-013"
"PC-0227","Open Archives Initiative","OAI","Core candidate","Commons Projects","direct | enabler | analogy","interoperability initiative and protocol | repository interoperability initiative","operating at book date","5","3, 4, 6, 7, 11","Ch. 3, pp. 48, 69 | Ch. 4, pp. 97, 118 | Ch. 6, pp. 160 | Ch. 7, pp. 173, 198 | Ch. 11, pp. 315","http://www.openarchives.org/community/index.html | http://www.openarchives.org/","Community and protocol enabling interoperable repositories and metadata harvesting. | Low-barrier repository interoperability and metadata dissemination initiative. | Example of the broadened contemporary use of the word archive. | Metadata-harvesting protocol making distributed OA archives interoperable. | Community response to constraints of commercial journal publishing.","STATUS_UNRESOLVED","","","","","","","","0","","","UKC-03-001 | UKC-04-028 | UKC-06-012 | UKC-07-002 | UKC-11-002"
"PC-0228","Open Archives Initiative metadata protocol","OAI","Support node","Supporting Ecosystem","enabler","repository interoperability protocol","operating at book date","1","12","Ch. 12, pp. 338, 342, 345","","Makes EconPort harvestable as an NSDL component.","STATUS_UNRESOLVED","","","","","","","","0","","","UKC-12-007"
"PC-0229","Open Citation Project","","Support node","Supporting Ecosystem","enabler","open-access impact research project","operating at book date","1","3","Ch. 3, pp. 69-70","http://opcit.eprints.org/oacitation-biblio.html","Maintains a bibliography of visibility, usage, and citation-impact studies.","STATUS_UNRESOLVED","","","","","","","","0","","","UKC-03-023"
"PC-0230","Open Content Alliance","OCA","Core candidate","Commons Projects","direct","collaborative digital-library initiative","operating at book date","1","4","Ch. 4, pp. 99, 119","http://www.opencontentalliance.org/","Multi-sector partnership providing universal access to public-domain and open collections.","BOOK_ONLY_HISTORICAL","HISTORICAL_INITIATIVE; OUTPUTS_PRESERVED","https://archive.org/projects/","Internet Archive administered the multi-organization alliance","Internet Archive's project page describes the Open Content Alliance in the past tense as a collaborative effort; Internet Archive pages preserve the launch record and document the resulting digitization work.","2026-07-28","MEDIUM_HIGH","https://archive.org/projects/ | https://archive.org/post/44311/open-content-alliance-call-for-participation | https://blog.archive.org/2005/10/ | https://blog.archive.org/2021/04/20/internet-archive-joins-boston-library-consortium/ | https://archive.org/details/texts | https://openlibrary.org/","0","","","UKC-04-051"
"PC-0231","Open Journal Systems","OJS","Support node","Supporting Ecosystem","enabler","open-source journal-management software","operating at book date","1","10","Ch. 10, pp. 300, 303, 307","http://www.pkp.ubc.ca/ojs/","Free journal-management software used to estimate and lower e-journal infrastructure costs.","STATUS_UNRESOLVED","","","","","","","","0","","","UKC-10-021"
"PC-0232","Open Knowledge Initiative","OKI","Core candidate","Commons Projects","direct","open learning-technology initiative","operating at book date","1","11","Ch. 11, pp. 315","","Shared learning technologies outside formal commercial distribution.","STATUS_UNRESOLVED","","","","","","","","0","","","UKC-11-001"
"PC-0233","Open Law Eldred v. Ashcroft website","","Core candidate","Commons Projects","direct","open legal archive","operating at book date","1","4","Ch. 4, pp. 114","http://cyber.law.harvard.edu/openlaw/eldredvashcroft/","Harvard-hosted public archive of Eldred litigation materials.","STATUS_UNRESOLVED","","","","","","","","0","","","UKC-04-084"
"PC-0234","Open Society Institute","Soros Foundation's Open Society Institute","Support node","Supporting Ecosystem","enabler","foundation and open-access enabler","operating at book date","1","4","Ch. 4, pp. 96, 107","","Created the Budapest Open Access Initiative and supplied funding and assistance to open-access journals.","STATUS_UNRESOLVED","","","","","","","","0","","","UKC-04-016"
"PC-0235","Open Source Definition","OSD","Support node","Supporting Ecosystem","enabler","open-source licensing standard","operating at book date","1","10","Ch. 10, pp. 282-283","","Rules determining whether software qualifies for OSI certification.","STATUS_UNRESOLVED","","","","","","","","0","","","UKC-10-012"
"PC-0236","Open Source Initiative","OSI","Support node","Supporting Ecosystem","enabler","open-source standards organization","operating at book date","1","10","Ch. 10, pp. 282-283","http://www.opensource.org","Certifies licenses against the Open Source Definition.","STATUS_UNRESOLVED","","","","","","","","0","","","UKC-10-011"
"PC-0237","Open Source/Content Landcover Change Modeling Effort","","Core candidate","Commons Projects","direct","open-science modeling project","operating at book date","1","10","Ch. 10, pp. 308","http://www.lulc.org/bcworkshop_2003/os_lulc_workshop_report_2003.pdf","Named effort applying open-source and open-content methods to land-cover models.","STATUS_UNRESOLVED","","","","","","","","0","","","UKC-10-035"
"PC-0238","Open-source development of land-use/land-cover change models workshop","","Core candidate","Commons Projects","direct","open-science workshop","completed workshop","1","10","Ch. 10, pp. 303","http://www.lulc.org/bcworkshop_2003/os_lulc_workshop_report_2003.pdf","Workshop testing open-source collaboration for land-use and land-cover models.","STATUS_UNRESOLVED","","","","","","","","0","","","UKC-10-030"
"PC-0239","OpenOffice","","Core candidate","Commons Projects","direct","open-source office suite","operating at book date","1","10","Ch. 10, pp. 279, 286","","Successful enterprise FOSS office-suite project.","STATUS_UNRESOLVED","","","","","","","","0","","","UKC-10-007"
"PC-0240","OpenSourceCMS.com","","Support node","Supporting Ecosystem","enabler","open-source software directory and demonstration site","operating at book date","1","10","Ch. 10, pp. 301","http://opensourcecms.com","Discovery source for open-source content-management packages.","STATUS_UNRESOLVED","","","","","","","","0","","","UKC-10-025"
"PC-0241","Ourmedia.org","","Example candidate","Commons Projects","example","participatory media platform","operating at book date","1","2","Ch. 2, pp. 36","http://Ourmedia.org","Platform for sharing creative works of many kinds.","STATUS_UNRESOLVED","","","","","","","","0","","","UKC-02-022"
"PC-0242","Oxford Text Archive","","Core candidate","Commons Projects","direct","disciplinary text archive","operating at book date","1","4","Ch. 4, pp. 98, 119","http://ota.ahds.ac.uk/","Digital text archive for disciplinary research.","ACTIVE_AT_NEW_URL","LEGACY_SITE_READ_ONLY; COLLECTION_ACTIVE_AT_NEW_URL","https://llds.ling-phil.ox.ac.uk/","University of Oxford, Faculty of Linguistics, Philology and Phonetics; legacy service at the Bodleian Libraries","The Bodleian OTA site remains online but stopped accepting deposits and is not updated; Oxford's Literary and Linguistic Data Service is the current access and deposit environment for the collections.","2026-07-28","HIGH","https://ota.bodleian.ox.ac.uk/ | https://llds.ling-phil.ox.ac.uk/ | https://www.clarin.ac.uk/oxford-text-archive","0","","","UKC-04-039"
"PC-0243","PC Forum 2005","","Support node","Supporting Ecosystem","enabler","technology forum","completed forum","1","2","Ch. 2, pp. 39","","Forum where metatagging and social software were major themes.","STATUS_UNRESOLVED","","","","","","","","0","","","UKC-02-029"
"PC-0244","Perl","","Example candidate","Commons Projects","example","open-source programming language","operating at book date","1","10","Ch. 10, pp. 287","","Successful modular FOSS programming-language project.","STATUS_UNRESOLVED","","","","","","","","0","","","UKC-10-014"
"PC-0245","Pew Internet and American Life Project","","Support node","Supporting Ecosystem","enabler","internet research project","operating at book date","1","9","Ch. 9, pp. 258, 264, 272, 274","","Produces evidence on online content creation and community participation.","STATUS_UNRESOLVED","","","","","","","","0","","","UKC-09-008"
"PC-0246","Philosophers' Imprint","","Core candidate","Commons Projects","direct","open-access journal","operating at book date","1","7","Ch. 7, pp. 174","","University of Michigan peer-reviewed journal edited by philosophers and published by librarians.","STATUS_UNRESOLVED","","","","","","","","0","","","UKC-07-003"
"PC-0247","PhilSci Archive","PhilSci-Archive","Core candidate","Commons Projects","direct","disciplinary repository","operating at book date","1","4","Ch. 4, pp. 98, 119","http://philsci-archive.pitt.edu/","Philosophy-of-science repository.","ACTIVE","ACTIVE","https://philsci-archive.pitt.edu/","Center for Philosophy of Science, University of Pittsburgh; official archive of the Philosophy of Science Association","The open-access preprint archive remains active and is the official preprint archive of the Philosophy of Science Association.","2026-07-28","HIGH","https://philsci-archive.pitt.edu/ | https://www.centerphilsci.pitt.edu/about-the-center/publications/ | https://www.philsci.org/philsci_archive.php","0","","","UKC-04-040"
"PC-0248","PHP","Php","Core candidate","Commons Projects","direct","open-source programming language","operating at book date","1","10","Ch. 10, pp. 278-279","","Successful FOSS scripting-language project.","STATUS_UNRESOLVED","","","","","","","","0","","","UKC-10-004"
"PC-0249","PLoS Biology","","Core candidate","Commons Projects","direct","open-access journal","operating at book date","2","4, 7","Ch. 4, pp. 96 | Ch. 7, pp. 192, 201","","First PLoS open-access journal. | High-profile PLoS journal used to demonstrate OA visibility and prestige.","STATUS_UNRESOLVED","","","","","","","","0","","","UKC-04-023 | UKC-07-016"
"PC-0250","Policy Registry","","Support node","Supporting Ecosystem","enabler","policy registry","operating at book date","1","3","Ch. 3, pp. 57","","Southampton-created registry of open-access policies.","STATUS_UNRESOLVED","","","","","","","","0","","","UKC-03-013"
"PC-0251","Portico","Portico electronic archiving service","Core candidate","Commons Projects","direct","third-party preservation archive","operating at book date","2","4, 6","Ch. 4, pp. 100 | Ch. 6, pp. 156-159, 165","http://www.portico.org","Trusted third party preserving publishers' electronic source files. | Ithaka/JSTOR-affiliated archive preserving publishers' electronic source files.","ACTIVE","ACTIVE","https://www.portico.org/","ITHAKA","The community-supported digital preservation service remains active.","2026-07-28","HIGH","https://www.portico.org/ | https://www.ithaka.org/","0","","","UKC-04-060 | UKC-06-007"
"PC-0252","Prince George's community-assets mapping project","","Core candidate","Commons Projects","direct","civic mapping project","operating at book date","1","9","Ch. 9, pp. 249","","Resident interviews and public maps documenting community assets.","STATUS_UNRESOLVED","","","","","","","","0","","","UKC-09-004"
"PC-0253","Prince George's geography-and-obesity mapping project","","Core candidate","Commons Projects","direct","civic research and mapping project","operating at book date","1","9","Ch. 9, pp. 248-249","","Youth-led field data, analytical maps, and public website on geography and health.","STATUS_UNRESOLVED","","","","","","","","0","","","UKC-09-002"
"PC-0254","Prince George's Information Commons","","Core candidate","Commons Projects","direct","civic information commons","operating at book date","2","1, 9","Ch. 1, pp. 19 | Ch. 9, pp. 249, 254-255, 264, 268-269","","Associational commons for student and citizen production of local public knowledge. | Youth-centered associational commons producing public local research and digital artifacts.","STATUS_UNRESOLVED","","","","","","","","0","","","UKC-01-004 | UKC-09-001"
"PC-0255","Prince George's school-desegregation deliberative website","","Core candidate","Commons Projects","direct","civic history and deliberation project","operating at book date","1","9","Ch. 9, pp. 249","","Youth oral-history and deliberation website about school desegregation.","STATUS_UNRESOLVED","","","","","","","","0","","","UKC-09-003"
"PC-0256","Project Euclid","","Core candidate","Commons Projects","direct","disciplinary publishing platform","operating at book date","1","11","Ch. 11, pp. 322","","Cornell-publisher partnership for interoperable mathematics and statistics publication.","STATUS_UNRESOLVED","","","","","","","","0","","","UKC-11-021"
"PC-0257","Project Gutenberg","","Core candidate","Commons Projects","direct","public-domain digital library","operating at book date","1","5","Ch. 5, pp. 137","","Leading lay-enabled project digitizing and distributing public-domain texts.","STATUS_UNRESOLVED","","","","","","","","0","","","UKC-05-020"
"PC-0258","Project SHERPA","SHERPA/RoMEO","Support node","Supporting Ecosystem","enabler","open-access policy project","operating at book date","1","7","Ch. 7, pp. 200","http://www.sherpa.ac.uk/romeo.php","Maintains the RoMEO database of publisher copyright and archiving policies.","STATUS_UNRESOLVED","","","","","","","","0","","","UKC-07-014"
"PC-0259","Public Access to Science Act","PASA","Support node","Supporting Ecosystem","enabler","public-access legislation","proposed legislation","2","5, 7","Ch. 5, pp. 136-137, 142 | Ch. 7, pp. 179-180, 200","","Proposed federal requirement for free public access to taxpayer-funded science. | Proposed OA mandate for government-funded research using public-domain status.","STATUS_UNRESOLVED","","","","","","","","0","","","UKC-05-019 | UKC-07-015"
"PC-0260","Public Citizen","","Example candidate","Commons Projects","example","public-interest organization","operating at book date","1","2","Ch. 2, pp. 32","","Uses a global commons of water frame against drinking-water privatization.","STATUS_UNRESOLVED","","","","","","","","0","","","UKC-02-010"
"PC-0261","Public Knowledge","","Support node","Supporting Ecosystem","enabler","public-interest organization","operating at book date","2","0, 4","Ch. 0, pp. xii-xiii | Ch. 4, pp. 114, 117","http://www.publicknowledge.org/issues/current-issues/issue-broadcast-flag/","Public-interest organization supporting open access and public knowledge policy. | Public-interest advocate in broadcast-flag and information-commons policy.","STATUS_UNRESOLVED","","","","","","","","0","","","UKC-00-017 | UKC-04-081"
"PC-0262","Public Knowledge Project","","Core candidate","Commons Projects","direct","open-publishing infrastructure project","operating at book date","1","10","Ch. 10, pp. 303","http://pkp.ubc.ca/ojs/other_OJS.html","Project cataloging and developing open-source e-journal management software.","STATUS_UNRESOLVED","","","","","","","","0","","","UKC-10-026"
"PC-0263","Public Library of Science","PLoS","Core candidate","Commons Projects","direct","open-access publisher","operating at book date","2","4, 7","Ch. 4, pp. 96, 118 | Ch. 7, pp. 183, 198, 201, 203","http://www.plos.org/","Nonprofit scientific publishing initiative established around open access. | Major OA publisher using external archives and Creative Commons licensing.","STATUS_UNRESOLVED","","","","","","","","0","","","UKC-04-021 | UKC-07-005"
"PC-0264","Public Trust Alliance","","Support node","Supporting Ecosystem","enabler","advocacy alliance","operating at book date","1","2","Ch. 2, pp. 39","","Named public-trust advocacy organization associated with environmental commons.","STATUS_UNRESOLVED","","","","","","","","0","","","UKC-02-012"
"PC-0265","Publicnews.com","","Example candidate","Commons Projects","example","participatory journalism platform","operating at book date","1","2","Ch. 2, pp. 36","http://Publicnews.com","Platform for public sharing of breaking-news events.","STATUS_UNRESOLVED","","","","","","","","0","","","UKC-02-023"
"PC-0266","PubMed","","Core candidate","Commons Projects","direct","biomedical citation and linking service","operating at book date","1","5","Ch. 5, pp. 142","http://www.ncbi.nlm.nih.gov/PubMed/","National Library of Medicine citation service linking biomedical literature and full text.","STATUS_UNRESOLVED","","","","","","","","0","","","UKC-05-017"
"PC-0267","PubMed Central","","Core candidate","Commons Projects","direct","full-text biomedical archive","operating at book date","2","4, 7","Ch. 4, pp. 97 | Ch. 7, pp. 205","","National Library of Medicine archive for NIH-supported manuscripts. | OA archive receiving final manuscripts under NIH policy.","STATUS_UNRESOLVED","","","","","","","","0","","","UKC-04-026 | UKC-07-018"
"PC-0268","Random House pay-per-view full-text program","","Context / analogy","Concepts and Comparisons","analogy","commercial digital-book service","operating at book date","1","4","Ch. 4, pp. 99","","Commercial proposal for licensed full-text access.","STATUS_UNRESOLVED","","","","","","","","0","","","UKC-04-049"
"PC-0269","Registry of Institutional OA Self-Archiving Policies","","Support node","Supporting Ecosystem","enabler","policy registry","operating at book date","1","3","Ch. 3, pp. 57","","Registry used by institutions implementing the Berlin Declaration.","STATUS_UNRESOLVED","","","","","","","","0","","","UKC-03-015"
"PC-0270","RePEc","","Core candidate","Commons Projects","direct","disciplinary research repository network","operating at book date","1","11","Ch. 11, pp. 316, 330","http://www.repec.org/","Economics working-paper and research discovery network.","STATUS_UNRESOLVED","","","","","","","","0","","","UKC-11-003"
"PC-0271","Research Libraries Group","RLG","Support node","Supporting Ecosystem","enabler","research-library organization","operating at book date","2","4, 6","Ch. 4, pp. 118 | Ch. 6, pp. 167","http://www.rlg.org/ArchTF/","Co-produced the Trusted Digital Repositories framework. | Co-sponsored the digital-archiving task force and preservation standards.","STATUS_UNRESOLVED","","","","","","","","0","","","UKC-04-091 | UKC-06-018"
"PC-0272","Riverkeepers","","Support node","Supporting Ecosystem","enabler","environmental advocacy network","operating at book date","1","2","Ch. 2, pp. 39","","Named river-protection organizations associated with environmental commons.","STATUS_UNRESOLVED","","","","","","","","0","","","UKC-02-013"
"PC-0273","RoMEO Project","Project RoMEO","Support node","Supporting Ecosystem","enabler","publisher-policy research project","operating at book date","1","4","Ch. 4, pp. 98, 119","http://www.lboro.ac.uk/departments/ls/disresearch/romeo/","Researches journal permissions for author self-archiving.","STATUS_UNRESOLVED","","","","","","","","0","","","UKC-04-045"
"PC-0274","Salvador Declaration","","Support node","Supporting Ecosystem","enabler","open-access declaration","completed declaration","1","7","Ch. 7, pp. 206","","Public statement supporting scientific information access.","STATUS_UNRESOLVED","","","","","","","","0","","","UKC-07-035"
"PC-0275","Samuel Berliner III's famous-Berliners site","","Example candidate","Commons Projects","example","independent knowledge website","operating at book date","1","5","Ch. 5, pp. 130","","Lay-maintained biographical site used to illustrate decentralized factual production.","STATUS_UNRESOLVED","","","","","","","","0","","","UKC-05-008"
"PC-0276","San Diego Dialogue","","Core candidate","Commons Projects","direct","university-community research initiative","operating at book date","1","9","Ch. 9, pp. 262","http://www.sandiegodialogue.org","UC San Diego-supported initiative producing sophisticated local policy research.","STATUS_UNRESOLVED","","","","","","","","0","","","UKC-09-009"
"PC-0277","Scholarly Communication Toolkit","","Support node","Supporting Ecosystem","enabler","advocacy toolkit","operating at book date","1","4","Ch. 4, pp. 102, 121","http://www.ala.org/ala/acrl/acrlissues/scholarlycomm/scholarlycommunicationtoolkit/toolkit.htm","ACRL toolkit supporting education and reform of scholarly communication.","STATUS_UNRESOLVED","","","","","","","","0","","","UKC-04-071"
"PC-0278","Scholarly Publishing and Academic Resources Coalition","SPARC","Support node","Supporting Ecosystem","enabler","scholarly-communication coalition","operating at book date","3","4, 6, 11","Ch. 4, pp. 95-96, 102, 113, 117-118, 121 | Ch. 6, pp. 153 | Ch. 11, pp. 320","","Incubates lower-cost publishing alternatives and advocates scholarly-communication reform. | Advanced the producer-archive model for faculty publications. | Organization used as an example of institutions stimulating change.","STATUS_UNRESOLVED","","","","","","","","0","","","UKC-04-008 | UKC-06-004 | UKC-11-014"
"PC-0279","Scholarly Publishing Office","University of Michigan Scholarly Publishing Office","Core candidate","Commons Projects","direct","library publishing service","operating at book date","1","11","Ch. 11, pp. 322","","University of Michigan service providing tools and production support.","STATUS_UNRESOLVED","","","","","","","","0","","","UKC-11-018"
"PC-0280","SciDev.Net","","Core candidate","Commons Projects","direct","science-development knowledge portal","operating at book date","1","7","Ch. 7, pp. 206","http://www.scidev.net/","Scientific information portal serving development contexts.","STATUS_UNRESOLVED","","","","","","","","0","","","UKC-07-025"
"PC-0281","SciELO","","Core candidate","Commons Projects","direct","open-access journal platform and library","operating at book date","1","7","Ch. 7, pp. 206","http://www.scielo.br/","Electronic scientific library and journal platform.","STATUS_UNRESOLVED","","","","","","","","0","","","UKC-07-026"
"PC-0282","Science and Environmental Health Network","","Support node","Supporting Ecosystem","enabler","advocacy network","operating at book date","1","2","Ch. 2, pp. 39","","Leading champion of the precautionary principle.","STATUS_UNRESOLVED","","","","","","","","0","","","UKC-02-014"
"PC-0283","Science Citation Index","","Context / analogy","Concepts and Comparisons","analogy","citation index","operating at book date","1","3","Ch. 3, pp. 69","","Commercial/global journal index used to show developing-country visibility gaps.","STATUS_UNRESOLVED","","","","","","","","0","","","UKC-03-025"
"PC-0284","Science Commons","","Core candidate","Commons Projects","direct","open-science project","operating at book date","1","10","Ch. 10, pp. 292, 308","http://science.creativecommons.org/","Project for OA publications, standard scientific licenses, and data sharing.","STATUS_UNRESOLVED","","","","","","","","0","","","UKC-10-019"
"PC-0285","ScienceDirect","Science Direct","Context / analogy","Concepts and Comparisons","analogy","commercial journal database","operating at book date","1","4","Ch. 4, pp. 88","","Licensed database illustrating restrictions on use, lending, and preservation.","STATUS_UNRESOLVED","","","","","","","","0","","","UKC-04-004"
"PC-0286","ScratchDJ.com phonograph-history site","","Example candidate","Commons Projects","example","independent knowledge website","operating at book date","1","5","Ch. 5, pp. 129-130","http://scratchdj.com","Lay-maintained factual history site used to illustrate frictionless fact sharing.","STATUS_UNRESOLVED","","","","","","","","0","","","UKC-05-007"
"PC-0287","Screen Actors Guild","","Support node","Supporting Ecosystem","enabler","professional association","operating at book date","1","8","Ch. 8, pp. 221","","Professional rules help resolve attribution and ownership.","STATUS_UNRESOLVED","","","","","","","","0","","","UKC-08-005"
"PC-0288","Screenwriters Federation of America","","Support node","Supporting Ecosystem","enabler","professional association","operating at book date","1","8","Ch. 8, pp. 221","","Professional rules help resolve attribution and ownership.","STATUS_UNRESOLVED","","","","","","","","0","","","UKC-08-003"
"PC-0289","Scripps research program in Merck v. Integra","","Example candidate","Commons Projects","example","scientific research program","operating at book date","1","8","Ch. 8, pp. 239-242","","Cancer-research work used to test the boundaries of experimental use.","STATUS_UNRESOLVED","","","","","","","","0","","","UKC-08-014"
"PC-0290","Self-Archiving Initiative","","Support node","Supporting Ecosystem","enabler","open-access movement","operating at book date","1","3","Ch. 3, pp. 53","","Visible movement encouraging authors to retain rights and provide open access.","STATUS_UNRESOLVED","","","","","","","","0","","","UKC-03-004"
"PC-0291","Sierra Club","","Example candidate","Commons Projects","example","environmental organization","operating at book date","1","2","Ch. 2, pp. 32","","Uses the commons of nature frame in public-lands advocacy.","STATUS_UNRESOLVED","","","","","","","","0","","","UKC-02-009"
"PC-0292","Signal Transduction Knowledge Environment","STKE","Core candidate","Commons Projects","direct","compound scholarly knowledge environment","operating at book date","1","11","Ch. 11, pp. 317, 330","http://stke.sciencemag.org/","AAAS environment combining journal, alerts, dialogue, and analytic tools.","STATUS_UNRESOLVED","","","","","","","","0","","","UKC-11-008"
"PC-0293","SmartMobs","","Support node","Supporting Ecosystem","enabler","social-networking blog","operating at book date","1","2","Ch. 2, pp. 39","http://www.smartmobs.com","Howard Rheingold's blog discussing social networking and collaborative technology.","STATUS_UNRESOLVED","","","","","","","","0","","","UKC-02-030"
"PC-0294","Social Science Research Network","SSRN","Core candidate","Commons Projects","direct","disciplinary research repository network","operating at book date","1","11","Ch. 11, pp. 316","","Aggregates working papers and published articles across social-science disciplines.","STATUS_UNRESOLVED","","","","","","","","0","","","UKC-11-004"
"PC-0295","Software Freedom Law Center","","Support node","Supporting Ecosystem","enabler","legal defense organization","operating at book date","1","2","Ch. 2, pp. 35","","Protects open-source software against litigation.","STATUS_UNRESOLVED","","","","","","","","0","","","UKC-02-020"
"PC-0296","Sony Betamax/VCR platform","","Context / analogy","Concepts and Comparisons","analogy","copying technology","operating at book date","1","8","Ch. 8, pp. 236-237","","Copying technology establishing the substantial-noninfringing-use framework.","STATUS_UNRESOLVED","","","","","","","","0","","","UKC-08-011"
"PC-0297","SourceForge.net","","Core candidate","Commons Projects","direct","open-source project hosting platform","operating at book date","1","10","Ch. 10, pp. 278, 287, 308","http://www.sourceforge.net","Hosts FOSS projects and supplies communication and version-control infrastructure.","STATUS_UNRESOLVED","","","","","","","","0","","","UKC-10-001"
"PC-0298","Space Physics and Aeronomy Research Collaboratory","SPARC","Core candidate","Commons Projects","direct","scientific collaboratory","operating at book date","1","11","Ch. 11, pp. 326-327, 330","http://www.windows.ucar.edu/sparc/","Online atmospheric-science environment controlling instruments, analyzing data, and archiving research.","STATUS_UNRESOLVED","","","","","","","","0","","","UKC-11-026"
"PC-0299","SPARC Open Access Newsletter","","Support node","Supporting Ecosystem","enabler","newsletter and advocacy resource","operating at book date","3","0, 4, 7","Ch. 0, pp. xii | Ch. 4, pp. 96, 118 | Ch. 7, pp. 197-207","http://www.earlham.edu/~peters/fos/ | http://www.earlham.edu/~peters/fos/newsletter/archive.htm","Open-access newsletter authored by Peter Suber. | Open-access news and advocacy newsletter edited by Peter Suber. | Open-access analysis, documentation, and movement current-awareness publication.","STATUS_UNRESOLVED","","","","","","","","0","","","UKC-00-014 | UKC-04-014 | UKC-07-007"
"PC-0300","St. Paul Information Commons","","Core candidate","Commons Projects","direct","civic information commons","operating at book date","1","9","Ch. 9, pp. 249","","University of Minnesota-connected partner to the Prince George's commons.","STATUS_UNRESOLVED","","","","","","","","0","","","UKC-09-005"
"PC-0301","Stanford University","","Support node","Supporting Ecosystem","enabler","university and preservation-system developer","operating at book date","1","4","Ch. 4, pp. 100","","Developed the LOCKSS preservation system.","STATUS_UNRESOLVED","","","","","","","","0","","","UKC-04-062"
"PC-0302","Sun Microsystems open-source patent releases","","Example candidate","Commons Projects","example","open patent initiative","operating at book date","1","2","Ch. 2, pp. 35","","Made software patents available on an open-source basis to spur innovation.","STATUS_UNRESOLVED","","","","","","","","0","","","UKC-02-019"
"PC-0303","Task Force on Archiving of Digital Information","","Support node","Supporting Ecosystem","enabler","preservation task force","operating at book date","1","6","Ch. 6, pp. 167","http://www.rlg.org/ArchTF/","Produced a foundational report on preserving digital information.","STATUS_UNRESOLVED","","","","","","","","0","","","UKC-06-016"
"PC-0304","Tetrahedron Letters","","Context / analogy","Concepts and Comparisons","analogy","subscription journal","operating at book date","1","4","Ch. 4, pp. 88","","High-priced commercial journal used to illustrate enclosure.","STATUS_UNRESOLVED","","","","","","","","0","","","UKC-04-007"
"PC-0305","The Future of the Digital Commons","","Example candidate","Commons Projects","example","conference session","completed conference session","1","1","Ch. 1, pp. 14","http://wizards-of-os.org/index.php?id=1551","WOS3 session whose program framed digital commons as an alternative to commodification.","STATUS_UNRESOLVED","","","","","","","","0","","","UKC-01-003"
"PC-0306","The New England Journal of Political Science","","Example candidate","Commons Projects","example","open-access journal","operating at book date","1","4","Ch. 4, pp. 96","","Named example among operating open-access journals.","STATUS_UNRESOLVED","","","","","","","","0","","","UKC-04-019"
"PC-0307","The Valley of the Shadow","","Core candidate","Commons Projects","direct","digital history library","operating at book date","1","11","Ch. 11, pp. 317","","Civil War primary-source and tool environment resembling a library more than a monograph.","STATUS_UNRESOLVED","","","","","","","","0","","","UKC-11-010"
"PC-0308","Timeline of the Open Access Movement","","Support node","Supporting Ecosystem","enabler","movement chronology","operating at book date","1","7","Ch. 7, pp. 199, 206","http://www.earlham.edu/~peters/fos/timeline.htm","Peter Suber's chronology of OA journals, policies, and declarations.","STATUS_UNRESOLVED","","","","","","","","0","","","UKC-07-012"
"PC-0309","Tomales Bay Institute","","Support node","Supporting Ecosystem","enabler","commons institute","operating at book date","1","2","Ch. 2, pp. 39","","Co-organized a conference linking commons, public trust, and precaution.","STATUS_UNRESOLVED","","","","","","","","0","","","UKC-02-015"
"PC-0310","Tommy's History of Western Technology","","Example candidate","Commons Projects","example","independent knowledge website","operating at book date","1","5","Ch. 5, pp. 130","","Independent technical-history site used to illustrate reuse of uncopyrightable facts.","STATUS_UNRESOLVED","","","","","","","","0","","","UKC-05-009"
"PC-0311","Trusted Digital Repositories","","Support node","Supporting Ecosystem","enabler","repository standards report and framework","operating at book date","1","4","Ch. 4, pp. 118","http://www.rlg.org/longterm/repositories.pdf","Research Libraries Group and OCLC framework for trusted repositories.","STATUS_UNRESOLVED","","","","","","","","0","","","UKC-04-090"
"PC-0312","U.S. Patent and Trademark Office","","Support node","Supporting Ecosystem","enabler","public rights registry","operating at book date","1","8","Ch. 8, pp. 222","","Government administrative infrastructure for patent rights.","STATUS_UNRESOLVED","","","","","","","","0","","","UKC-08-002"
"PC-0313","UCSB Campus Informatics","","Core candidate","Commons Projects","direct","campus research-informatics initiative","operating at book date","1","11","Ch. 11, pp. 328, 330","http://www.cni.org/tfms/2004a.spring/abstracts/PB-ucsb-pritchard.html","Investigates research needs and behavior to design data-intensive services and archives.","STATUS_UNRESOLVED","","","","","","","","0","","","UKC-11-027"
"PC-0314","UK Recommendation","","Support node","Supporting Ecosystem","enabler","open-access policy recommendation","recommendation","1","3","Ch. 3, pp. 57, 70","http://www.ecs.soton.ac.uk/~harnad/Temp/UKSTC.htm","Policy recommendation modeled on Southampton's self-archiving program.","STATUS_UNRESOLVED","","","","","","","","0","","","UKC-03-016"
"PC-0315","United States Holocaust Memorial Museum","Holocaust Museum","Core candidate","Commons Projects","direct","cultural memory institution","operating at book date","1","8","Ch. 8, pp. 233","","Public cultural institution used as an example of preserving minority history.","STATUS_UNRESOLVED","","","","","","","","0","","","UKC-08-007"
"PC-0316","University Actions against High Journal Prices","","Support node","Supporting Ecosystem","enabler","advocacy catalog","operating at book date","1","7","Ch. 7, pp. 202","http://www.earlham.edu/~peters/fos/lists.htm#actions","Catalog of university cancellation and resistance actions.","STATUS_UNRESOLVED","","","","","","","","0","","","UKC-07-036"
"PC-0317","University of Arizona information commons","","Core candidate","Commons Projects","direct","campus information commons","operating at book date","1","4","Ch. 4, pp. 101","","Shared library, teaching-center, and computing facility.","STATUS_UNRESOLVED","","","","","","","","0","","","UKC-04-063"
"PC-0318","University of California Digital Library","California Digital Library","Support node","Supporting Ecosystem","enabler","digital library system","operating at book date","1","4","Ch. 4, pp. 97","","Sponsors the eScholarship institutional repository.","STATUS_UNRESOLVED","","","","","","","","0","","","UKC-04-033"
"PC-0319","University of California Press","","Support node","Supporting Ecosystem","enabler","scholarly publisher and project partner","operating at book date","1","4","Ch. 4, pp. 96","","Collaborated with the AAA on the AnthroSource portal.","STATUS_UNRESOLVED","","","","","","","","0","","","UKC-04-012"
"PC-0320","University of Mannheim Experimental Economics Laboratory","","Support node","Supporting Ecosystem","enabler","experimental economics laboratory","operating at book date","1","12","Ch. 12, pp. 340","","Created the Experimental Economics Glossary used by EconPort.","STATUS_UNRESOLVED","","","","","","","","0","","","UKC-12-011"
"PC-0321","University of Minho open-access requirement","","Example candidate","Commons Projects","example","institutional OA policy","policy in operation at book date","1","3","Ch. 3, pp. 57","","Institutional policy requiring self-archiving.","STATUS_UNRESOLVED","","","","","","","","0","","","UKC-03-018"
"PC-0322","University of Minnesota Libraries research-behavior project","","Core candidate","Commons Projects","direct","library research project","newly funded at book date","1","11","Ch. 11, pp. 328, 330","http://www.lib.umn.edu/about/mellon/","Assesses disciplinary research behavior to integrate expertise, technology, content, and facilities.","STATUS_UNRESOLVED","","","","","","","","0","","","UKC-11-029"
"PC-0323","University of Southampton open-archives programme","","Core candidate","Commons Projects","direct","institutional open-access program","operating at book date","1","3","Ch. 3, pp. 57","","Leading institutional program that produced multiple repository and policy tools.","STATUS_UNRESOLVED","","","","","","","","0","","","UKC-03-008"
"PC-0324","University of Virginia","","Support node","Supporting Ecosystem","enabler","university and digital-project steward","operating at book date","1","11","Ch. 11, pp. 317, 326","","Hosts The Valley of the Shadow and library-centered disciplinary information communities.","STATUS_UNRESOLVED","","","","","","","","0","","","UKC-11-011"
"PC-0325","University of Virginia American Studies information community","","Core candidate","Commons Projects","direct","disciplinary information community","operating at book date","1","11","Ch. 11, pp. 326","","Library-centered community integrating resources, tools, events, and participant projects.","STATUS_UNRESOLVED","","","","","","","","0","","","UKC-11-024"
"PC-0326","University of Virginia Tibetan and Himalayan information community","","Core candidate","Commons Projects","direct","disciplinary information community","operating at book date","1","11","Ch. 11, pp. 326","","Library-centered community integrating resources, tools, events, and participant projects.","STATUS_UNRESOLVED","","","","","","","","0","","","UKC-11-025"
"PC-0327","UrbanSim","","Core candidate","Commons Projects","direct","open-source urban-modeling system","operating at book date","1","10","Ch. 10, pp. 290","","Modular Java model for urban land use, transportation, and environmental impacts.","STATUS_UNRESOLVED","","","","","","","","0","","","UKC-10-016"
"PC-0328","USDA Forest Service Burlington Laboratory","","Support node","Supporting Ecosystem","enabler","research laboratory","operating at book date","1","10","Ch. 10, pp. 303","","Supported the land-use commons work discussed in the chapter.","STATUS_UNRESOLVED","","","","","","","","0","","","UKC-10-032"
"PC-0329","USDA Forest Service Southern and Northern Global Change Programs","","Support node","Supporting Ecosystem","enabler","science programs","operating at book date","1","10","Ch. 10, pp. 303","","Supported research underlying the chapter's open-science model.","STATUS_UNRESOLVED","","","","","","","","0","","","UKC-10-033"
"PC-0330","Valparaiso Declaration","","Support node","Supporting Ecosystem","enabler","open-access declaration","completed declaration","1","7","Ch. 7, pp. 206","","Public statement supporting scientific information access.","STATUS_UNRESOLVED","","","","","","","","0","","","UKC-07-032"
"PC-0331","W3C Semantic Web","","Support node","Supporting Ecosystem","enabler","semantic interoperability infrastructure","operating at book date","1","11","Ch. 11, pp. 324","","Metadata and relationship framework enabling cross-resource discovery and collaboration.","STATUS_UNRESOLVED","","","","","","","","0","","","UKC-11-023"
"PC-0332","Wellcome Trust open-access policy","","Support node","Supporting Ecosystem","enabler","funder OA policy","policy in operation at book date","1","7","Ch. 7, pp. 199","","British medical research funder policy paying publication fees and supporting OA.","STATUS_UNRESOLVED","","","","","","","","0","","","UKC-07-011"
"PC-0333","Westlaw","","Context / analogy","Concepts and Comparisons","analogy","proprietary legal database","operating at book date","1","5","Ch. 5, pp. 134","","Closed specialist database illustrating a successful proprietary information ecology.","STATUS_UNRESOLVED","","","","","","","","0","","","UKC-05-013"
"PC-0334","Wikipedia","","Core candidate","Commons Projects","direct","collaborative encyclopedia","operating at book date","2","2, 5","Ch. 2, pp. 36 | Ch. 5, pp. 131-132, 141","","Open encyclopedia created through broad public contribution. | Collectively created reference tool with open editing and lay peer review.","STATUS_UNRESOLVED","","","","","","","","0","","","UKC-02-025 | UKC-05-012"
"PC-0335","Wingspread Declaration on the Civic Responsibilities of Research Universities","","Support node","Supporting Ecosystem","enabler","civic-university declaration","completed declaration","1","9","Ch. 9, pp. 272","http://www.compact.org/civic/Wingspread/Wingspread.html","Declaration defining universities' civic responsibilities.","STATUS_UNRESOLVED","","","","","","","","0","","","UKC-09-021"
"PC-0336","Work Projects Administration state guides","WPA guides","Core candidate","Commons Projects","direct","public cultural-knowledge project","operating at book date","1","8","Ch. 8, pp. 232-233","","Government-produced regional guides documenting state history and culture.","STATUS_UNRESOLVED","","","","","","","","0","","","UKC-08-006"
"PC-0337","Workshop in Political Theory and Policy Analysis","","Support node","Supporting Ecosystem","enabler","research center","operating at book date","4","0, 1, 2, 9","Ch. 0, pp. ix-xii | Ch. 1, pp. 16 | Ch. 2, pp. 31 | Ch. 9, pp. 268-269, 273","","Indiana University center supplying long-running commons research, cases, theory, and library infrastructure. | Institutional home of the IAD framework and long-running commons research. | Academic center stimulating modern commons scholarship and maintaining a specialist library. | Commons-research center supporting the chapter and field-based institutional research.","STATUS_UNRESOLVED","","","","","","","","0","","","UKC-00-003 | UKC-01-002 | UKC-02-006 | UKC-09-024"
"PC-0338","Workshop on Scholarly Communication as a Commons","","Core candidate","Commons Projects","direct","workshop","completed workshop","1","0","Ch. 0, pp. ix-xi","","2004 working session that generated the book's research agenda and papers.","STATUS_UNRESOLVED","","","","","","","","0","","","UKC-00-001"
"PC-0339","Workshop Research Library","","Core candidate","Commons Projects","direct","research library","operating at book date","1","0","Ch. 0, pp. xi","","Specialist commons research library directed by Charlotte Hess.","STATUS_UNRESOLVED","","","","","","","","0","","","UKC-00-005"
"PC-0340","World Summit on the Information Society","WSIS","Support node","Supporting Ecosystem","enabler","international policy process","operating at book date","1","3","Ch. 3, pp. 49, 69","http://www.itu.int/wsis/documents/doc_multi.asp?lang=en&id=2266|2267","Global policymaking community used as an example of nested governance.","STATUS_UNRESOLVED","","","","","","","","0","","","UKC-03-002"
"PC-0341","World Summit on the Information Society OA advocacy","WSIS","Support node","Supporting Ecosystem","enabler","international policy process","operating at book date","1","7","Ch. 7, pp. 200","","Venue for negotiations seeking a meaningful international OA endorsement.","STATUS_UNRESOLVED","","","","","","","","0","","","UKC-07-043"
"PC-0342","Yahoo","","Support node","Supporting Ecosystem","enabler","search and access platform","operating at book date","1","4","Ch. 4, pp. 99","","Planned discovery and delivery layer for Open Content Alliance collections.","STATUS_UNRESOLVED","","","","","","","","0","","","UKC-04-053"
"PC-0343","Yahoo OAI harvesting","","Support node","Supporting Ecosystem","enabler","search indexing infrastructure","operating at book date","1","12","Ch. 12, pp. 345","","Harvests and repackages EconPort's OAI-compliant classification metadata.","STATUS_UNRESOLVED","","","","","","","","0","","","UKC-12-017"
"PC-0344","Yahoo open-access indexing program","","Support node","Supporting Ecosystem","enabler","search indexing initiative","announced program","1","7","Ch. 7, pp. 184, 202","","Program intended to index OA content in enhanced form.","STATUS_UNRESOLVED","","","","","","","","0","","","UKC-07-019"
"PC-0345","YouTube.com","","Example candidate","Commons Projects","example","participatory media platform","operating at book date","1","2","Ch. 2, pp. 37","http://YouTube.com","Online hosting service for sharing grassroots media.","STATUS_UNRESOLVED","","","","","","","","0","","","UKC-02-028"
"PC-0346","Zope","","Support node","Supporting Ecosystem","enabler","open-source application and portal platform","operating at book date","1","10","Ch. 10, pp. 303","http://zope.org","Open-source platform for content-management systems and Internet portals.","STATUS_UNRESOLVED","","","","","","","","0","","","UKC-10-029"
