"id","canonicalName","aliases","category","relation","bookPortrayal","printedPages","chapterNumber","chapterTitle","evidenceLocation","sourceGroundedRole","bookPrintedUrl","projectId"
"UKC-00-001","Workshop on Scholarly Communication as a Commons","","workshop","direct","completed workshop","ix-xi","0","Front matter and Preface","front matter","2004 working session that generated the book's research agenda and papers.","","PC-0338"
"UKC-00-002","Conference on the Public Domain","","conference","enabler","completed conference","ix","0","Front matter and Preface","front matter","Duke conference identified as one origin of the scholarly-commons workshop.","","PC-0063"
"UKC-00-003","Workshop in Political Theory and Policy Analysis","","research center","enabler","operating at book date","ix-xii","0","Front matter and Preface","front matter","Indiana University center supplying long-running commons research, cases, theory, and library infrastructure.","","PC-0337"
"UKC-00-004","Digital Library of the Commons","DLC","digital library and repository","direct","operating at book date","ix","0","Front matter and Preface","front matter","Combines preservation, self-publication, multimedia storage, and interdisciplinary commons reference.","http://dlc.dlib.indiana.edu","PC-0083"
"UKC-00-005","Workshop Research Library","","research library","direct","operating at book date","xi","0","Front matter and Preface","front matter","Specialist commons research library directed by Charlotte Hess.","","PC-0339"
"UKC-00-006","Andrew W. Mellon Foundation","","foundation and funder","enabler","operating at book date","ix, xiii","0","Front matter and Preface","front matter","Funded the workshop and later preservation and scholarly-communication initiatives.","","PC-0013"
"UKC-00-007","Center for the Study of the Public Domain","","research center","enabler","operating at book date","xi","0","Front matter and Preface","front matter","Duke center represented by James Boyle in the workshop network.","","PC-0048"
"UKC-00-008","CIRCLE, The Center for Information and Research on Civic Learning and Engagement","CIRCLE","civic research center","enabler","operating at book date","xi","0","Front matter and Preface","front matter","Civic-learning research center represented by Peter Levine.","","PC-0051"
"UKC-00-009","Institute for Philosophy & Public Policy","","research institute","enabler","operating at book date","xi","0","Front matter and Preface","front matter","University of Maryland institute supporting Peter Levine's civic-commons work.","","PC-0149"
"UKC-00-010","Campaign for the Civic Mission of Schools","","civic education campaign","enabler","operating at book date","xi","0","Front matter and Preface","front matter","School civic-mission campaign chaired by Peter Levine.","","PC-0041"
"UKC-00-011","Coalition for Networked Information","CNI","network and coalition","enabler","operating at book date","xii","0","Front matter and Preface","front matter","Networked-information coalition represented by Clifford Lynch.","","PC-0055"
"UKC-00-012","Center for the Study of Institutions, Population, and Environmental Change","CIPEC","research center","enabler","operating at book date","xii","0","Front matter and Preface","front matter","Indiana University center supporting institutional and environmental commons research.","","PC-0047"
"UKC-00-013","Open Access Project at Public Knowledge","","open-access initiative","direct","operating at book date","xii","0","Front matter and Preface","front matter","Open-access policy project directed by Peter Suber.","","PC-0226"
"UKC-00-014","SPARC Open Access Newsletter","","newsletter and advocacy resource","enabler","operating at book date","xii","0","Front matter and Preface","front matter","Open-access newsletter authored by Peter Suber.","","PC-0299"
"UKC-00-015","Open Access News Blog","","news blog and discovery resource","enabler","operating at book date","xii","0","Front matter and Preface","front matter","Open-access current-awareness blog edited by Peter Suber.","","PC-0224"
"UKC-00-016","Internet2","","research-network infrastructure","enabler","operating at book date","xii","0","Front matter and Preface","front matter","Advanced network infrastructure represented by Douglas Van Houweling.","","PC-0155"
"UKC-00-017","Public Knowledge","","public-interest organization","enabler","operating at book date","xii-xiii","0","Front matter and Preface","front matter","Public-interest organization supporting open access and public knowledge policy.","","PC-0261"
"UKC-00-018","Experimental Economics Center","","research laboratory","enabler","operating at book date","xi","0","Front matter and Preface","front matter","Experimental-economics center directed by James Cox and connected to EconPort.","","PC-0114"
"UKC-01-001","International Association for the Study of Common Property","International Association for the Study of the Commons | IASCP | IASC","scholarly association","enabler","operating at book date","6, 21","1","Introduction: An Overview of the Knowledge Commons","narrative","International interdisciplinary association that organized modern commons research.","http://www.iascp.org","PC-0151"
"UKC-01-002","Workshop in Political Theory and Policy Analysis","","research center","enabler","operating at book date","16","1","Introduction: An Overview of the Knowledge Commons","narrative","Institutional home of the IAD framework and long-running commons research.","","PC-0337"
"UKC-01-003","The Future of the Digital Commons","","conference session","example","completed conference session","14","1","Introduction: An Overview of the Knowledge Commons","narrative","WOS3 session whose program framed digital commons as an alternative to commodification.","http://wizards-of-os.org/index.php?id=1551","PC-0305"
"UKC-01-004","Prince George's Information Commons","","civic information commons","direct","operating at book date","19","1","Introduction: An Overview of the Knowledge Commons","narrative","Associational commons for student and citizen production of local public knowledge.","","PC-0254"
"UKC-01-005","EconPort","","open-access digital library","direct","operating at book date","20","1","Introduction: An Overview of the Knowledge Commons","narrative","Open-access, open-source microeconomics library and experimental laboratory.","","PC-0094"
"UKC-01-006","Comprehensive Bibliography of the Commons","","specialist bibliography","direct","operating at book date","22-23","1","Introduction: An Overview of the Knowledge Commons","narrative","Comprehensive discovery bibliography hosted by the Digital Library of the Commons.","http://dlc.dlib.indiana.edu/cpr/index.php","PC-0061"
"UKC-01-007","Digital Library of the Commons","DLC","digital library and repository","direct","operating at book date","23","1","Introduction: An Overview of the Knowledge Commons","reference","Host library for the Comprehensive Bibliography of the Commons.","http://dlc.dlib.indiana.edu","PC-0083"
"UKC-02-001","EconPort","","open-access digital library","direct","operating at book date","27","2","The Growth of the Commons Paradigm","narrative","Economics literature commons serving a user community.","","PC-0094"
"UKC-02-002","Conservation Commons","","disciplinary knowledge commons","direct","operating at book date","27","2","The Growth of the Commons Paradigm","narrative","Builds a global public domain for environmental and conservation literature.","","PC-0064"
"UKC-02-003","Greenpeace","","environmental organization","analogy","operating at book date","30","2","The Growth of the Commons Paradigm","narrative","Illustrates one branch of the diversified environmental movement used as a commons analogy.","","PC-0135"
"UKC-02-004","Environmental Defense Fund","","environmental organization","analogy","operating at book date","30","2","The Growth of the Commons Paradigm","narrative","Illustrates market-oriented environmental advocacy in the movement analogy.","","PC-0108"
"UKC-02-005","Audubon Society","","environmental organization","analogy","operating at book date","30","2","The Growth of the Commons Paradigm","narrative","Illustrates conservation-focused organization in the movement analogy.","","PC-0026"
"UKC-02-006","Workshop in Political Theory and Policy Analysis","","research center","enabler","operating at book date","31","2","The Growth of the Commons Paradigm","narrative","Academic center stimulating modern commons scholarship and maintaining a specialist library.","","PC-0337"
"UKC-02-007","Digital Library of the Commons","Digital Library on the Commons | DLC","digital library and repository","direct","operating at book date","31","2","The Growth of the Commons Paradigm","narrative","Digital commons library linked to the IASCP archives.","","PC-0083"
"UKC-02-008","International Association for the Study of Common Property archives","IASCP archives","association archive","direct","operating at book date","31","2","The Growth of the Commons Paradigm","narrative","Archived record of the international commons-research association.","","PC-0152"
"UKC-02-009","Sierra Club","","environmental organization","example","operating at book date","32","2","The Growth of the Commons Paradigm","narrative","Uses the commons of nature frame in public-lands advocacy.","","PC-0291"
"UKC-02-010","Public Citizen","","public-interest organization","example","operating at book date","32","2","The Growth of the Commons Paradigm","narrative","Uses a global commons of water frame against drinking-water privatization.","","PC-0260"
"UKC-02-011","Georgetown Environmental Law and Policy Institute","","research institute","enabler","operating at book date","39","2","The Growth of the Commons Paradigm","note","Named organization working through public-trust approaches to environmental commons.","","PC-0125"
"UKC-02-012","Public Trust Alliance","","advocacy alliance","enabler","operating at book date","39","2","The Growth of the Commons Paradigm","note","Named public-trust advocacy organization associated with environmental commons.","","PC-0264"
"UKC-02-013","Riverkeepers","","environmental advocacy network","enabler","operating at book date","39","2","The Growth of the Commons Paradigm","note","Named river-protection organizations associated with environmental commons.","","PC-0272"
"UKC-02-014","Science and Environmental Health Network","","advocacy network","enabler","operating at book date","39","2","The Growth of the Commons Paradigm","note","Leading champion of the precautionary principle.","","PC-0282"
"UKC-02-015","Tomales Bay Institute","","commons institute","enabler","operating at book date","39","2","The Growth of the Commons Paradigm","note","Co-organized a conference linking commons, public trust, and precaution.","","PC-0309"
"UKC-02-016","Johnson Foundation","","foundation and funder","enabler","operating at book date","39","2","The Growth of the Commons Paradigm","note","Co-organized a conference linking commons, public trust, and precaution.","","PC-0162"
"UKC-02-017","GNU/Linux","GNU Linux","open-source operating system","direct","operating at book date","35","2","The Growth of the Commons Paradigm","narrative","Famous open-source software commons and rival to proprietary operating systems.","","PC-0129"
"UKC-02-018","IBM open-source patent releases","","open patent initiative","example","operating at book date","35","2","The Growth of the Commons Paradigm","narrative","Made software patents available on an open-source basis to spur innovation.","","PC-0143"
"UKC-02-019","Sun Microsystems open-source patent releases","","open patent initiative","example","operating at book date","35","2","The Growth of the Commons Paradigm","narrative","Made software patents available on an open-source basis to spur innovation.","","PC-0302"
"UKC-02-020","Software Freedom Law Center","","legal defense organization","enabler","operating at book date","35","2","The Growth of the Commons Paradigm","narrative","Protects open-source software against litigation.","","PC-0295"
"UKC-02-021","Flickr","","participatory media platform","example","operating at book date","36","2","The Growth of the Commons Paradigm","narrative","Photo-sharing platform cited as participatory media.","","PC-0119"
"UKC-02-022","Ourmedia.org","","participatory media platform","example","operating at book date","36","2","The Growth of the Commons Paradigm","narrative","Platform for sharing creative works of many kinds.","http://Ourmedia.org","PC-0241"
"UKC-02-023","Publicnews.com","","participatory journalism platform","example","operating at book date","36","2","The Growth of the Commons Paradigm","narrative","Platform for public sharing of breaking-news events.","http://Publicnews.com","PC-0265"
"UKC-02-024","del.icio.us","","social-bookmarking platform","example","operating at book date","36","2","The Growth of the Commons Paradigm","narrative","Platform for publicly shared web bookmarks.","","PC-0077"
"UKC-02-025","Wikipedia","","collaborative encyclopedia","direct","operating at book date","36","2","The Growth of the Commons Paradigm","narrative","Open encyclopedia created through broad public contribution.","","PC-0334"
"UKC-02-026","National Institutes of Health open-access policy","","public-access policy","enabler","policy in operation at book date","37","2","The Growth of the Commons Paradigm","narrative","Sought public availability of NIH-funded medical research after journal publication.","","PC-0202"
"UKC-02-027","Creative Commons","","licensing commons","direct","operating at book date","37, 40","2","The Growth of the Commons Paradigm","narrative","Licenses creative works for easier noncommercial sharing and distribution.","http://www.creativecommons.org","PC-0069"
"UKC-02-028","YouTube.com","","participatory media platform","example","operating at book date","37","2","The Growth of the Commons Paradigm","narrative","Online hosting service for sharing grassroots media.","http://YouTube.com","PC-0345"
"UKC-02-029","PC Forum 2005","","technology forum","enabler","completed forum","39","2","The Growth of the Commons Paradigm","note","Forum where metatagging and social software were major themes.","","PC-0243"
"UKC-02-030","SmartMobs","","social-networking blog","enabler","operating at book date","39","2","The Growth of the Commons Paradigm","note","Howard Rheingold's blog discussing social networking and collaborative technology.","http://www.smartmobs.com","PC-0293"
"UKC-02-031","Clay Shirky's blog","","social-networking blog","enabler","operating at book date","39","2","The Growth of the Commons Paradigm","note","Blog discussing social networking and collaborative technology.","http://www.shirky.com","PC-0054"
"UKC-02-032","Corante's Many 2 Many","","social-networking blog","enabler","operating at book date","39","2","The Growth of the Commons Paradigm","note","Group blog discussing social software and networked participation.","http://www.corante.com/many","PC-0066"
"UKC-02-033","Common Property Resource Digest","","commons periodical","enabler","operating at book date","40","2","The Growth of the Commons Paradigm","note","Periodical reporting developments in commons research.","http://www.indiana.edu/~iascp/e-cpr.html","PC-0060"
"UKC-02-034","Open Access News","","news blog and discovery resource","enabler","operating at book date","40","2","The Growth of the Commons Paradigm","note","Peter Suber's current-awareness source for open-access developments.","http://www.earlham.edu/~peters/fos/fosblog.html","PC-0223"
"UKC-03-001","Open Archives Initiative","OAI","interoperability initiative and protocol","enabler","operating at book date","48, 69","3","A Framework for Analyzing the Knowledge Commons","narrative","Community and protocol enabling interoperable repositories and metadata harvesting.","http://www.openarchives.org/community/index.html","PC-0227"
"UKC-03-002","World Summit on the Information Society","WSIS","international policy process","enabler","operating at book date","49, 69","3","A Framework for Analyzing the Knowledge Commons","narrative","Global policymaking community used as an example of nested governance.","http://www.itu.int/wsis/documents/doc_multi.asp?lang=en&id=2266|2267","PC-0340"
"UKC-03-003","Creative Commons","","licensing commons","direct","operating at book date","52-53, 69","3","A Framework for Analyzing the Knowledge Commons","narrative","Flexible licensing service that uses private rights to create public goods.","http://creativecommons.org","PC-0069"
"UKC-03-004","Self-Archiving Initiative","","open-access movement","enabler","operating at book date","53","3","A Framework for Analyzing the Knowledge Commons","narrative","Visible movement encouraging authors to retain rights and provide open access.","","PC-0290"
"UKC-03-005","DSpace","","repository software and institutional repository","direct","operating at book date","56, 64, 70","3","A Framework for Analyzing the Knowledge Commons","narrative","MIT repository platform developed through library and faculty leadership.","http://dspace.org/index.html","PC-0090"
"UKC-03-006","Berlin Declaration","","open-access declaration","enabler","declaration under implementation","56-57, 70","3","A Framework for Analyzing the Knowledge Commons","narrative","Declaration and implementation program supporting repository deposit and OA publishing.","http://www.zim.mpg.de/openaccess-berlin/berlindeclaration.html","PC-0030"
"UKC-03-007","Berlin 3 meeting","","open-access implementation meeting","enabler","completed meeting","56","3","A Framework for Analyzing the Knowledge Commons","narrative","Moved Berlin Declaration support toward institutional implementation.","","PC-0029"
"UKC-03-008","University of Southampton open-archives programme","","institutional open-access program","direct","operating at book date","57","3","A Framework for Analyzing the Knowledge Commons","narrative","Leading institutional program that produced multiple repository and policy tools.","","PC-0323"
"UKC-03-009","Cogprints","","disciplinary repository","direct","operating at book date","57","3","A Framework for Analyzing the Knowledge Commons","narrative","Southampton-created cognitive-science repository.","","PC-0056"
"UKC-03-010","Eprints Open Source Software","","repository software","enabler","operating at book date","57","3","A Framework for Analyzing the Knowledge Commons","narrative","Southampton-created open-source repository platform.","","PC-0109"
"UKC-03-011","Citebase","","citation and discovery service","enabler","operating at book date","57","3","A Framework for Analyzing the Knowledge Commons","narrative","Southampton-created citation discovery and analysis service.","","PC-0052"
"UKC-03-012","Archive Registry","","repository registry","enabler","operating at book date","57","3","A Framework for Analyzing the Knowledge Commons","narrative","Southampton-created registry of archives.","","PC-0017"
"UKC-03-013","Policy Registry","","policy registry","enabler","operating at book date","57","3","A Framework for Analyzing the Knowledge Commons","narrative","Southampton-created registry of open-access policies.","","PC-0250"
"UKC-03-014","Journal Policy Directory","","journal-policy directory","enabler","operating at book date","57","3","A Framework for Analyzing the Knowledge Commons","narrative","Southampton-created directory of journal self-archiving policies.","","PC-0164"
"UKC-03-015","Registry of Institutional OA Self-Archiving Policies","","policy registry","enabler","operating at book date","57","3","A Framework for Analyzing the Knowledge Commons","narrative","Registry used by institutions implementing the Berlin Declaration.","","PC-0269"
"UKC-03-016","UK Recommendation","","open-access policy recommendation","enabler","recommendation","57, 70","3","A Framework for Analyzing the Knowledge Commons","narrative","Policy recommendation modeled on Southampton's self-archiving program.","http://www.ecs.soton.ac.uk/~harnad/Temp/UKSTC.htm","PC-0314"
"UKC-03-017","KU ScholarWorks","","institutional repository","direct","operating at book date","57, 70","3","A Framework for Analyzing the Knowledge Commons","narrative","University of Kansas repository populated under an institutional OA endorsement.","https://kuscholarworks.ku.edu/dspace/","PC-0166"
"UKC-03-018","University of Minho open-access requirement","","institutional OA policy","example","policy in operation at book date","57","3","A Framework for Analyzing the Knowledge Commons","narrative","Institutional policy requiring self-archiving.","","PC-0321"
"UKC-03-019","Dutch universities open-access requirements","","institutional OA policies","example","policies in operation at book date","57","3","A Framework for Analyzing the Knowledge Commons","narrative","Twelve universities with OA requirement policies.","","PC-0091"
"UKC-03-020","Max Planck Society open-access requirements","","institutional OA policies","example","policies in operation at book date","57","3","A Framework for Analyzing the Knowledge Commons","narrative","OA requirement policies spanning the Society's institutes.","","PC-0185"
"UKC-03-021","Digital Library of the Commons","DLC","epistemic repository","direct","operating at book date","59, 70","3","A Framework for Analyzing the Knowledge Commons","narrative","Staff-mediated interdisciplinary repository for commons scholarship.","http://dlc.dlib.indiana.edu","PC-0083"
"UKC-03-022","Comprehensive Bibliography of the Commons","","specialist bibliography","direct","operating at book date","69","3","A Framework for Analyzing the Knowledge Commons","note","Searchable commons bibliography used to locate rules research.","http://dlc.dlib.indiana.edu/cpr/index.php","PC-0061"
"UKC-03-023","Open Citation Project","","open-access impact research project","enabler","operating at book date","69-70","3","A Framework for Analyzing the Knowledge Commons","note","Maintains a bibliography of visibility, usage, and citation-impact studies.","http://opcit.eprints.org/oacitation-biblio.html","PC-0229"
"UKC-03-024","OAIster","","metadata aggregation and discovery service","enabler","operating at book date","70","3","A Framework for Analyzing the Knowledge Commons","note","Harvests repository metadata from hundreds of institutions.","http://oaister.umdl.umich.edu/o/oaister/","PC-0218"
"UKC-03-025","Science Citation Index","","citation index","analogy","operating at book date","69","3","A Framework for Analyzing the Knowledge Commons","note","Commercial/global journal index used to show developing-country visibility gaps.","","PC-0283"
"UKC-04-001","Dialog","","commercial bibliographic database","analogy","historical operating system","87","4","Countering Enclosure: Reclaiming the Knowledge Commons","narrative","Lockheed indexing system used to trace government-supported information privatization.","","PC-0079"
"UKC-04-002","Federal Depository Library Program","","government-information distribution network","direct","operating at book date","87","4","Countering Enclosure: Reclaiming the Knowledge Commons","narrative","Public distribution and preservation channel for government publications.","","PC-0117"
"UKC-04-003","Lexis/Nexis","","commercial information database","analogy","operating at book date","88","4","Countering Enclosure: Reclaiming the Knowledge Commons","narrative","Licensed database illustrating restrictions on use, lending, and preservation.","","PC-0168"
"UKC-04-004","ScienceDirect","Science Direct","commercial journal database","analogy","operating at book date","88","4","Countering Enclosure: Reclaiming the Knowledge Commons","narrative","Licensed database illustrating restrictions on use, lending, and preservation.","","PC-0285"
"UKC-04-005","Nuclear Physics","","subscription journal","analogy","operating at book date","88","4","Countering Enclosure: Reclaiming the Knowledge Commons","narrative","High-priced commercial journal used to illustrate enclosure.","","PC-0216"
"UKC-04-006","Brain Research","","subscription journal","analogy","operating at book date","88","4","Countering Enclosure: Reclaiming the Knowledge Commons","narrative","High-priced commercial journal used to illustrate enclosure.","","PC-0038"
"UKC-04-007","Tetrahedron Letters","","subscription journal","analogy","operating at book date","88","4","Countering Enclosure: Reclaiming the Knowledge Commons","narrative","High-priced commercial journal used to illustrate enclosure.","","PC-0304"
"UKC-04-008","Scholarly Publishing and Academic Resources Coalition","SPARC","scholarly-communication coalition","enabler","operating at book date","95-96, 102, 113, 117-118, 121","4","Countering Enclosure: Reclaiming the Knowledge Commons","narrative","Incubates lower-cost publishing alternatives and advocates scholarly-communication reform.","","PC-0278"
"UKC-04-009","AnthroSource","","disciplinary portal and digital collection","direct","operating at book date","95-96, 117","4","Countering Enclosure: Reclaiming the Knowledge Commons","narrative","American Anthropological Association portal providing online anthropology resources.","","PC-0015"
"UKC-04-010","AnthroCommons","","disciplinary portal","direct","operating at book date","95","4","Countering Enclosure: Reclaiming the Knowledge Commons","narrative","Companion commons portal designed around anthropologists' work practices.","","PC-0014"
"UKC-04-011","American Anthropological Association","AAA","scholarly association and project steward","enabler","operating at book date","95-96","4","Countering Enclosure: Reclaiming the Knowledge Commons","narrative","Governed and supplied the professional community for AnthroSource and AnthroCommons.","","PC-0006"
"UKC-04-012","University of California Press","","scholarly publisher and project partner","enabler","operating at book date","96","4","Countering Enclosure: Reclaiming the Knowledge Commons","narrative","Collaborated with the AAA on the AnthroSource portal.","","PC-0319"
"UKC-04-013","Andrew W. Mellon Foundation","","foundation and funder","enabler","operating at book date","96, 100, 107","4","Countering Enclosure: Reclaiming the Knowledge Commons","narrative","Funded AnthroSource and the Portico and LOCKSS preservation prototypes.","","PC-0013"
"UKC-04-014","SPARC Open Access Newsletter","","newsletter and advocacy resource","enabler","operating at book date","96, 118","4","Countering Enclosure: Reclaiming the Knowledge Commons","note","Open-access news and advocacy newsletter edited by Peter Suber.","http://www.earlham.edu/~peters/fos/","PC-0299"
"UKC-04-015","Budapest Open Access Initiative","BOAI","open-access initiative","direct","operating at book date","96, 118","4","Countering Enclosure: Reclaiming the Knowledge Commons","narrative","Provides OA leadership, software, technical standards, funding, and business-planning guidance.","http://www.soros.org/openaccess/","PC-0039"
"UKC-04-016","Open Society Institute","Soros Foundation's Open Society Institute","foundation and open-access enabler","enabler","operating at book date","96, 107","4","Countering Enclosure: Reclaiming the Knowledge Commons","narrative","Created the Budapest Open Access Initiative and supplied funding and assistance to open-access journals.","","PC-0234"
"UKC-04-017","Cell Biology Education","","open-access journal","example","operating at book date","96","4","Countering Enclosure: Reclaiming the Knowledge Commons","narrative","Named example among operating open-access journals.","","PC-0043"
"UKC-04-018","Journal of Arabic and Islamic Studies","","open-access journal","example","operating at book date","96","4","Countering Enclosure: Reclaiming the Knowledge Commons","narrative","Named example among operating open-access journals.","","PC-0163"
"UKC-04-019","The New England Journal of Political Science","","open-access journal","example","operating at book date","96","4","Countering Enclosure: Reclaiming the Knowledge Commons","narrative","Named example among operating open-access journals.","","PC-0306"
"UKC-04-020","BioMed Central","BMC","open-access publisher and journal platform","direct","operating at book date","96, 107, 121","4","Countering Enclosure: Reclaiming the Knowledge Commons","narrative","Peer-reviewed scientific OA publisher using author fees, advertising, and institutional support.","","PC-0033"
"UKC-04-021","Public Library of Science","PLoS","open-access publisher","direct","operating at book date","96, 118","4","Countering Enclosure: Reclaiming the Knowledge Commons","narrative","Nonprofit scientific publishing initiative established around open access.","http://www.plos.org/","PC-0263"
"UKC-04-022","Gordon and Betty Moore Foundation","","foundation and funder","enabler","operating at book date","96","4","Countering Enclosure: Reclaiming the Knowledge Commons","narrative","Supplied the founding grant for the Public Library of Science.","","PC-0134"
"UKC-04-023","PLoS Biology","","open-access journal","direct","operating at book date","96","4","Countering Enclosure: Reclaiming the Knowledge Commons","narrative","First PLoS open-access journal.","","PC-0249"
"UKC-04-024","BioOne","","open-access publishing partnership","direct","operating at book date","96-97","4","Countering Enclosure: Reclaiming the Knowledge Commons","narrative","Partnership among scientific societies, academe, commerce, and libraries.","","PC-0035"
"UKC-04-025","National Institutes of Health public-access archive policy","","public-access policy","enabler","policy in operation at book date","97","4","Countering Enclosure: Reclaiming the Knowledge Commons","narrative","Supports deposit of accepted NIH-funded manuscripts in PubMed Central.","","PC-0203"
"UKC-04-026","PubMed Central","","full-text biomedical archive","direct","operating at book date","97","4","Countering Enclosure: Reclaiming the Knowledge Commons","narrative","National Library of Medicine archive for NIH-supported manuscripts.","","PC-0267"
"UKC-04-027","National Library of Medicine","NLM","national biomedical library","enabler","operating at book date","97","4","Countering Enclosure: Reclaiming the Knowledge Commons","narrative","Operates PubMed Central as the archive for NIH-supported manuscripts.","","PC-0206"
"UKC-04-028","Open Archives Initiative","OAI","interoperability initiative and protocol","enabler","operating at book date","97, 118","4","Countering Enclosure: Reclaiming the Knowledge Commons","narrative","Low-barrier repository interoperability and metadata dissemination initiative.","http://www.openarchives.org/","PC-0227"
"UKC-04-029","DSpace","","repository software and institutional repository","direct","operating at book date","97, 119","4","Countering Enclosure: Reclaiming the Knowledge Commons","narrative","MIT open-source platform for capture, discovery, distribution, and preservation.","http://www.dspace.org/","PC-0090"
"UKC-04-030","Hewlett-Packard","Hewlett-Packard Labs","technology company and project funder","enabler","operating at book date","97","4","Countering Enclosure: Reclaiming the Knowledge Commons","narrative","Funded the launch of DSpace as an open-source repository platform.","","PC-0138"
"UKC-04-031","Érudit","","institutional digital repository","direct","operating at book date","97, 118","4","Countering Enclosure: Reclaiming the Knowledge Commons","narrative","University of Montreal digital repository.","http://www.erudit.org","PC-0111"
"UKC-04-032","eScholarship","","institutional repository and publishing platform","direct","operating at book date","97, 118","4","Countering Enclosure: Reclaiming the Knowledge Commons","narrative","University of California Digital Library repository.","http://repositories.cdlib.org/escholarship/","PC-0112"
"UKC-04-033","University of California Digital Library","California Digital Library","digital library system","enabler","operating at book date","97","4","Countering Enclosure: Reclaiming the Knowledge Commons","narrative","Sponsors the eScholarship institutional repository.","","PC-0318"
"UKC-04-034","Institutional Repository of Utrecht University","DISPUTE","institutional repository","direct","operating at book date","97, 118","4","Countering Enclosure: Reclaiming the Knowledge Commons","narrative","Utrecht University repository cited as a federated DSpace-like system.","http://dispute.library.uu.nl/","PC-0150"
"UKC-04-035","Coalition for Networked Information","CNI","network and coalition","enabler","operating at book date","97","4","Countering Enclosure: Reclaiming the Knowledge Commons","narrative","Networked-information organization whose director frames institutional repositories.","","PC-0055"
"UKC-04-036","Los Alamos ArXiv.org","arXiv.org | Los Alamos e-Print Archive","disciplinary e-print archive","direct","operating at book date","98, 119","4","Countering Enclosure: Reclaiming the Knowledge Commons","narrative","Physics and related-science preprint archive maintained by Cornell.","http://www.arxiv.org/","PC-0180"
"UKC-04-037","Cornell University Libraries","","research-library repository steward","enabler","operating at book date","98","4","Countering Enclosure: Reclaiming the Knowledge Commons","narrative","Maintains the arXiv e-print archive.","","PC-0067"
"UKC-04-038","EconWPA","","disciplinary repository","direct","operating at book date","98, 119","4","Countering Enclosure: Reclaiming the Knowledge Commons","narrative","Economics working-paper archive.","http://econwpa.wustl.edu/","PC-0102"
"UKC-04-039","Oxford Text Archive","","disciplinary text archive","direct","operating at book date","98, 119","4","Countering Enclosure: Reclaiming the Knowledge Commons","narrative","Digital text archive for disciplinary research.","http://ota.ahds.ac.uk/","PC-0242"
"UKC-04-040","PhilSci Archive","PhilSci-Archive","disciplinary repository","direct","operating at book date","98, 119","4","Countering Enclosure: Reclaiming the Knowledge Commons","narrative","Philosophy-of-science repository.","http://philsci-archive.pitt.edu/","PC-0247"
"UKC-04-041","NELLCO Legal Scholarship Repository","","disciplinary repository","direct","operating at book date","119","4","Countering Enclosure: Reclaiming the Knowledge Commons","note","Legal-scholarship repository named in the repository survey.","http://lsr.nellco.org","PC-0212"
"UKC-04-042","Networked Digital Library of Theses and Dissertations","NDLTD","digital library and repository network","direct","operating at book date","98, 119","4","Countering Enclosure: Reclaiming the Knowledge Commons","narrative","Networked repository for electronic theses and dissertations.","http://www.ndltd.org/","PC-0213"
"UKC-04-043","Conservation Commons","","disciplinary knowledge commons","direct","operating at book date","98, 119","4","Countering Enclosure: Reclaiming the Knowledge Commons","narrative","Conservation knowledge repository and commons.","http://www.conservationcommons.org","PC-0064"
"UKC-04-044","Digital Library of the Commons","DLC","disciplinary digital library","direct","operating at book date","98, 119","4","Countering Enclosure: Reclaiming the Knowledge Commons","narrative","Interdisciplinary commons research repository.","http://dlc.dlib.indiana.edu/","PC-0083"
"UKC-04-045","RoMEO Project","Project RoMEO","publisher-policy research project","enabler","operating at book date","98, 119","4","Countering Enclosure: Reclaiming the Knowledge Commons","narrative","Researches journal permissions for author self-archiving.","http://www.lboro.ac.uk/departments/ls/disresearch/romeo/","PC-0273"
"UKC-04-046","EPrints.org","","repository software and self-archiving resource","enabler","operating at book date","119","4","Countering Enclosure: Reclaiming the Knowledge Commons","note","Self-archiving and open-archives software resource.","http://www.eprints.org/","PC-0110"
"UKC-04-047","Google Print","","mass-digitization and discovery project","analogy","operating at book date","99","4","Countering Enclosure: Reclaiming the Knowledge Commons","narrative","Library digitization partnership challenged on copyright grounds.","","PC-0131"
"UKC-04-048","Amazon pay-per-view full-text program","","commercial digital-book service","analogy","operating at book date","99","4","Countering Enclosure: Reclaiming the Knowledge Commons","narrative","Commercial proposal for licensed full-text access.","","PC-0004"
"UKC-04-049","Random House pay-per-view full-text program","","commercial digital-book service","analogy","operating at book date","99","4","Countering Enclosure: Reclaiming the Knowledge Commons","narrative","Commercial proposal for licensed full-text access.","","PC-0268"
"UKC-04-050","Microsoft pay-per-view full-text program","","commercial digital-book service","analogy","operating at book date","99","4","Countering Enclosure: Reclaiming the Knowledge Commons","narrative","Commercial proposal for licensed full-text access.","","PC-0191"
"UKC-04-051","Open Content Alliance","OCA","collaborative digital-library initiative","direct","operating at book date","99, 119","4","Countering Enclosure: Reclaiming the Knowledge Commons","narrative","Multi-sector partnership providing universal access to public-domain and open collections.","http://www.opencontentalliance.org/","PC-0230"
"UKC-04-052","Internet Archive","","web archive and project founder","enabler","operating at book date","99","4","Countering Enclosure: Reclaiming the Knowledge Commons","narrative","Established the Open Content Alliance and convened its multi-sector partners.","","PC-0154"
"UKC-04-053","Yahoo","","search and access platform","enabler","operating at book date","99","4","Countering Enclosure: Reclaiming the Knowledge Commons","narrative","Planned discovery and delivery layer for Open Content Alliance collections.","","PC-0342"
"UKC-04-054","Distributed Open Digital Library","DODL","collaborative digital-library initiative","direct","under development at book date","99","4","Countering Enclosure: Reclaiming the Knowledge Commons","narrative","Research-library collaboration for public-domain humanities and social-science collections.","","PC-0088"
"UKC-04-055","Common Information Environment Group","","public-sector information consortium","direct","forming at book date","99, 120","4","Countering Enclosure: Reclaiming the Knowledge Commons","narrative","United Kingdom consortium intended to serve a broad learner audience.","","PC-0059"
"UKC-04-056","National Science Digital Library","NSDL","collaborative science digital library","direct","operating at book date","99, 120","4","Countering Enclosure: Reclaiming the Knowledge Commons","narrative","NSF-supported national library of science learning content and services.","http://nsdl.org/about/index.php","PC-0207"
"UKC-04-057","National Science Foundation","NSF","science agency and digital-library sponsor","enabler","operating at book date","99","4","Countering Enclosure: Reclaiming the Knowledge Commons","narrative","Worked across sectors to develop the National Science Digital Library.","","PC-0208"
"UKC-04-058","Digital Promise Project","","digitization initiative","direct","proposed at book date","99","4","Countering Enclosure: Reclaiming the Knowledge Commons","narrative","Proposal to fund digitization of university, library, and museum content.","","PC-0085"
"UKC-04-059","Digital Opportunity Investment Trust","DO IT","public digital-content trust","direct","proposed at book date","99-100, 120","4","Countering Enclosure: Reclaiming the Knowledge Commons","narrative","Proposed spectrum-funded trust for public-private digitization partnerships.","","PC-0084"
"UKC-04-060","Portico","","third-party preservation archive","direct","operating at book date","100","4","Countering Enclosure: Reclaiming the Knowledge Commons","narrative","Trusted third party preserving publishers' electronic source files.","","PC-0251"
"UKC-04-061","LOCKSS","Lots Of Copies Keeps Stuff Safe","distributed preservation system","direct","operating at book date","100, 120","4","Countering Enclosure: Reclaiming the Knowledge Commons","narrative","Library-controlled distributed copying system for preserving journal and web content.","http://lockss.stanford.edu/","PC-0179"
"UKC-04-062","Stanford University","","university and preservation-system developer","enabler","operating at book date","100","4","Countering Enclosure: Reclaiming the Knowledge Commons","narrative","Developed the LOCKSS preservation system.","","PC-0301"
"UKC-04-063","University of Arizona information commons","","campus information commons","direct","operating at book date","101","4","Countering Enclosure: Reclaiming the Knowledge Commons","narrative","Shared library, teaching-center, and computing facility.","","PC-0317"
"UKC-04-064","Indiana University Information Commons","","campus information commons","direct","operating at book date","101","4","Countering Enclosure: Reclaiming the Knowledge Commons","narrative","Technology and information center combining workstations, consultation, resources, and multimedia production.","","PC-0145"
"UKC-04-065","IUPUI first-year learning commons","","campus learning commons","direct","operating at book date","101","4","Countering Enclosure: Reclaiming the Knowledge Commons","narrative","Collaborative learning commons supporting first-year seminars and critical thinking.","","PC-0158"
"UKC-04-066","American Library Association","ALA","library association","enabler","operating at book date","101-102, 114-115","4","Countering Enclosure: Reclaiming the Knowledge Commons","narrative","Collective policy, litigation, intellectual-freedom, and public-access advocate.","","PC-0009"
"UKC-04-067","Information Access Alliance","","library advocacy alliance","enabler","operating at book date","102, 113, 121","4","Countering Enclosure: Reclaiming the Knowledge Commons","narrative","Six-group alliance promoting antitrust scrutiny of scholarly and legal publishing mergers.","http://www.informationaccess.org/","PC-0147"
"UKC-04-068","Association of Research Libraries","ARL","research-library association","enabler","operating at book date","102, 113, 121","4","Countering Enclosure: Reclaiming the Knowledge Commons","narrative","Library association coordinating scholarly-communication reform.","","PC-0025"
"UKC-04-069","Association of College and Research Libraries","ACRL","academic-library association","enabler","operating at book date","102, 113, 121","4","Countering Enclosure: Reclaiming the Knowledge Commons","narrative","Academic-library association coordinating reform campaigns and toolkits.","","PC-0024"
"UKC-04-070","Create Change","","scholarly-communication campaign","enabler","operating at book date","102, 113, 121","4","Countering Enclosure: Reclaiming the Knowledge Commons","narrative","Public-relations campaign explaining the scholarly-communication crisis.","http://www.arl.org/create/resources/CreateChange2003.pdf","PC-0068"
"UKC-04-071","Scholarly Communication Toolkit","","advocacy toolkit","enabler","operating at book date","102, 121","4","Countering Enclosure: Reclaiming the Knowledge Commons","narrative","ACRL toolkit supporting education and reform of scholarly communication.","http://www.ala.org/ala/acrl/acrlissues/scholarlycomm/scholarlycommunicationtoolkit/toolkit.htm","PC-0277"
"UKC-04-072","Creative Commons","","licensing commons","direct","operating at book date","102-103, 121","4","Countering Enclosure: Reclaiming the Knowledge Commons","narrative","Flexible rights licenses supporting public-domain dedication and public reuse.","http://creativecommons.org/","PC-0069"
"UKC-04-073","Center for the Public Domain","","foundation and public-domain center","enabler","operating at book date","103","4","Countering Enclosure: Reclaiming the Knowledge Commons","narrative","Provided support for Creative Commons.","","PC-0046"
"UKC-04-074","Committee on Institutional Cooperation","CIC","university consortium","enabler","operating at book date","108","4","Countering Enclosure: Reclaiming the Knowledge Commons","narrative","Recommended interinstitutional strategies for scholarly-communication reform.","","PC-0058"
"UKC-04-075","info-commons.org","","information-commons website","direct","operating at book date","112","4","Countering Enclosure: Reclaiming the Knowledge Commons","narrative","Website articulating balance between information commerce and public access.","http://info-commons.org","PC-0146"
"UKC-04-076","Directory of Open Access Journals","DOAJ","open-journal directory","direct","operating at book date","118","4","Countering Enclosure: Reclaiming the Knowledge Commons","note","Lund University Libraries directory of open-access journals.","http://www.doaj.org","PC-0087"
"UKC-04-077","Lund University Libraries","","research-library directory steward","enabler","operating at book date","118","4","Countering Enclosure: Reclaiming the Knowledge Commons","note","Creates and maintains the Directory of Open Access Journals.","","PC-0182"
"UKC-04-078","Free Online Scholarship Newsletter","","newsletter and advocacy resource","enabler","operating at book date","117","4","Countering Enclosure: Reclaiming the Knowledge Commons","note","Open scholarship newsletter linked as an OA information source.","http://www.earlham.edu/~peters/fos/","PC-0122"
"UKC-04-079","LibLicense Project","LibLicense | LibLicense-L","library-licensing information project","enabler","operating at book date","114","4","Countering Enclosure: Reclaiming the Knowledge Commons","note","Yale-hosted resources and discussion infrastructure for library licenses.","http://www.library.yale.edu/~llicense/index.shtml","PC-0169"
"UKC-04-080","AFFECT","","electronic-commerce coalition","enabler","operating at book date","114","4","Countering Enclosure: Reclaiming the Knowledge Commons","note","Coalition opposing restrictive electronic-commerce transaction rules.","http://www.affect.ucita.com/why.html","PC-0002"
"UKC-04-081","Public Knowledge","","public-interest organization","enabler","operating at book date","114, 117","4","Countering Enclosure: Reclaiming the Knowledge Commons","note","Public-interest advocate in broadcast-flag and information-commons policy.","http://www.publicknowledge.org/issues/current-issues/issue-broadcast-flag/","PC-0261"
"UKC-04-082","Center for Democracy and Technology","","public-interest organization","enabler","operating at book date","114","4","Countering Enclosure: Reclaiming the Knowledge Commons","note","Produced a public-interest primer on broadcast-flag enclosure.","http://www.cdt.org/copyright/031216broadcastflag.pdf","PC-0045"
"UKC-04-083","Free Expression Policy Project","","civil-liberties policy project","enabler","operating at book date","114-115","4","Countering Enclosure: Reclaiming the Knowledge Commons","note","Produced information-access and civil-liberties research and advocacy resources.","http://www.fepproject.org","PC-0121"
"UKC-04-084","Open Law Eldred v. Ashcroft website","","open legal archive","direct","operating at book date","114","4","Countering Enclosure: Reclaiming the Knowledge Commons","note","Harvard-hosted public archive of Eldred litigation materials.","http://cyber.law.harvard.edu/openlaw/eldredvashcroft/","PC-0233"
"UKC-04-085","American Library Association Eldred v. Ashcroft website","","legal-information website","direct","operating at book date","114","4","Countering Enclosure: Reclaiming the Knowledge Commons","note","ALA public resource on the copyright-term case.","","PC-0011"
"UKC-04-086","American Library Association CIPA website","","legal-information website","direct","operating at book date","115","4","Countering Enclosure: Reclaiming the Knowledge Commons","note","ALA public resource on the Children's Internet Protection Act.","http://www.ala.org/cipa","PC-0010"
"UKC-04-087","National Security Archive","","government-document archive","direct","operating at book date","115","4","Countering Enclosure: Reclaiming the Knowledge Commons","note","Public archive documenting changes in federal information-disclosure policy.","http://www.gwu.edu/%7Ensarchiv/NSAEBB/NSAEBB84/index.html","PC-0210"
"UKC-04-088","Information Security Oversight Office","","government information office","enabler","operating at book date","90-91, 115","4","Countering Enclosure: Reclaiming the Knowledge Commons","note","Tracks classification and declassification activity.","http://www.archives.gov/isoo/reports/2004-annual-report.html#10","PC-0148"
"UKC-04-089","MIT OpenCourseWare","","open educational resource initiative","direct","operating at book date","118","4","Countering Enclosure: Reclaiming the Knowledge Commons","note","MIT open-course initiative paired with DSpace as an intellectual-commons example.","","PC-0192"
"UKC-04-090","Trusted Digital Repositories","","repository standards report and framework","enabler","operating at book date","118","4","Countering Enclosure: Reclaiming the Knowledge Commons","note","Research Libraries Group and OCLC framework for trusted repositories.","http://www.rlg.org/longterm/repositories.pdf","PC-0311"
"UKC-04-091","Research Libraries Group","RLG","research-library organization","enabler","operating at book date","118","4","Countering Enclosure: Reclaiming the Knowledge Commons","note","Co-produced the Trusted Digital Repositories framework.","","PC-0271"
"UKC-04-092","OCLC","","library cooperative and standards organization","enabler","operating at book date","118","4","Countering Enclosure: Reclaiming the Knowledge Commons","note","Co-produced the Trusted Digital Repositories framework.","","PC-0219"
"UKC-04-093","Digital Library Federation","","digital-library federation","enabler","operating at book date","119","4","Countering Enclosure: Reclaiming the Knowledge Commons","note","Federation documenting digital-library development and supporting preservation.","","PC-0081"
"UKC-05-001","Library of Congress","","national library","direct","operating at book date","124-126, 128, 139","5","Mertonianism Unbound? Imagining Free, Decentralized Access to Most Cultural and Scientific Material","narrative","Central national-library case used to imagine open, decentralized access to cultural and scientific holdings.","","PC-0171"
"UKC-05-002","Library of Congress catalog","","national-library catalog","direct","operating at book date","124","5","Mertonianism Unbound? Imagining Free, Decentralized Access to Most Cultural and Scientific Material","narrative","Searchable catalog used to imagine click-through access to digitized holdings.","","PC-0172"
"UKC-05-003","Library of Congress digital photograph collection","","digital collection","direct","operating at book date","125","5","Mertonianism Unbound? Imagining Free, Decentralized Access to Most Cultural and Scientific Material","narrative","Digitized historical photographs with rights-based access restrictions.","","PC-0173"
"UKC-05-004","Library of Congress Edison film collection","","digital film collection","direct","operating at book date","125","5","Mertonianism Unbound? Imagining Free, Decentralized Access to Most Cultural and Scientific Material","narrative","Digitized collection of early Edison films.","","PC-0175"
"UKC-05-005","Google","","search and digitization platform","analogy","operating at book date","124, 129-131","5","Mertonianism Unbound? Imagining Free, Decentralized Access to Most Cultural and Scientific Material","narrative","Search engine illustrating decentralized fact discovery and web-scale filtering.","","PC-0130"
"UKC-05-006","Encyclopaedia Britannica","","reference work","analogy","operating at book date","129","5","Mertonianism Unbound? Imagining Free, Decentralized Access to Most Cultural and Scientific Material","narrative","Proprietary reference model contrasted with web search and collaborative knowledge.","","PC-0106"
"UKC-05-007","ScratchDJ.com phonograph-history site","","independent knowledge website","example","operating at book date","129-130","5","Mertonianism Unbound? Imagining Free, Decentralized Access to Most Cultural and Scientific Material","narrative","Lay-maintained factual history site used to illustrate frictionless fact sharing.","http://scratchdj.com","PC-0286"
"UKC-05-008","Samuel Berliner III's famous-Berliners site","","independent knowledge website","example","operating at book date","130","5","Mertonianism Unbound? Imagining Free, Decentralized Access to Most Cultural and Scientific Material","narrative","Lay-maintained biographical site used to illustrate decentralized factual production.","","PC-0275"
"UKC-05-009","Tommy's History of Western Technology","","independent knowledge website","example","operating at book date","130","5","Mertonianism Unbound? Imagining Free, Decentralized Access to Most Cultural and Scientific Material","narrative","Independent technical-history site used to illustrate reuse of uncopyrightable facts.","","PC-0310"
"UKC-05-010","National Inventors Hall of Fame","","biographical knowledge collection","example","operating at book date","130","5","Mertonianism Unbound? Imagining Free, Decentralized Access to Most Cultural and Scientific Material","narrative","Online inventor profile source reused within decentralized factual production.","","PC-0205"
"UKC-05-011","Electronic Design","","technical periodical","example","operating at book date","130, 141","5","Mertonianism Unbound? Imagining Free, Decentralized Access to Most Cultural and Scientific Material","note","Technical-history source feeding independent web histories.","http://www.elecdesign.com/","PC-0104"
"UKC-05-012","Wikipedia","","collaborative encyclopedia","direct","operating at book date","131-132, 141","5","Mertonianism Unbound? Imagining Free, Decentralized Access to Most Cultural and Scientific Material","narrative","Collectively created reference tool with open editing and lay peer review.","","PC-0334"
"UKC-05-013","Westlaw","","proprietary legal database","analogy","operating at book date","134","5","Mertonianism Unbound? Imagining Free, Decentralized Access to Most Cultural and Scientific Material","narrative","Closed specialist database illustrating a successful proprietary information ecology.","","PC-0333"
"UKC-05-014","Lexis","","proprietary legal database","analogy","operating at book date","135","5","Mertonianism Unbound? Imagining Free, Decentralized Access to Most Cultural and Scientific Material","narrative","Competing closed specialist legal information service.","","PC-0167"
"UKC-05-015","MEDLINE","","biomedical citation database","direct","operating at book date","136, 142","5","Mertonianism Unbound? Imagining Free, Decentralized Access to Most Cultural and Scientific Material","narrative","Biomedical database redesigned for wider public usefulness.","","PC-0186"
"UKC-05-016","MedlinePlus","Medline Plus","public medical-information portal","direct","operating at book date","142","5","Mertonianism Unbound? Imagining Free, Decentralized Access to Most Cultural and Scientific Material","note","National Library of Medicine portal translating biomedical information for lay users.","http://www.nlm.nih.gov/medlineplus/","PC-0187"
"UKC-05-017","PubMed","","biomedical citation and linking service","direct","operating at book date","142","5","Mertonianism Unbound? Imagining Free, Decentralized Access to Most Cultural and Scientific Material","note","National Library of Medicine citation service linking biomedical literature and full text.","http://www.ncbi.nlm.nih.gov/PubMed/","PC-0266"
"UKC-05-018","Budapest Open Access Initiative","BOAI","open-access initiative","direct","operating at book date","136, 142","5","Mertonianism Unbound? Imagining Free, Decentralized Access to Most Cultural and Scientific Material","narrative","Articulates worldwide free distribution of peer-reviewed research.","http://www.soros.org/openaccess/","PC-0039"
"UKC-05-019","Public Access to Science Act","PASA","public-access legislation","enabler","proposed legislation","136-137, 142","5","Mertonianism Unbound? Imagining Free, Decentralized Access to Most Cultural and Scientific Material","narrative","Proposed federal requirement for free public access to taxpayer-funded science.","","PC-0259"
"UKC-05-020","Project Gutenberg","","public-domain digital library","direct","operating at book date","137","5","Mertonianism Unbound? Imagining Free, Decentralized Access to Most Cultural and Scientific Material","narrative","Leading lay-enabled project digitizing and distributing public-domain texts.","","PC-0257"
"UKC-05-021","James Boyle author website","","open self-publication website","example","operating at book date","140","5","Mertonianism Unbound? Imagining Free, Decentralized Access to Most Cultural and Scientific Material","note","Hosts the chapter under a Creative Commons license.","http://james-boyle.com","PC-0159"
"UKC-05-022","Creative Commons Attribution-NonCommercial-NoDerivs license","","open-content license","enabler","operating at book date","140","5","Mertonianism Unbound? Imagining Free, Decentralized Access to Most Cultural and Scientific Material","note","License used for open distribution of the chapter.","http://creativecommons.org/licenses/by-nc-nd/2.5/","PC-0071"
"UKC-05-023","In the Public Interest: Open Access and Public Policy","","open-access forum","enabler","completed forum","142","5","Mertonianism Unbound? Imagining Free, Decentralized Access to Most Cultural and Scientific Material","note","ACRL/SPARC forum linking patient advocacy, public policy, and OA.","","PC-0144"
"UKC-06-001","Internet Archive","","web archive","direct","operating at book date","148, 151","6","Preserving the Knowledge Commons","narrative","Private nonprofit archive preserving portions of the web.","","PC-0154"
"UKC-06-002","Mellon e-journal preservation planning projects","","preservation program","direct","completed planning program","148-149, 156","6","Preserving the Knowledge Commons","narrative","Seven university-publisher planning projects that developed trusted e-journal archives.","","PC-0188"
"UKC-06-003","DSpace","","institutional repository software","direct","operating at book date","153","6","Preserving the Knowledge Commons","narrative","MIT platform for organizational and producer archives.","","PC-0090"
"UKC-06-004","Scholarly Publishing and Academic Resources Coalition","SPARC","scholarly-communication coalition","enabler","operating at book date","153","6","Preserving the Knowledge Commons","narrative","Advanced the producer-archive model for faculty publications.","","PC-0278"
"UKC-06-005","LibLicense-L","LibLicense","library-licensing discussion list","enabler","operating at book date","154-155, 165-166","6","Preserving the Knowledge Commons","narrative","Discussion infrastructure documenting publisher removal of digital articles.","http://www.library.yale.edu/~llicense/","PC-0170"
"UKC-06-006","Library of Congress distributed preservation network","","national preservation infrastructure","direct","developing model","156","6","Preserving the Knowledge Commons","narrative","Proposed distributed division of preservation labor across repositories and custodians.","","PC-0174"
"UKC-06-007","Portico","Portico electronic archiving service","third-party preservation archive","direct","operating at book date","156-159, 165","6","Preserving the Knowledge Commons","narrative","Ithaka/JSTOR-affiliated archive preserving publishers' electronic source files.","http://www.portico.org","PC-0251"
"UKC-06-008","Ithaka","","preservation organization","enabler","operating at book date","156","6","Preserving the Knowledge Commons","narrative","Institutional affiliate supporting Portico.","","PC-0157"
"UKC-06-009","JSTOR","","digital journal archive","direct","operating at book date","156, 161-162","6","Preserving the Knowledge Commons","narrative","Archival resource and moving-wall model for educational access.","","PC-0165"
"UKC-06-010","LOCKSS","Lots Of Copies Keeps Stuff Safe","distributed preservation system","direct","operating at book date","157-159, 166","6","Preserving the Knowledge Commons","narrative","Stanford library-controlled caching network for resilient journal preservation.","","PC-0179"
"UKC-06-011","ARTstor","","digital image archive","direct","operating at book date","161","6","Preserving the Knowledge Commons","narrative","Mellon-built archival resource licensing cultural images for education.","","PC-0021"
"UKC-06-012","Open Archives Initiative","OAI","repository interoperability initiative","analogy","operating at book date","160","6","Preserving the Knowledge Commons","narrative","Example of the broadened contemporary use of the word archive.","","PC-0227"
"UKC-06-013","JISC Digital Repositories Programme","","repository program","enabler","operating at book date","165","6","Preserving the Knowledge Commons","reference","United Kingdom program commissioning a digital-repositories review.","http://www.jisc.ac.uk/uploaded_documents/digital-repositories-review-2005.pdf","PC-0161"
"UKC-06-014","National Digital Information and Infrastructure Preservation Program","NDIIPP","national preservation program","direct","operating at book date","166","6","Preserving the Knowledge Commons","reference","Library of Congress national plan for distributed digital preservation.","http://www.digitalpreservation.gov/repor/ndiipp_plan.pdf","PC-0199"
"UKC-06-015","OCLC Research digital-preservation project","","preservation research project","enabler","operating at book date","165","6","Preserving the Knowledge Commons","reference","Produced economic analysis of incentives for preserving digital materials.","http://www.oclc.org/research/projects/digipres/incentives-dp.pdf","PC-0221"
"UKC-06-016","Task Force on Archiving of Digital Information","","preservation task force","enabler","operating at book date","167","6","Preserving the Knowledge Commons","reference","Produced a foundational report on preserving digital information.","http://www.rlg.org/ArchTF/","PC-0303"
"UKC-06-017","Commission on Preservation and Access","","preservation organization","enabler","operating at book date","167","6","Preserving the Knowledge Commons","reference","Co-sponsored the digital-archiving task force.","","PC-0057"
"UKC-06-018","Research Libraries Group","","research-library organization","enabler","operating at book date","167","6","Preserving the Knowledge Commons","reference","Co-sponsored the digital-archiving task force and preservation standards.","http://www.rlg.org/ArchTF/","PC-0271"
"UKC-07-001","Budapest Open Access Initiative","BOAI","open-access initiative","direct","operating at book date","171, 198","7","Creating an Intellectual Commons through Open Access","narrative","Defines OA and supplies a movement-wide statement of permitted uses.","http://www.soros.org/openaccess/read.shtml","PC-0039"
"UKC-07-002","Open Archives Initiative","OAI","interoperability initiative and protocol","enabler","operating at book date","173, 198","7","Creating an Intellectual Commons through Open Access","narrative","Metadata-harvesting protocol making distributed OA archives interoperable.","http://www.openarchives.org/","PC-0227"
"UKC-07-003","Philosophers' Imprint","","open-access journal","direct","operating at book date","174","7","Creating an Intellectual Commons through Open Access","narrative","University of Michigan peer-reviewed journal edited by philosophers and published by librarians.","","PC-0246"
"UKC-07-004","BioMed Central","BMC","open-access publisher and journal platform","direct","operating at book date","183, 198, 202-203","7","Creating an Intellectual Commons through Open Access","narrative","OA publisher using external archiving and Creative Commons licensing.","","PC-0033"
"UKC-07-005","Public Library of Science","PLoS","open-access publisher","direct","operating at book date","183, 198, 201, 203","7","Creating an Intellectual Commons through Open Access","narrative","Major OA publisher using external archives and Creative Commons licensing.","","PC-0263"
"UKC-07-006","Creative Commons Attribution license","","open-content license","enabler","operating at book date","198","7","Creating an Intellectual Commons through Open Access","note","License used by BMC, PLoS, and OA authors.","","PC-0070"
"UKC-07-007","SPARC Open Access Newsletter","","newsletter and advocacy resource","enabler","operating at book date","197-207","7","Creating an Intellectual Commons through Open Access","note","Open-access analysis, documentation, and movement current-awareness publication.","http://www.earlham.edu/~peters/fos/newsletter/archive.htm","PC-0299"
"UKC-07-008","Open Access Overview","","open-access reference guide","enabler","operating at book date","198","7","Creating an Intellectual Commons through Open Access","note","Introductory guide for readers new to open access.","http://www.earlham.edu/~peters/fos/overview.htm","PC-0225"
"UKC-07-009","Bethesda Statement on Open Access Publishing","","open-access declaration","enabler","declaration under implementation","198-199","7","Creating an Intellectual Commons through Open Access","note","Stakeholder statement defining OA publishing and calling for funder policies.","http://www.earlham.edu/~peters/fos/bethesda.htm","PC-0031"
"UKC-07-010","Howard Hughes Medical Institute open-access policy","","funder OA policy","enabler","policy in operation at book date","199","7","Creating an Intellectual Commons through Open Access","note","Medical research funder policy paying publication fees and supporting OA.","","PC-0141"
"UKC-07-011","Wellcome Trust open-access policy","","funder OA policy","enabler","policy in operation at book date","199","7","Creating an Intellectual Commons through Open Access","note","British medical research funder policy paying publication fees and supporting OA.","","PC-0332"
"UKC-07-012","Timeline of the Open Access Movement","","movement chronology","enabler","operating at book date","199, 206","7","Creating an Intellectual Commons through Open Access","note","Peter Suber's chronology of OA journals, policies, and declarations.","http://www.earlham.edu/~peters/fos/timeline.htm","PC-0308"
"UKC-07-013","Free Online Scholarship Newsletter","","newsletter and advocacy resource","enabler","operating at book date","200, 207","7","Creating an Intellectual Commons through Open Access","note","Predecessor/current-awareness publication documenting OA and public-domain issues.","","PC-0122"
"UKC-07-014","Project SHERPA","SHERPA/RoMEO","open-access policy project","enabler","operating at book date","200","7","Creating an Intellectual Commons through Open Access","note","Maintains the RoMEO database of publisher copyright and archiving policies.","http://www.sherpa.ac.uk/romeo.php","PC-0258"
"UKC-07-015","Public Access to Science Act","PASA","public-access legislation","enabler","proposed legislation","179-180, 200","7","Creating an Intellectual Commons through Open Access","narrative","Proposed OA mandate for government-funded research using public-domain status.","","PC-0259"
"UKC-07-016","PLoS Biology","","open-access journal","direct","operating at book date","192, 201","7","Creating an Intellectual Commons through Open Access","narrative","High-profile PLoS journal used to demonstrate OA visibility and prestige.","","PC-0249"
"UKC-07-017","BMC Journal of Biology","Journal of Biology","open-access journal","direct","operating at book date","192","7","Creating an Intellectual Commons through Open Access","narrative","BMC journal used to demonstrate prestige-building through eminent editorial boards.","","PC-0036"
"UKC-07-018","PubMed Central","","full-text biomedical archive","direct","operating at book date","205","7","Creating an Intellectual Commons through Open Access","note","OA archive receiving final manuscripts under NIH policy.","","PC-0267"
"UKC-07-019","Yahoo open-access indexing program","","search indexing initiative","enabler","announced program","184, 202","7","Creating an Intellectual Commons through Open Access","note","Program intended to index OA content in enhanced form.","","PC-0344"
"UKC-07-020","Google Print Library Project","","mass-digitization and discovery project","analogy","operating at book date","202","7","Creating an Intellectual Commons through Open Access","note","Search-company library digitization initiative cited in OA transition discussion.","http://www.google.com/press/pressrel/print_library.html","PC-0132"
"UKC-07-021","Nucleic Acids Research","NAR","open-access journal","direct","converted to OA at book date","203","7","Creating an Intellectual Commons through Open Access","narrative","Established Oxford University Press journal converted fully to OA.","","PC-0217"
"UKC-07-022","Bioline","","developing-world journal platform","direct","operating at book date","206","7","Creating an Intellectual Commons through Open Access","note","OA-oriented scientific publishing and distribution service for developing regions.","http://www.bioline.org.br/","PC-0032"
"UKC-07-023","Electronic Publishing Trust for Development","","publishing-support trust","enabler","operating at book date","206","7","Creating an Intellectual Commons through Open Access","note","Supports electronic scholarly publishing in developing regions.","http://www.epublishingtrust.org/","PC-0105"
"UKC-07-024","International Network for the Availability of Scientific Publications","INASP","publishing-access network","enabler","operating at book date","206","7","Creating an Intellectual Commons through Open Access","note","Network expanding access to and production of scientific publications.","http://www.inasp.info/","PC-0153"
"UKC-07-025","SciDev.Net","","science-development knowledge portal","direct","operating at book date","206","7","Creating an Intellectual Commons through Open Access","note","Scientific information portal serving development contexts.","http://www.scidev.net/","PC-0280"
"UKC-07-026","SciELO","","open-access journal platform and library","direct","operating at book date","206","7","Creating an Intellectual Commons through Open Access","note","Electronic scientific library and journal platform.","http://www.scielo.br/","PC-0281"
"UKC-07-027","Declaration of San José","","open-access declaration","enabler","completed declaration","206","7","Creating an Intellectual Commons through Open Access","note","Public statement supporting access to scientific information in developing countries.","","PC-0075"
"UKC-07-028","Declaration on Science and the Use of Scientific Knowledge","","science-access declaration","enabler","completed declaration","206","7","Creating an Intellectual Commons through Open Access","note","Public statement supporting scientific knowledge access.","","PC-0076"
"UKC-07-029","Declaration of Havana","","open-access declaration","enabler","completed declaration","206","7","Creating an Intellectual Commons through Open Access","note","Public statement supporting scientific information access.","","PC-0074"
"UKC-07-030","Beijing Declaration","","open-access declaration","enabler","completed declaration","206","7","Creating an Intellectual Commons through Open Access","note","Public statement supporting scientific information access.","","PC-0028"
"UKC-07-031","IAP Statement on Access to Scientific Information","","science-access statement","enabler","completed statement","206","7","Creating an Intellectual Commons through Open Access","note","Academies' statement supporting access to scientific information.","","PC-0142"
"UKC-07-032","Valparaiso Declaration","","open-access declaration","enabler","completed declaration","206","7","Creating an Intellectual Commons through Open Access","note","Public statement supporting scientific information access.","","PC-0330"
"UKC-07-033","Declaration from Buenos Aires","","open-access declaration","enabler","completed declaration","206","7","Creating an Intellectual Commons through Open Access","note","Public statement supporting scientific information access.","","PC-0073"
"UKC-07-034","Library-Related Principles for the International Development Agenda of WIPO","","library policy principles","enabler","completed principles","206","7","Creating an Intellectual Commons through Open Access","note","Library principles connecting access and WIPO's development agenda.","","PC-0176"
"UKC-07-035","Salvador Declaration","","open-access declaration","enabler","completed declaration","206","7","Creating an Intellectual Commons through Open Access","note","Public statement supporting scientific information access.","","PC-0274"
"UKC-07-036","University Actions against High Journal Prices","","advocacy catalog","enabler","operating at book date","202","7","Creating an Intellectual Commons through Open Access","note","Catalog of university cancellation and resistance actions.","http://www.earlham.edu/~peters/fos/lists.htm#actions","PC-0316"
"UKC-07-037","National Academies Press open-access book program","NAP","open-access publisher","direct","operating at book date","196, 207","7","Creating an Intellectual Commons through Open Access","narrative","Provides free online full text alongside print sales.","http://www.nap.edu/","PC-0197"
"UKC-07-038","Ludwig von Mises Institute open-access book program","Ludwig von Mises Institute","open-access publisher","direct","operating at book date","196, 207","7","Creating an Intellectual Commons through Open Access","narrative","Provides free online monographs alongside print sales.","http://www.mises.org/","PC-0181"
"UKC-07-039","Baen Free Library","","open-access digital book library","direct","operating at book date","196-197","7","Creating an Intellectual Commons through Open Access","narrative","Provides free online science-fiction novels to support discovery and print sales.","","PC-0027"
"UKC-07-040","Amazon Search Inside the Book","","commercial book-discovery service","analogy","operating at book date","196","7","Creating an Intellectual Commons through Open Access","narrative","Free full-text search and sampling service intended to increase print sales.","","PC-0005"
"UKC-07-041","BioMed Central Open Access Charter","","publisher policy charter","enabler","operating at book date","202","7","Creating an Intellectual Commons through Open Access","note","BMC statement of open-access commitments.","http://www.biomedcentral.com/info/about/charter","PC-0034"
"UKC-07-042","National Institutes of Health public-access policy","","public-access policy","enabler","policy in operation at book date","205","7","Creating an Intellectual Commons through Open Access","note","Requests NIH grantees to deposit accepted manuscripts in PubMed Central.","","PC-0204"
"UKC-07-043","World Summit on the Information Society OA advocacy","WSIS","international policy process","enabler","operating at book date","200","7","Creating an Intellectual Commons through Open Access","note","Venue for negotiations seeking a meaningful international OA endorsement.","","PC-0341"
"UKC-08-001","Copyright Clearance Center","","rights-clearance infrastructure","enabler","operating at book date","222","8","How to Build a Commons: Is Intellectual Property Constrictive, Facilitating, or Irrelevant?","narrative","Collective licensing organization reducing transaction costs for copyright permissions.","","PC-0065"
"UKC-08-002","U.S. Patent and Trademark Office","","public rights registry","enabler","operating at book date","222","8","How to Build a Commons: Is Intellectual Property Constrictive, Facilitating, or Irrelevant?","narrative","Government administrative infrastructure for patent rights.","","PC-0312"
"UKC-08-003","Screenwriters Federation of America","","professional association","enabler","operating at book date","221","8","How to Build a Commons: Is Intellectual Property Constrictive, Facilitating, or Irrelevant?","narrative","Professional rules help resolve attribution and ownership.","","PC-0288"
"UKC-08-004","Directors Guild of America","","professional association","enabler","operating at book date","221","8","How to Build a Commons: Is Intellectual Property Constrictive, Facilitating, or Irrelevant?","narrative","Professional rules help resolve attribution and ownership.","","PC-0086"
"UKC-08-005","Screen Actors Guild","","professional association","enabler","operating at book date","221","8","How to Build a Commons: Is Intellectual Property Constrictive, Facilitating, or Irrelevant?","narrative","Professional rules help resolve attribution and ownership.","","PC-0287"
"UKC-08-006","Work Projects Administration state guides","WPA guides","public cultural-knowledge project","direct","operating at book date","232-233","8","How to Build a Commons: Is Intellectual Property Constrictive, Facilitating, or Irrelevant?","narrative","Government-produced regional guides documenting state history and culture.","","PC-0336"
"UKC-08-007","United States Holocaust Memorial Museum","Holocaust Museum","cultural memory institution","direct","operating at book date","233","8","How to Build a Commons: Is Intellectual Property Constrictive, Facilitating, or Irrelevant?","narrative","Public cultural institution used as an example of preserving minority history.","","PC-0315"
"UKC-08-008","Native American Graves Protection and Repatriation Act","NAGPRA","cultural-governance infrastructure","enabler","operating at book date","233-234","8","How to Build a Commons: Is Intellectual Property Constrictive, Facilitating, or Irrelevant?","narrative","Legal infrastructure for repatriating and preserving cultural artifacts.","","PC-0211"
"UKC-08-009","Napster","","peer-to-peer file-sharing service","analogy","historical service","237-238, 243","8","How to Build a Commons: Is Intellectual Property Constrictive, Facilitating, or Irrelevant?","narrative","File-sharing system used to analyze technological commons, markets, and fair use.","","PC-0196"
"UKC-08-010","Grokster","","peer-to-peer file-sharing service","analogy","historical service","235-238, 243","8","How to Build a Commons: Is Intellectual Property Constrictive, Facilitating, or Irrelevant?","narrative","File-sharing service and litigation used to analyze copying-technology governance.","","PC-0136"
"UKC-08-011","Sony Betamax/VCR platform","","copying technology","analogy","operating at book date","236-237","8","How to Build a Commons: Is Intellectual Property Constrictive, Facilitating, or Irrelevant?","narrative","Copying technology establishing the substantial-noninfringing-use framework.","","PC-0296"
"UKC-08-012","Food and Drug Administration approval system","FDA","regulatory infrastructure","enabler","operating at book date","214, 239-242","8","How to Build a Commons: Is Intellectual Property Constrictive, Facilitating, or Irrelevant?","narrative","Drug-approval system interacting with patents and experimental-use rules.","","PC-0120"
"UKC-08-013","Bolar Amendment","","research-use legislation","enabler","enacted law","239-242","8","How to Build a Commons: Is Intellectual Property Constrictive, Facilitating, or Irrelevant?","narrative","Permits research connected to generic-drug approval before patent expiration.","","PC-0037"
"UKC-08-014","Scripps research program in Merck v. Integra","","scientific research program","example","operating at book date","239-242","8","How to Build a Commons: Is Intellectual Property Constrictive, Facilitating, or Irrelevant?","narrative","Cancer-research work used to test the boundaries of experimental use.","","PC-0289"
"UKC-08-015","MGM v. Grokster","","legal case shaping digital infrastructure","enabler","completed litigation","235-238, 243","8","How to Build a Commons: Is Intellectual Property Constrictive, Facilitating, or Irrelevant?","narrative","Supreme Court case governing liability for file-sharing technologies.","","PC-0190"
"UKC-08-016","Merck v. Integra","","legal case shaping science infrastructure","enabler","completed litigation","214, 239-242","8","How to Build a Commons: Is Intellectual Property Constrictive, Facilitating, or Irrelevant?","narrative","Patent case defining experimental use in pharmaceutical research.","","PC-0189"
"UKC-09-001","Prince George's Information Commons","","civic information commons","direct","operating at book date","249, 254-255, 264, 268-269","9","Collective Action, Civic Engagement, and the Knowledge Commons","narrative","Youth-centered associational commons producing public local research and digital artifacts.","","PC-0254"
"UKC-09-002","Prince George's geography-and-obesity mapping project","","civic research and mapping project","direct","operating at book date","248-249","9","Collective Action, Civic Engagement, and the Knowledge Commons","narrative","Youth-led field data, analytical maps, and public website on geography and health.","","PC-0253"
"UKC-09-003","Prince George's school-desegregation deliberative website","","civic history and deliberation project","direct","operating at book date","249","9","Collective Action, Civic Engagement, and the Knowledge Commons","narrative","Youth oral-history and deliberation website about school desegregation.","","PC-0255"
"UKC-09-004","Prince George's community-assets mapping project","","civic mapping project","direct","operating at book date","249","9","Collective Action, Civic Engagement, and the Knowledge Commons","narrative","Resident interviews and public maps documenting community assets.","","PC-0252"
"UKC-09-005","St. Paul Information Commons","","civic information commons","direct","operating at book date","249","9","Collective Action, Civic Engagement, and the Knowledge Commons","narrative","University of Minnesota-connected partner to the Prince George's commons.","","PC-0300"
"UKC-09-006","Google search engine","","search commons","example","operating at book date","252-253","9","Collective Action, Civic Engagement, and the Knowledge Commons","narrative","Corporate search service treated as a commons while access remained unpriced.","","PC-0133"
"UKC-09-007","Amazon one-click purchasing method","","proprietary business-method system","analogy","operating at book date","252","9","Collective Action, Civic Engagement, and the Knowledge Commons","narrative","Enclosure example showing patented reuse restrictions.","","PC-0003"
"UKC-09-008","Pew Internet and American Life Project","","internet research project","enabler","operating at book date","258, 264, 272, 274","9","Collective Action, Civic Engagement, and the Knowledge Commons","narrative","Produces evidence on online content creation and community participation.","","PC-0245"
"UKC-09-009","San Diego Dialogue","","university-community research initiative","direct","operating at book date","262","9","Collective Action, Civic Engagement, and the Knowledge Commons","narrative","UC San Diego-supported initiative producing sophisticated local policy research.","http://www.sandiegodialogue.org","PC-0276"
"UKC-09-010","Engaged University Initiative","","university civic-engagement initiative","direct","operating at book date","268","9","Collective Action, Civic Engagement, and the Knowledge Commons","note","Democracy Collaborative initiative under which Prince George's projects operated.","","PC-0107"
"UKC-09-011","Democracy Collaborative","","civic research and action organization","enabler","operating at book date","268-269","9","Collective Action, Civic Engagement, and the Knowledge Commons","note","Organizational home for the Engaged University Initiative and electronic-commons work.","http://www.democracycollaborative.org/publications/reports/","PC-0078"
"UKC-09-012","National Geographic Education Foundation","","foundation and funder","enabler","operating at book date","268","9","Collective Action, Civic Engagement, and the Knowledge Commons","note","Funded the Prince George's geography-and-obesity project.","","PC-0201"
"UKC-09-013","CIRCLE","Center for Information and Research on Civic Learning and Engagement","civic research center","enabler","operating at book date","268, 272, 275","9","Collective Action, Civic Engagement, and the Knowledge Commons","note","Civic-learning research center connected to project leadership and civic-health data.","http://www.civicyouth.org","PC-0050"
"UKC-09-014","Earth Force","","youth environmental research program","direct","operating at book date","269","9","Collective Action, Civic Engagement, and the Knowledge Commons","note","Program involving students in environmental research and political action.","http://www.earthforce.org/resources.cfm","PC-0092"
"UKC-09-015","Civic Extension for the Information Age","","civic knowledge strategy","enabler","operating at book date","269-270","9","Collective Action, Civic Engagement, and the Knowledge Commons","note","White-paper strategy for university-supported public knowledge infrastructure.","http://www.si.umich.edu/~presnick/papers/civicextension/","PC-0053"
"UKC-09-016","Child Trends Databank","","social-data resource","enabler","operating at book date","271","9","Collective Action, Civic Engagement, and the Knowledge Commons","note","Online databank used for youth civic and religious-participation evidence.","http://www.childtrendsdatabank.org/","PC-0049"
"UKC-09-017","American National Election Study","","public opinion dataset","enabler","operating at book date","271","9","Collective Action, Civic Engagement, and the Knowledge Commons","note","Longitudinal election data used to assess youth attention to public affairs.","","PC-0012"
"UKC-09-018","Monitoring the Future","","longitudinal youth survey","enabler","operating at book date","271","9","Collective Action, Civic Engagement, and the Knowledge Commons","note","Youth trend dataset used for trust, association, and participation evidence.","","PC-0193"
"UKC-09-019","National Education Longitudinal Study","NELS","education dataset","enabler","operating at book date","258","9","Collective Action, Civic Engagement, and the Knowledge Commons","narrative","National dataset used to analyze youth digital participation and inequality.","","PC-0200"
"UKC-09-020","National Assessment of Educational Progress","NAEP","education assessment dataset","enabler","operating at book date","272","9","Collective Action, Civic Engagement, and the Knowledge Commons","note","National mathematics assessment used to compare forms of classroom computer use.","","PC-0198"
"UKC-09-021","Wingspread Declaration on the Civic Responsibilities of Research Universities","","civic-university declaration","enabler","completed declaration","272","9","Collective Action, Civic Engagement, and the Knowledge Commons","note","Declaration defining universities' civic responsibilities.","http://www.compact.org/civic/Wingspread/Wingspread.html","PC-0335"
"UKC-09-022","Campus Compact","","civic-university network","enabler","operating at book date","272","9","Collective Action, Civic Engagement, and the Knowledge Commons","note","Network hosting the Wingspread Declaration.","","PC-0042"
"UKC-09-023","Higher Education: Civic Mission and Civic Effects","","civic higher-education project","enabler","operating at book date","272","9","Collective Action, Civic Engagement, and the Knowledge Commons","note","Carnegie Foundation and CIRCLE initiative on higher education's civic role.","http://www.civicyouth.org/research/areas/higher_ed.htm","PC-0139"
"UKC-09-024","Workshop in Political Theory and Policy Analysis","","research center","enabler","operating at book date","268-269, 273","9","Collective Action, Civic Engagement, and the Knowledge Commons","narrative","Commons-research center supporting the chapter and field-based institutional research.","","PC-0337"
"UKC-09-025","Center for the Study of Institutions, Population, and Environmental Change","CIPEC","research center","enabler","operating at book date","273","9","Collective Action, Civic Engagement, and the Knowledge Commons","note","Research center producing field-based commons datasets.","","PC-0047"
"UKC-09-026","Database of 127 common-pool irrigation systems in Nepal","","commons research database","direct","operating at book date","273","9","Collective Action, Civic Engagement, and the Knowledge Commons","note","Comparative dataset of self-governing irrigation systems.","","PC-0072"
"UKC-09-027","Center for Democracy and Citizenship","","civic research center","enabler","operating at book date","274","9","Collective Action, Civic Engagement, and the Knowledge Commons","note","University of Minnesota center supporting public-work theory and practice.","","PC-0044"
"UKC-09-028","Asset-Based Community Development Institute","ABCD Institute","community-development institute","enabler","operating at book date","274","9","Collective Action, Civic Engagement, and the Knowledge Commons","note","Northwestern institute developing asset-based local community methods.","","PC-0023"
"UKC-09-029","Online Communities Survey","","internet-community dataset","enabler","operating at book date","274","9","Collective Action, Civic Engagement, and the Knowledge Commons","note","Pew survey measuring local and national online group participation.","http://www.pewinternet.org","PC-0222"
"UKC-10-001","SourceForge.net","","open-source project hosting platform","direct","operating at book date","278, 287, 308","10","Free/Open-Source Software as a Framework for Establishing Commons in Science","narrative","Hosts FOSS projects and supplies communication and version-control infrastructure.","http://www.sourceforge.net","PC-0297"
"UKC-10-002","Linux","","open-source operating system","direct","operating at book date","278, 284-287, 298","10","Free/Open-Source Software as a Framework for Establishing Commons in Science","narrative","Major FOSS commons and example of modular, governed collaborative production.","","PC-0177"
"UKC-10-003","Apache Web Server","","open-source web server","direct","operating at book date","278, 284","10","Free/Open-Source Software as a Framework for Establishing Commons in Science","narrative","Major successful FOSS project.","","PC-0016"
"UKC-10-004","PHP","Php","open-source programming language","direct","operating at book date","278-279","10","Free/Open-Source Software as a Framework for Establishing Commons in Science","narrative","Successful FOSS scripting-language project.","","PC-0248"
"UKC-10-005","MySQL","","open-source database software","direct","operating at book date","278-279","10","Free/Open-Source Software as a Framework for Establishing Commons in Science","narrative","Successful FOSS relational-database project.","","PC-0195"
"UKC-10-006","Firefox","","open-source web browser","direct","operating at book date","278-279","10","Free/Open-Source Software as a Framework for Establishing Commons in Science","narrative","Successful FOSS browser project.","","PC-0118"
"UKC-10-007","OpenOffice","","open-source office suite","direct","operating at book date","279, 286","10","Free/Open-Source Software as a Framework for Establishing Commons in Science","narrative","Successful enterprise FOSS office-suite project.","","PC-0239"
"UKC-10-008","GNU Project","","free-software operating-system project","direct","operating at book date","281-282","10","Free/Open-Source Software as a Framework for Establishing Commons in Science","narrative","Stallman's operating-system project that initiated the Free/Libre software movement.","","PC-0128"
"UKC-10-009","GNU General Public License","GPL","open-source software license","enabler","operating at book date","282-283, 295, 305","10","Free/Open-Source Software as a Framework for Establishing Commons in Science","narrative","Copyleft license preserving use, modification, distribution, and derivative-work freedoms.","http://www.fsf.org/copyleft/gpl.html","PC-0127"
"UKC-10-010","Free Software Foundation","FSF","free-software organization","enabler","operating at book date","282-285, 305","10","Free/Open-Source Software as a Framework for Establishing Commons in Science","narrative","Institutional advocate and steward for GNU and software freedom.","http://www.gnu.org/","PC-0123"
"UKC-10-011","Open Source Initiative","OSI","open-source standards organization","enabler","operating at book date","282-283","10","Free/Open-Source Software as a Framework for Establishing Commons in Science","narrative","Certifies licenses against the Open Source Definition.","http://www.opensource.org","PC-0236"
"UKC-10-012","Open Source Definition","OSD","open-source licensing standard","enabler","operating at book date","282-283","10","Free/Open-Source Software as a Framework for Establishing Commons in Science","narrative","Rules determining whether software qualifies for OSI certification.","","PC-0235"
"UKC-10-013","Mozilla","","open-source web-browser project","example","operating at book date","286","10","Free/Open-Source Software as a Framework for Establishing Commons in Science","narrative","Early browser project used to show how tangled code obstructs collaboration.","","PC-0194"
"UKC-10-014","Perl","","open-source programming language","example","operating at book date","287","10","Free/Open-Source Software as a Framework for Establishing Commons in Science","narrative","Successful modular FOSS programming-language project.","","PC-0244"
"UKC-10-015","Concurrent Versioning System","CVS","version-control infrastructure","enabler","operating at book date","287-288","10","Free/Open-Source Software as a Framework for Establishing Commons in Science","narrative","Archives versions, controls submissions, records changes, and operationalizes project rules.","","PC-0062"
"UKC-10-016","UrbanSim","","open-source urban-modeling system","direct","operating at book date","290","10","Free/Open-Source Software as a Framework for Establishing Commons in Science","narrative","Modular Java model for urban land use, transportation, and environmental impacts.","","PC-0327"
"UKC-10-017","GNU Free Documentation License","GFDL","open-content license","enabler","operating at book date","291-293","10","Free/Open-Source Software as a Framework for Establishing Commons in Science","narrative","Copyleft license extending software freedoms to documentation and other text.","http://www.fsf.org/copyleft/fdl.html","PC-0126"
"UKC-10-018","Creative Commons","","open-content licensing organization","enabler","operating at book date","291-295, 302, 304","10","Free/Open-Source Software as a Framework for Establishing Commons in Science","narrative","Modular licenses for sharing music, art, video, text, and educational materials.","http://creativecommons.org","PC-0069"
"UKC-10-019","Science Commons","","open-science project","direct","operating at book date","292, 308","10","Free/Open-Source Software as a Framework for Establishing Commons in Science","narrative","Project for OA publications, standard scientific licenses, and data sharing.","http://science.creativecommons.org/","PC-0284"
"UKC-10-020","FreeBSD","","open-source operating system","direct","operating at book date","298","10","Free/Open-Source Software as a Framework for Establishing Commons in Science","narrative","FOSS project governed by an elected nine-member developer team.","","PC-0124"
"UKC-10-021","Open Journal Systems","OJS","open-source journal-management software","enabler","operating at book date","300, 303, 307","10","Free/Open-Source Software as a Framework for Establishing Commons in Science","narrative","Free journal-management software used to estimate and lower e-journal infrastructure costs.","http://www.pkp.ubc.ca/ojs/","PC-0231"
"UKC-10-022","ESRI Virtual Campus","","online learning platform","analogy","operating at book date","301","10","Free/Open-Source Software as a Framework for Establishing Commons in Science","narrative","Proprietary distance-learning service used as a revenue-model example.","http://campus.esri.com","PC-0113"
"UKC-10-023","Drupal","","open-source content-management system","enabler","operating at book date","301","10","Free/Open-Source Software as a Framework for Establishing Commons in Science","narrative","FOSS content-management scaffolding for open-content collaboration.","","PC-0089"
"UKC-10-024","DSpace","","open-source repository software","enabler","operating at book date","301","10","Free/Open-Source Software as a Framework for Establishing Commons in Science","narrative","FOSS repository scaffolding for open-content collaboration.","","PC-0090"
"UKC-10-025","OpenSourceCMS.com","","open-source software directory and demonstration site","enabler","operating at book date","301","10","Free/Open-Source Software as a Framework for Establishing Commons in Science","narrative","Discovery source for open-source content-management packages.","http://opensourcecms.com","PC-0240"
"UKC-10-026","Public Knowledge Project","","open-publishing infrastructure project","direct","operating at book date","303","10","Free/Open-Source Software as a Framework for Establishing Commons in Science","note","Project cataloging and developing open-source e-journal management software.","http://pkp.ubc.ca/ojs/other_OJS.html","PC-0262"
"UKC-10-027","Article System","","open-source journal-management software","enabler","operating at book date","303","10","Free/Open-Source Software as a Framework for Establishing Commons in Science","note","Open-source system for managing e-journal publication.","http://artsys.sourceforge.net/","PC-0019"
"UKC-10-028","efirst XML","","open-source journal-management software","enabler","operating at book date","303","10","Free/Open-Source Software as a Framework for Establishing Commons in Science","note","XML-based open-source e-journal infrastructure.","http://www.openly.com/efirst/","PC-0103"
"UKC-10-029","Zope","","open-source application and portal platform","enabler","operating at book date","303","10","Free/Open-Source Software as a Framework for Establishing Commons in Science","note","Open-source platform for content-management systems and Internet portals.","http://zope.org","PC-0346"
"UKC-10-030","Open-source development of land-use/land-cover change models workshop","","open-science workshop","direct","completed workshop","303","10","Free/Open-Source Software as a Framework for Establishing Commons in Science","note","Workshop testing open-source collaboration for land-use and land-cover models.","http://www.lulc.org/bcworkshop_2003/os_lulc_workshop_report_2003.pdf","PC-0238"
"UKC-10-031","NSF Biocomplexity Program","","science funding program","enabler","operating at book date","303","10","Free/Open-Source Software as a Framework for Establishing Commons in Science","note","Sponsored the land-use and land-cover open-source workshop.","","PC-0214"
"UKC-10-032","USDA Forest Service Burlington Laboratory","","research laboratory","enabler","operating at book date","303","10","Free/Open-Source Software as a Framework for Establishing Commons in Science","note","Supported the land-use commons work discussed in the chapter.","","PC-0328"
"UKC-10-033","USDA Forest Service Southern and Northern Global Change Programs","","science programs","enabler","operating at book date","303","10","Free/Open-Source Software as a Framework for Establishing Commons in Science","note","Supported research underlying the chapter's open-science model.","","PC-0329"
"UKC-10-034","Massachusetts Agriculture Experiment Station project MAS00847","","research project","enabler","operating at book date","303","10","Free/Open-Source Software as a Framework for Establishing Commons in Science","note","Supported research underlying the chapter's open-science model.","","PC-0183"
"UKC-10-035","Open Source/Content Landcover Change Modeling Effort","","open-science modeling project","direct","operating at book date","308","10","Free/Open-Source Software as a Framework for Establishing Commons in Science","reference","Named effort applying open-source and open-content methods to land-cover models.","http://www.lulc.org/bcworkshop_2003/os_lulc_workshop_report_2003.pdf","PC-0237"
"UKC-11-001","Open Knowledge Initiative","OKI","open learning-technology initiative","direct","operating at book date","315","11","Scholarly Communication and Libraries Unbound: The Opportunity of the Commons","narrative","Shared learning technologies outside formal commercial distribution.","","PC-0232"
"UKC-11-002","Open Archives Initiative","OAI","repository interoperability initiative","direct","operating at book date","315","11","Scholarly Communication and Libraries Unbound: The Opportunity of the Commons","narrative","Community response to constraints of commercial journal publishing.","","PC-0227"
"UKC-11-003","RePEc","","disciplinary research repository network","direct","operating at book date","316, 330","11","Scholarly Communication and Libraries Unbound: The Opportunity of the Commons","narrative","Economics working-paper and research discovery network.","http://www.repec.org/","PC-0270"
"UKC-11-004","Social Science Research Network","SSRN","disciplinary research repository network","direct","operating at book date","316","11","Scholarly Communication and Libraries Unbound: The Opportunity of the Commons","narrative","Aggregates working papers and published articles across social-science disciplines.","","PC-0294"
"UKC-11-005","Living Reviews","","dynamic peer-reviewed journal model","direct","operating at book date","316","11","Scholarly Communication and Libraries Unbound: The Opportunity of the Commons","narrative","Max Planck online-only publication supporting continual author revision.","","PC-0178"
"UKC-11-006","Max Planck Institute","","research institute and publishing steward","enabler","operating at book date","316","11","Scholarly Communication and Libraries Unbound: The Opportunity of the Commons","narrative","Created and maintains the Living Reviews dynamic-publication model.","","PC-0184"
"UKC-11-007","Into the Blogosphere","","scholarly blog collection","direct","operating at book date","316, 330","11","Scholarly Communication and Libraries Unbound: The Opportunity of the Commons","narrative","Example of cumulating scholarly commentary in blog form.","http://blog.lib.umn.edu/blogosphere/","PC-0156"
"UKC-11-008","Signal Transduction Knowledge Environment","STKE","compound scholarly knowledge environment","direct","operating at book date","317, 330","11","Scholarly Communication and Libraries Unbound: The Opportunity of the Commons","narrative","AAAS environment combining journal, alerts, dialogue, and analytic tools.","http://stke.sciencemag.org/","PC-0292"
"UKC-11-009","American Association for the Advancement of Science","AAAS","scientific association and publishing steward","enabler","operating at book date","317","11","Scholarly Communication and Libraries Unbound: The Opportunity of the Commons","narrative","Publishes and governs the Signal Transduction Knowledge Environment.","","PC-0007"
"UKC-11-010","The Valley of the Shadow","","digital history library","direct","operating at book date","317","11","Scholarly Communication and Libraries Unbound: The Opportunity of the Commons","narrative","Civil War primary-source and tool environment resembling a library more than a monograph.","","PC-0307"
"UKC-11-011","University of Virginia","","university and digital-project steward","enabler","operating at book date","317, 326","11","Scholarly Communication and Libraries Unbound: The Opportunity of the Commons","narrative","Hosts The Valley of the Shadow and library-centered disciplinary information communities.","","PC-0324"
"UKC-11-012","arXiv","","disciplinary e-print archive","direct","operating at book date","317-318","11","Scholarly Communication and Libraries Unbound: The Opportunity of the Commons","narrative","Physics e-print environment shaped by disciplinary norms and central leadership.","","PC-0022"
"UKC-11-013","H-Net","","scholarly discussion network","direct","operating at book date","320","11","Scholarly Communication and Libraries Unbound: The Opportunity of the Commons","narrative","History network offering dialogue and disciplinary community recognition.","","PC-0137"
"UKC-11-014","Scholarly Publishing and Academic Resources Coalition","SPARC","scholarly-communication coalition","enabler","operating at book date","320","11","Scholarly Communication and Libraries Unbound: The Opportunity of the Commons","narrative","Organization used as an example of institutions stimulating change.","","PC-0278"
"UKC-11-015","DSpace","","institutional repository software","direct","operating at book date","322","11","Scholarly Communication and Libraries Unbound: The Opportunity of the Commons","narrative","Library repository service extending stewardship earlier in scholarly communication.","","PC-0090"
"UKC-11-016","California Digital Library","","digital library system","direct","operating at book date","322","11","Scholarly Communication and Libraries Unbound: The Opportunity of the Commons","narrative","Institutional digital-library and repository service.","","PC-0040"
"UKC-11-017","HighWire Press","","library-based scholarly publishing service","direct","operating at book date","322","11","Scholarly Communication and Libraries Unbound: The Opportunity of the Commons","narrative","Stanford service distributing society publications.","","PC-0140"
"UKC-11-018","Scholarly Publishing Office","University of Michigan Scholarly Publishing Office","library publishing service","direct","operating at book date","322","11","Scholarly Communication and Libraries Unbound: The Opportunity of the Commons","narrative","University of Michigan service providing tools and production support.","","PC-0279"
"UKC-11-019","Digital Consulting and Production Services","Cornell Digital Consulting and Production Services","library digital-production service","direct","operating at book date","322","11","Scholarly Communication and Libraries Unbound: The Opportunity of the Commons","narrative","Cornell service bureau supplying digital production expertise and tools.","","PC-0080"
"UKC-11-020","ACLS History E-Book project","","digital-book project","direct","operating at book date","322","11","Scholarly Communication and Libraries Unbound: The Opportunity of the Commons","narrative","History e-book production project supported by Michigan's library publishing service.","","PC-0001"
"UKC-11-021","Project Euclid","","disciplinary publishing platform","direct","operating at book date","322","11","Scholarly Communication and Libraries Unbound: The Opportunity of the Commons","narrative","Cornell-publisher partnership for interoperable mathematics and statistics publication.","","PC-0256"
"UKC-11-022","Digital Library Federation Aquifer project","Aquifer Project | DLF Aquifer","federated digital-library project","direct","operating at book date","324-325, 330","11","Scholarly Communication and Libraries Unbound: The Opportunity of the Commons","narrative","Develops protocols and rules for repurposing rich digital masters across institutions.","http://www.diglib.org/aquifer/","PC-0082"
"UKC-11-023","W3C Semantic Web","","semantic interoperability infrastructure","enabler","operating at book date","324","11","Scholarly Communication and Libraries Unbound: The Opportunity of the Commons","narrative","Metadata and relationship framework enabling cross-resource discovery and collaboration.","","PC-0331"
"UKC-11-024","University of Virginia American Studies information community","","disciplinary information community","direct","operating at book date","326","11","Scholarly Communication and Libraries Unbound: The Opportunity of the Commons","narrative","Library-centered community integrating resources, tools, events, and participant projects.","","PC-0325"
"UKC-11-025","University of Virginia Tibetan and Himalayan information community","","disciplinary information community","direct","operating at book date","326","11","Scholarly Communication and Libraries Unbound: The Opportunity of the Commons","narrative","Library-centered community integrating resources, tools, events, and participant projects.","","PC-0326"
"UKC-11-026","Space Physics and Aeronomy Research Collaboratory","SPARC","scientific collaboratory","direct","operating at book date","326-327, 330","11","Scholarly Communication and Libraries Unbound: The Opportunity of the Commons","narrative","Online atmospheric-science environment controlling instruments, analyzing data, and archiving research.","http://www.windows.ucar.edu/sparc/","PC-0298"
"UKC-11-027","UCSB Campus Informatics","","campus research-informatics initiative","direct","operating at book date","328, 330","11","Scholarly Communication and Libraries Unbound: The Opportunity of the Commons","narrative","Investigates research needs and behavior to design data-intensive services and archives.","http://www.cni.org/tfms/2004a.spring/abstracts/PB-ucsb-pritchard.html","PC-0313"
"UKC-11-028","Andrew W. Mellon Foundation","","foundation and funder","enabler","operating at book date","328","11","Scholarly Communication and Libraries Unbound: The Opportunity of the Commons","narrative","Sponsored scholarly-communication institutes and campus research-behavior projects.","","PC-0013"
"UKC-11-029","University of Minnesota Libraries research-behavior project","","library research project","direct","newly funded at book date","328, 330","11","Scholarly Communication and Libraries Unbound: The Opportunity of the Commons","narrative","Assesses disciplinary research behavior to integrate expertise, technology, content, and facilities.","http://www.lib.umn.edu/about/mellon/","PC-0322"
"UKC-11-030","Digital Library Federation","DLF","digital-library federation","enabler","operating at book date","324, 329","11","Scholarly Communication and Libraries Unbound: The Opportunity of the Commons","narrative","Coordinates digital-library capacity, partnerships, and federated governance.","","PC-0081"
"UKC-11-031","OCLC Environmental Scan","","library environmental-scan project","enabler","operating at book date","329","11","Scholarly Communication and Libraries Unbound: The Opportunity of the Commons","narrative","Sector scan prompting cross-organizational rethinking of structured information access.","","PC-0220"
"UKC-11-032","NSF Digital Library Initiatives","","digital-library research program","enabler","operating at book date","330","11","Scholarly Communication and Libraries Unbound: The Opportunity of the Commons","note","Funded digital-library testbeds that moved toward operational settings.","","PC-0215"
"UKC-11-033","American Council of Learned Societies digital-resource pilots","ACLS","scholarly digital-resource program","enabler","operating at book date","319","11","Scholarly Communication and Libraries Unbound: The Opportunity of the Commons","narrative","Pilot efforts to validate and organize humanities digital resources.","","PC-0008"
"UKC-12-001","EconPort","","open-access digital library and virtual laboratory","direct","operating at book date","333-347","12","EconPort: Creating and Maintaining a Knowledge Commons","narrative","Microeconomics portal, archive, repository, handbook, glossary, and online experiment laboratory.","http://www.econport.org","PC-0094"
"UKC-12-002","Economic Science Laboratory","ESL","experimental economics laboratory","enabler","operating at book date","333, 335, 337, 341-346","12","EconPort: Creating and Maintaining a Knowledge Commons","narrative","Created EconPort's economics content and software and supplied its sustainability base.","http://www.econlab.arizona.edu","PC-0093"
"UKC-12-003","Artificial Intelligence Lab","AI Lab","information-technology laboratory","enabler","operating at book date","333, 341-344","12","EconPort: Creating and Maintaining a Knowledge Commons","narrative","Built EconPort's OAI-compliant active-object digital-library infrastructure.","http://www.ailab.arizona.edu","PC-0020"
"UKC-12-004","National Science Digital Library","NSDL","collaborative science digital library","enabler","operating at book date","333-334, 338, 340, 342, 345","12","EconPort: Creating and Maintaining a Knowledge Commons","narrative","NSF initiative funding EconPort and harvesting its OAI metadata.","http://www.nsdl.org","PC-0207"
"UKC-12-005","National Science Foundation digital library initiative","NSF digital library initiative","digital-library funding program","enabler","operating at book date","333-334","12","EconPort: Creating and Maintaining a Knowledge Commons","narrative","Federal program funding the creation of EconPort.","","PC-0209"
"UKC-12-006","Arizona Proposition 301","","public education funding initiative","enabler","enacted public initiative","333-334","12","EconPort: Creating and Maintaining a Knowledge Commons","narrative","Voter-approved tax funding technology education and EconPort's institutional conditions.","","PC-0018"
"UKC-12-007","Open Archives Initiative metadata protocol","OAI","repository interoperability protocol","enabler","operating at book date","338, 342, 345","12","EconPort: Creating and Maintaining a Knowledge Commons","narrative","Makes EconPort harvestable as an NSDL component.","","PC-0228"
"UKC-12-008","EconPort Applications Program Interface","EconPort API","software integration infrastructure","enabler","operating at book date","338, 344","12","EconPort: Creating and Maintaining a Knowledge Commons","narrative","Allows external experiment software to connect regardless of programming language.","","PC-0095"
"UKC-12-009","Econterms","","economics glossary","direct","operating at book date","340, 344","12","EconPort: Creating and Maintaining a Knowledge Commons","narrative","Externally created glossary of more than 1,300 economics terms integrated into EconPort.","","PC-0101"
"UKC-12-010","Experimental Economics Glossary","","economics glossary","direct","operating at book date","340, 344","12","EconPort: Creating and Maintaining a Knowledge Commons","narrative","University of Mannheim glossary integrated into EconPort.","","PC-0116"
"UKC-12-011","University of Mannheim Experimental Economics Laboratory","","experimental economics laboratory","enabler","operating at book date","340","12","EconPort: Creating and Maintaining a Knowledge Commons","narrative","Created the Experimental Economics Glossary used by EconPort.","","PC-0320"
"UKC-12-012","EconPort searchable portal","","discovery portal","direct","operating at book date","340, 345","12","EconPort: Creating and Maintaining a Knowledge Commons","narrative","Searches and classifies internal and external economics resources.","","PC-0100"
"UKC-12-013","EconPort Handbook","","open educational handbook","direct","operating at book date","340","12","EconPort: Creating and Maintaining a Knowledge Commons","narrative","Organizes concepts, research, readings, experiments, and related online resources.","","PC-0097"
"UKC-12-014","EconPort online experimental economics laboratory","","virtual laboratory","direct","operating at book date","336, 338-339","12","EconPort: Creating and Maintaining a Knowledge Commons","narrative","Runs multiuser market and game experiments over the Internet.","","PC-0099"
"UKC-12-015","Java","","open software runtime and programming language","enabler","operating at book date","339","12","EconPort: Creating and Maintaining a Knowledge Commons","narrative","Provides cross-platform support for EconPort experiments without custom client or server installation.","","PC-0160"
"UKC-12-016","EconPort experiment-data archive","","research and teaching data archive","direct","operating at book date","339","12","EconPort: Creating and Maintaining a Knowledge Commons","narrative","Archives teaching and research experiment data for registered users.","","PC-0096"
"UKC-12-017","Yahoo OAI harvesting","","search indexing infrastructure","enabler","operating at book date","345","12","EconPort: Creating and Maintaining a Knowledge Commons","narrative","Harvests and repackages EconPort's OAI-compliant classification metadata.","","PC-0343"
"UKC-12-018","EconPort national dissemination workshops","","teaching dissemination program","direct","planned and funded at book date","345","12","EconPort: Creating and Maintaining a Knowledge Commons","narrative","NSF-funded faculty workshops teaching use of EconPort educational resources.","","PC-0098"
"UKC-12-019","Experimental Economics Center at AYSPS","ExCEN","research center","enabler","operating at book date","346-347","12","EconPort: Creating and Maintaining a Knowledge Commons","narrative","New institutional home intended to sustain EconPort.","http://excen.gsu.edu","PC-0115"
